CncComponentType,1001,ObjectType
CncChannelType,1002,ObjectType
CncDriveType,1003,ObjectType
CncAxisType,1004,ObjectType
CncSpindleType,1005,ObjectType
CncAlarmType,1006,ObjectType
CncInterfaceType,1007,ObjectType
CncAxisListType,1008,ObjectType
CncSpindleListType,1009,ObjectType
CncChannelListType,1010,ObjectType
CncMessageType,1011,ObjectType
CncPositionVariableType,2001,VariableType
CncSpindleTurnDirection,3001,DataType
CncChannelProgStatus,3002,DataType
CncChannelStatus,3003,DataType
CncAxisStatus,3004,DataType
CncSpindleStatus,3005,DataType
CncOperationMode,3006,DataType
CncPositionDataType,3007,DataType
CncPositionDataType_Encoding_DefaultBinary,5001,Object
CncSpindleListType_S_CncSpindle_,5002,Object
CncChannelListType_S_CncChannel_,5003,Object
Axes,5004,Object
Spindles,5005,Object
Channels,5006,Object
CncPositionDataType_Encoding_DefaultXml,5007,Object
test,5008,Object
test_CncAxisList,5009,Object
test_CncChannelList,5010,Object
X,5011,Object
Y,5012,Object
Z,5013,Object
X2,5014,Object
Y2,5015,Object
test_CncSpindleList,5016,Object
CncAxisListType_S_CncAxis_,5019,Object
Channel_1_X,5020,Object
Y,5021,Object
Z,5022,Object
Channel_1,5023,Object
Channel_2,5024,Object
Q,5025,Object
CncInterfaceType_CncAxisList,5026,Object
CncInterfaceType_CncSpindleList,5027,Object
CncInterfaceType_CncChannelList,5028,Object
CncChannelType_S_CncAxis_,5029,Object
CncChannelType_S_CncSpindle_,5030,Object
X,5032,Object
CncChannelType_ActOverride,6001,Variable
CncChannelType_ActOverride_EURange,6002,Variable
CncChannelType_CmdOverride,6003,Variable
CncChannelType_CmdOverride_EURange,6004,Variable
CncChannelType_ActFeedrate,6005,Variable
CncChannelType_ActFeedrate_EURange,6006,Variable
CncChannelType_CmdFeedrate,6007,Variable
CncChannelType_CmdFeedrate_EURange,6008,Variable
CncChannelType_FeedHold,6009,Variable
CncChannelType_ActFeedrate_EngineeringUnits,6010,Variable
CncChannelType_ActOverride_EngineeringUnits,6011,Variable
CncChannelType_CmdFeedrate_EngineeringUnits,6012,Variable
CncChannelType_CmdOverride_EngineeringUnits,6013,Variable
CncChannelType_DryRunFeed_EngineeringUnits,6014,Variable
CncDriveType_ActLoad_EngineeringUnits,6015,Variable
CncChannelType_Id,6016,Variable
CncChannelListType_S_CncChannel__Id,6017,Variable
CncDriveType_ActPower_EngineeringUnits,6018,Variable
Channel_1_Id,6019,Variable
Channel_2_Id,6020,Variable
CncDriveType_ActTorque_EngineeringUnits,6021,Variable
BinarySchema_CncSystems_BinarySchema,6022,Variable
CncChannelType_ActProgStatus,6023,Variable
CncChannelType_DryRunFeed,6024,Variable
CncChannelType_DryRunFeed_EURange,6025,Variable
CncChannelType_ActJogIncrement,6026,Variable
CncChannelType_ActJogIncrement_EURange,6027,Variable
CncChannelType_ActGFunctions,6028,Variable
CncChannelType_ActModalOffsetFunction,6029,Variable
CncChannelType_ActProgramName,6030,Variable
CncChannelType_ActMainProgramName,6031,Variable
CncChannelType_ActProgramFileOffset,6032,Variable
CncChannelType_ActProgramBlock,6033,Variable
CncChannelType_ActProgramFile,6034,Variable
BinarySchema_CncSystems_BinarySchema_NamespaceUri,6035,Variable
CncDriveType_CmdTorque_EngineeringUnits,6036,Variable
CncChannelType_PosTcpBcsA,6037,Variable
XmlSchema_CncSystems_XmlSchema,6038,Variable
CncAxisType_PosIndirect,6039,Variable
XmlSchema_CncSystems_XmlSchema_NamespaceUri,6040,Variable
CncAxisType_PosDirect,6041,Variable
BinarySchema_CncSystems_BinarySchema_CncPositionDataType,6042,Variable
XmlSchema_CncSystems_XmlSchema_CncPositionDataType,6043,Variable
CncPositionVariableType_CmdPos,6044,Variable
CncSpindleType_ActOverride_EngineeringUnits,6045,Variable
CncPositionVariableType_ActPos,6046,Variable
CncChannelType_ActProgramLine,6047,Variable
CncChannelType_ActStatus,6048,Variable
CncChannelType_BlockMode,6049,Variable
CncPositionVariableType_RemDist,6050,Variable
CncSpindleListType_S_CncSpindle__ActOverride_EngineeringUnits,6051,Variable
CncChannelType_PosTcpBcsA_ActPos,6052,Variable
CncChannelType_PosTcpBcsA_CmdPos,6053,Variable
CncChannelType_PosTcpBcsA_RemDist,6054,Variable
CncChannelType_ActOperationMode,6055,Variable
CncChannelType_ToolId,6056,Variable
CncChannelType_S_CncSpindle__ActOverride_EngineeringUnits,6057,Variable
CncChannelListType_S_CncChannel__PosTcpBcsA,6058,Variable
CncDriveType_ActChannel,6059,Variable
CncDriveType_ActLoad,6060,Variable
CncDriveType_ActLoad_EURange,6061,Variable
CncDriveType_ActPower,6062,Variable
CncDriveType_ActPower_EURange,6063,Variable
CncDriveType_ActTorque,6064,Variable
CncDriveType_ActTorque_EURange,6065,Variable
CncDriveType_CmdTorque,6066,Variable
CncDriveType_CmdTorque_EURange,6067,Variable
CncChannelListType_S_CncChannel__PosTcpBcsA_ActPos,6068,Variable
CncChannelListType_S_CncChannel__PosTcpBcsA_CmdPos,6069,Variable
CncChannelListType_S_CncChannel__PosTcpBcsA_RemDist,6070,Variable
Channel_1_PosTcpBcsA,6071,Variable
CncSpindleType_AnglePos,6072,Variable
CncSpindleType_AnglePos_ActPos,6073,Variable
CncSpindleType_AnglePos_CmdPos,6074,Variable
test_VendorName,6075,Variable
CncSpindleListType_S_CncSpindle__ActGear,6076,Variable
CncSpindleListType_S_CncSpindle__ActSpeed,6077,Variable
CncSpindleListType_S_CncSpindle__ActSpeed_EngineeringUnits,6078,Variable
CncSpindleListType_S_CncSpindle__ActSpeed_EURange,6079,Variable
Channel_1_PosTcpBcsA_ActPos,6080,Variable
CncSpindleListType_S_CncSpindle__ActStatus,6081,Variable
CncSpindleListType_S_CncSpindle__ActTurnDirection,6082,Variable
CncSpindleType_AnglePos_EngineeringUnits,6083,Variable
CncSpindleType_AnglePos_EURange,6084,Variable
CncSpindleType_AnglePos_RemDist,6085,Variable
CncAxisType_PosIndirect_ActPos,6086,Variable
CncAxisType_PosIndirect_CmdPos,6087,Variable
CncAxisType_PosDirect_ActPos,6088,Variable
CncAxisType_PosDirect_CmdPos,6089,Variable
Channel_1_PosTcpBcsA_CmdPos,6090,Variable
CncSpindleListType_S_CncSpindle__CmdGear,6091,Variable
CncInterfaceType_CncTypeName,6092,Variable
test_VendorRevision,6093,Variable
test_Version,6094,Variable
CncSpindleListType_S_CncSpindle__CmdSpeed,6096,Variable
CncSpindleListType_S_CncSpindle__CmdSpeed_EngineeringUnits,6097,Variable
CncAxisType_ZeroOffset,6100,Variable
CncAxisType_ZeroOffset_EURange,6101,Variable
CncAxisType_ActStatus,6102,Variable
CncSpindleListType_S_CncSpindle__CmdSpeed_EURange,6103,Variable
CncSpindleListType_S_CncSpindle__ActChannel,6104,Variable
CncSpindleListType_S_CncSpindle__ActLoad,6105,Variable
CncSpindleListType_S_CncSpindle__ActLoad_EngineeringUnits,6106,Variable
CncSpindleListType_S_CncSpindle__ActLoad_EURange,6107,Variable
CncSpindleListType_S_CncSpindle__ActPower,6108,Variable
CncSpindleListType_S_CncSpindle__ActPower_EngineeringUnits,6109,Variable
CncSpindleListType_S_CncSpindle__ActPower_EURange,6110,Variable
CncSpindleListType_S_CncSpindle__ActTorque,6111,Variable
CncSpindleListType_S_CncSpindle__ActTorque_EngineeringUnits,6112,Variable
CncSpindleListType_S_CncSpindle__ActTorque_EURange,6113,Variable
CncSpindleListType_S_CncSpindle__CmdTorque,6114,Variable
CncSpindleListType_S_CncSpindle__CmdTorque_EngineeringUnits,6115,Variable
CncSpindleListType_S_CncSpindle__CmdTorque_EURange,6116,Variable
CncSpindleListType_S_CncSpindle__IsInactive,6117,Variable
CncSpindleListType_S_CncSpindle__IsVirtual,6118,Variable
CncChannelListType_S_CncChannel__ActFeedrate,6119,Variable
CncSpindleType_ActSpeed,6120,Variable
CncSpindleType_ActSpeed_EURange,6121,Variable
CncSpindleType_CmdSpeed,6122,Variable
CncSpindleType_CmdSpeed_EURange,6123,Variable
CncSpindleListType_S_CncSpindle__AnglePos,6124,Variable
CncSpindleListType_S_CncSpindle__AnglePos_ActPos,6125,Variable
CncSpindleListType_S_CncSpindle__AnglePos_CmdPos,6126,Variable
CncSpindleListType_S_CncSpindle__AnglePos_EngineeringUnits,6127,Variable
CncSpindleType_ActGear,6128,Variable
CncChannelListType_S_CncChannel__ActFeedrate_EngineeringUnits,6129,Variable
CncSpindleType_CmdGear,6130,Variable
CncChannelListType_S_CncChannel__ActFeedrate_EURange,6131,Variable
CncSpindleType_ActTurnDirection,6132,Variable
CncChannelListType_S_CncChannel__ActProgramName,6133,Variable
CncSpindleType_ActStatus,6135,Variable
Channel_1_PosTcpBcsA_RemDist,6136,Variable
CncChannelListType_S_CncChannel__ActProgramFileOffset,6137,Variable
CncChannelListType_S_CncChannel__ActGFunctions,6138,Variable
CncChannelListType_S_CncChannel__ActJogIncrement,6139,Variable
CncChannelType_PosTcpWcsX,6140,Variable
Channel_2_PosTcpBcsA,6141,Variable
CncChannelListType_S_CncChannel__ActJogIncrement_EngineeringUnits,6142,Variable
Channel_2_PosTcpBcsA_ActPos,6143,Variable
Q_CmdGear,6144,Variable
CncChannelListType_S_CncChannel__ActJogIncrement_EURange,6145,Variable
CncSpindleTurnDirection_EnumValues,6146,Variable
Q_ActTurnDirection,6147,Variable
CncChannelListType_S_CncChannel__ActMainProgramName,6148,Variable
CncChannelListType_S_CncChannel__ActMFunctions,6149,Variable
CncChannelListType_S_CncChannel__ActModalOffsetFunction,6150,Variable
CncChannelListType_S_CncChannel__ActOverride,6151,Variable
CncChannelListType_S_CncChannel__ActOverride_EngineeringUnits,6152,Variable
CncChannelListType_S_CncChannel__ActOverride_EURange,6153,Variable
CncAxisType_ZeroOffset_EngineeringUnits,6154,Variable
CncChannelType_ActJogIncrement_EngineeringUnits,6155,Variable
Channel_2_PosTcpBcsA_CmdPos,6156,Variable
CncSpindleListType_S_CncSpindle__AnglePos_EURange,6157,Variable
Channel_2_PosTcpBcsA_RemDist,6158,Variable
CncChannelType_PosTcpBcsB,6159,Variable
CncChannelType_PosTcpWcsX_ActPos,6160,Variable
CncSpindleType_ActSpeed_EngineeringUnits,6161,Variable
CncChannelType_PosTcpBcsB_ActPos,6162,Variable
CncChannelType_PosTcpBcsB_CmdPos,6163,Variable
CncChannelType_PosTcpBcsB_RemDist,6164,Variable
CncSpindleListType_S_CncSpindle__AnglePos_RemDist,6165,Variable
CncChannelType_PosTcpBcsC,6166,Variable
CncChannelType_PosTcpBcsC_ActPos,6167,Variable
CncChannelType_PosTcpBcsX,6168,Variable
CncSpindleType_CmdSpeed_EngineeringUnits,6169,Variable
CncChannelType_PosTcpBcsX_ActPos,6170,Variable
CncChannelType_PosTcpWcsX_CmdPos,6171,Variable
CncChannelType_PosTcpBcsY,6172,Variable
CncChannelType_PosTcpWcsY,6173,Variable
CncChannelType_PosTcpWcsZ,6174,Variable
CncChannelType_PosTcpWcsA,6175,Variable
CncChannelType_PosTcpWcsB,6176,Variable
CncChannelType_ActMFunctions,6177,Variable
CncChannelType_PosTcpBcsC_CmdPos,6178,Variable
Channel_1_ActMFunctions,6179,Variable
Channel_2_ActMFunctions,6180,Variable
CncChannelType_PosTcpBcsY_ActPos,6181,Variable
CncAxisType_IsReferenced,6182,Variable
CncChannelType_PosTcpBcsZ,6183,Variable
CncChannelType_PosTcpBcsC_RemDist,6184,Variable
Channel_1_X_IsReferenced,6185,Variable
Y_IsReferenced,6186,Variable
Z_IsReferenced,6187,Variable
CncChannelType_PosTcpBcsZ_ActPos,6188,Variable
CncDriveType_IsVirtual,6189,Variable
CncChannelType_PosTcpWcsA_ActPos,6190,Variable
CncChannelType_PosTcpWcsA_CmdPos,6191,Variable
CncChannelType_PosTcpBcsX_CmdPos,6192,Variable
CncChannelType_PosTcpBcsX_RemDist,6193,Variable
Channel_1_X_IsVirtual,6194,Variable
Y_IsVirtual,6195,Variable
Z_IsVirtual,6196,Variable
Q_IsVirtual,6197,Variable
CncChannelType_PosTcpWcsB_ActPos,6198,Variable
CncChannelType_PosTcpWcsB_CmdPos,6199,Variable
CncDriveType_IsInactive,6200,Variable
CncChannelType_PosTcpWcsC,6201,Variable
CncChannelType_PosTcpWcsC_ActPos,6202,Variable
CncChannelType_PosTcpBcsY_CmdPos,6203,Variable
CncAxisType_PosIndirect_EngineeringUnits,6204,Variable
Channel_1_X_IsInactive,6205,Variable
Y_IsInactive,6206,Variable
Z_IsInactive,6207,Variable
Q_IsInactive,6208,Variable
CncChannelType_PosTcpWcsX_RemDist,6209,Variable
CncChannelType_PosTcpWcsY_ActPos,6210,Variable
CncAxisType_IsRotational,6211,Variable
CncChannelType_PosTcpWcsY_CmdPos,6212,Variable
CncAxisType_PosIndirect_EURange,6213,Variable
Channel_1_X_IsRotational,6214,Variable
Y_IsRotational,6215,Variable
Z_IsRotational,6216,Variable
CncChannelType_PosTcpWcsY_RemDist,6217,Variable
CncAxisType_PosIndirect_RemDist,6218,Variable
Channel_1_ActProgramStatus,6219,Variable
Channel_2_ActProgramStatus,6220,Variable
CncChannelType_PosTcpWcsZ_ActPos,6221,Variable
CncChannelType_PosTcpWcsZ_CmdPos,6222,Variable
CncChannelStatus_EnumValues,6223,Variable
CncSpindleStatus_EnumValues,6224,Variable
CncChannelProgStatus_EnumValues,6225,Variable
CncAxisType_PosDirect_EngineeringUnits,6226,Variable
CncAxisType_PosDirect_EURange,6227,Variable
CncAxisType_PosDirect_RemDist,6228,Variable
CncChannelType_PosTcpBcsY_RemDist,6229,Variable
CncChannelType_PosTcpBcsZ_CmdPos,6230,Variable
CncChannelType_PosTcpBcsZ_RemDist,6231,Variable
X_ActStatus,6232,Variable
CncChannelType_PosTcpWcsA_RemDist,6239,Variable
CncChannelType_PosTcpWcsB_RemDist,6240,Variable
CncChannelType_PosTcpWcsC_CmdPos,6241,Variable
X_IsReferenced,6245,Variable
X_IsRotational,6246,Variable
X_ZeroOffset,6247,Variable
X_ZeroOffset_EngineeringUnits,6248,Variable
X_ZeroOffset_EURange,6249,Variable
X_ActChannel,6250,Variable
X_ActLoad,6251,Variable
X_ActLoad_EngineeringUnits,6252,Variable
X_ActLoad_EURange,6253,Variable
X_ActPower,6254,Variable
X_ActPower_EngineeringUnits,6255,Variable
X_ActPower_EURange,6256,Variable
X_ActTorque,6257,Variable
X_ActTorque_EngineeringUnits,6258,Variable
X_ActTorque_EURange,6259,Variable
X_CmdTorque,6260,Variable
X_CmdTorque_EngineeringUnits,6261,Variable
X_CmdTorque_EURange,6262,Variable
X_IsInactive,6263,Variable
X_IsVirtual,6264,Variable
X_PosDirect,6265,Variable
X_PosDirect_ActPos,6266,Variable
X_PosDirect_CmdPos,6267,Variable
X_PosDirect_EngineeringUnits,6268,Variable
X_PosDirect_EURange,6269,Variable
X_PosDirect_RemDist,6270,Variable
CncChannelType_PosTcpWcsC_RemDist,6271,Variable
CncChannelType_PosTcpWcsZ_RemDist,6272,Variable
CncChannelListType_S_CncChannel__PosTcpBcsB,6273,Variable
Y_ActStatus,6274,Variable
CncChannelListType_S_CncChannel__ActProgramBlock,6281,Variable
CncChannelListType_S_CncChannel__ActProgramLine,6282,Variable
CncChannelListType_S_CncChannel__ActProgramFile,6283,Variable
Y_IsReferenced,6287,Variable
Y_IsRotational,6288,Variable
Y_ZeroOffset,6289,Variable
Y_ZeroOffset_EngineeringUnits,6290,Variable
Y_ZeroOffset_EURange,6291,Variable
Y_ActChannel,6292,Variable
Y_ActLoad,6293,Variable
Y_ActLoad_EngineeringUnits,6294,Variable
Y_ActLoad_EURange,6295,Variable
Y_ActPower,6296,Variable
Y_ActPower_EngineeringUnits,6297,Variable
Y_ActPower_EURange,6298,Variable
Y_ActTorque,6299,Variable
Y_ActTorque_EngineeringUnits,6300,Variable
Y_ActTorque_EURange,6301,Variable
Y_CmdTorque,6302,Variable
Y_CmdTorque_EngineeringUnits,6303,Variable
Y_CmdTorque_EURange,6304,Variable
Y_IsInactive,6305,Variable
Y_IsVirtual,6306,Variable
X_PosIndirect,6307,Variable
X_PosIndirect_ActPos,6308,Variable
X_PosIndirect_CmdPos,6309,Variable
X_PosIndirect_EngineeringUnits,6310,Variable
X_PosIndirect_EURange,6311,Variable
X_PosIndirect_RemDist,6312,Variable
CncChannelListType_S_CncChannel__PosTcpBcsB_ActPos,6313,Variable
CncChannelListType_S_CncChannel__PosTcpBcsB_CmdPos,6314,Variable
CncChannelListType_S_CncChannel__PosTcpBcsB_RemDist,6315,Variable
Z_ActStatus,6316,Variable
CncChannelListType_S_CncChannel__PosTcpBcsC,6323,Variable
CncChannelListType_S_CncChannel__PosTcpBcsC_ActPos,6324,Variable
CncChannelListType_S_CncChannel__PosTcpBcsC_CmdPos,6325,Variable
Z_IsReferenced,6329,Variable
Z_IsRotational,6330,Variable
Z_ZeroOffset,6331,Variable
Z_ZeroOffset_EngineeringUnits,6332,Variable
Z_ZeroOffset_EURange,6333,Variable
Z_ActChannel,6334,Variable
Z_ActLoad,6335,Variable
Z_ActLoad_EngineeringUnits,6336,Variable
Z_ActLoad_EURange,6337,Variable
Z_ActPower,6338,Variable
Z_ActPower_EngineeringUnits,6339,Variable
Z_ActPower_EURange,6340,Variable
Z_ActTorque,6341,Variable
Z_ActTorque_EngineeringUnits,6342,Variable
Z_ActTorque_EURange,6343,Variable
Z_CmdTorque,6344,Variable
Z_CmdTorque_EngineeringUnits,6345,Variable
Z_CmdTorque_EURange,6346,Variable
Z_IsInactive,6347,Variable
Z_IsVirtual,6348,Variable
Y_PosDirect,6349,Variable
Y_PosDirect_ActPos,6350,Variable
Y_PosDirect_CmdPos,6351,Variable
Y_PosDirect_EngineeringUnits,6352,Variable
Y_PosDirect_EURange,6353,Variable
Y_PosDirect_RemDist,6354,Variable
CncChannelListType_S_CncChannel__PosTcpBcsC_RemDist,6355,Variable
CncChannelListType_S_CncChannel__PosTcpBcsX,6356,Variable
CncChannelListType_S_CncChannel__PosTcpBcsX_ActPos,6357,Variable
X2_ActStatus,6358,Variable
CncChannelListType_S_CncChannel__ActProgramStatus,6365,Variable
CncChannelListType_S_CncChannel__ActStatus,6366,Variable
CncChannelListType_S_CncChannel__BlockMode,6367,Variable
X2_IsReferenced,6371,Variable
X2_IsRotational,6372,Variable
X2_ZeroOffset,6373,Variable
X2_ZeroOffset_EngineeringUnits,6374,Variable
X2_ZeroOffset_EURange,6375,Variable
X2_ActChannel,6376,Variable
X2_ActLoad,6377,Variable
X2_ActLoad_EngineeringUnits,6378,Variable
X2_ActLoad_EURange,6379,Variable
X2_ActPower,6380,Variable
X2_ActPower_EngineeringUnits,6381,Variable
X2_ActPower_EURange,6382,Variable
X2_ActTorque,6383,Variable
X2_ActTorque_EngineeringUnits,6384,Variable
X2_ActTorque_EURange,6385,Variable
X2_CmdTorque,6386,Variable
X2_CmdTorque_EngineeringUnits,6387,Variable
X2_CmdTorque_EURange,6388,Variable
X2_IsInactive,6389,Variable
X2_IsVirtual,6390,Variable
Y_PosIndirect,6391,Variable
Y_PosIndirect_ActPos,6392,Variable
Y_PosIndirect_CmdPos,6393,Variable
Y_PosIndirect_EngineeringUnits,6394,Variable
Y_PosIndirect_EURange,6395,Variable
Y_PosIndirect_RemDist,6396,Variable
CncChannelListType_S_CncChannel__PosTcpBcsX_CmdPos,6397,Variable
CncChannelListType_S_CncChannel__PosTcpBcsX_RemDist,6398,Variable
Z_PosDirect,6399,Variable
Z_PosDirect_ActPos,6400,Variable
Z_PosDirect_CmdPos,6401,Variable
Z_PosDirect_EngineeringUnits,6402,Variable
Z_PosDirect_EURange,6403,Variable
Z_PosDirect_RemDist,6404,Variable
CncChannelListType_S_CncChannel__PosTcpBcsY,6405,Variable
CncChannelListType_S_CncChannel__PosTcpBcsY_ActPos,6406,Variable
CncChannelListType_S_CncChannel__PosTcpBcsY_CmdPos,6407,Variable
Channel_1_X_ActStatus,6408,Variable
CncChannelListType_S_CncChannel__PosTcpBcsY_RemDist,6415,Variable
CncChannelListType_S_CncChannel__PosTcpBcsZ,6416,Variable
CncChannelListType_S_CncChannel__PosTcpBcsZ_ActPos,6417,Variable
Channel_1_X_ZeroOffset,6421,Variable
Channel_1_X_ZeroOffset_EngineeringUnits,6422,Variable
Channel_1_X_ZeroOffset_EURange,6423,Variable
Channel_1_X_ActChannel,6424,Variable
Channel_1_X_ActLoad,6425,Variable
Channel_1_X_ActLoad_EngineeringUnits,6426,Variable
Channel_1_X_ActLoad_EURange,6427,Variable
Channel_1_X_ActPower,6428,Variable
Channel_1_X_ActPower_EngineeringUnits,6429,Variable
Channel_1_X_ActPower_EURange,6430,Variable
Channel_1_X_ActTorque,6431,Variable
Channel_1_X_ActTorque_EngineeringUnits,6432,Variable
Channel_1_X_ActTorque_EURange,6433,Variable
Channel_1_X_CmdTorque,6434,Variable
Channel_1_X_CmdTorque_EngineeringUnits,6435,Variable
Channel_1_X_CmdTorque_EURange,6436,Variable
Z_PosIndirect,6437,Variable
Z_PosIndirect_ActPos,6438,Variable
Z_PosIndirect_CmdPos,6439,Variable
Z_PosIndirect_EngineeringUnits,6440,Variable
Z_PosIndirect_EURange,6441,Variable
Z_PosIndirect_RemDist,6442,Variable
CncChannelListType_S_CncChannel__PosTcpBcsZ_CmdPos,6443,Variable
CncChannelListType_S_CncChannel__CmdFeedrate,6444,Variable
CncChannelListType_S_CncChannel__CmdFeedrate_EngineeringUnits,6445,Variable
Y_ActStatus,6446,Variable
CncChannelListType_S_CncChannel__CmdFeedrate_EURange,6453,Variable
CncChannelListType_S_CncChannel__PosTcpBcsZ_RemDist,6454,Variable
CncChannelListType_S_CncChannel__PosTcpWcsA,6455,Variable
Y_ZeroOffset,6459,Variable
Y_ZeroOffset_EngineeringUnits,6460,Variable
Y_ZeroOffset_EURange,6461,Variable
Y_ActChannel,6462,Variable
Y_ActLoad,6463,Variable
Y_ActLoad_EngineeringUnits,6464,Variable
Y_ActLoad_EURange,6465,Variable
Y_ActPower,6466,Variable
Y_ActPower_EngineeringUnits,6467,Variable
Y_ActPower_EURange,6468,Variable
Y_ActTorque,6469,Variable
Y_ActTorque_EngineeringUnits,6470,Variable
Y_ActTorque_EURange,6471,Variable
Y_CmdTorque,6472,Variable
Y_CmdTorque_EngineeringUnits,6473,Variable
Y_CmdTorque_EURange,6474,Variable
X2_PosDirect,6475,Variable
X2_PosDirect_ActPos,6476,Variable
X2_PosDirect_CmdPos,6477,Variable
X2_PosDirect_EngineeringUnits,6478,Variable
X2_PosDirect_EURange,6479,Variable
X2_PosDirect_RemDist,6480,Variable
CncChannelListType_S_CncChannel__PosTcpWcsA_ActPos,6481,Variable
CncChannelListType_S_CncChannel__PosTcpWcsA_CmdPos,6482,Variable
CncChannelListType_S_CncChannel__PosTcpWcsA_RemDist,6483,Variable
Z_ActStatus,6484,Variable
CncChannelListType_S_CncChannel__PosTcpWcsB,6491,Variable
CncChannelListType_S_CncChannel__PosTcpWcsB_ActPos,6492,Variable
CncChannelListType_S_CncChannel__PosTcpWcsB_CmdPos,6493,Variable
Z_ZeroOffset,6497,Variable
Z_ZeroOffset_EngineeringUnits,6498,Variable
Z_ZeroOffset_EURange,6499,Variable
Z_ActChannel,6500,Variable
Z_ActLoad,6501,Variable
Z_ActLoad_EngineeringUnits,6502,Variable
Z_ActLoad_EURange,6503,Variable
Z_ActPower,6504,Variable
Z_ActPower_EngineeringUnits,6505,Variable
Z_ActPower_EURange,6506,Variable
Z_ActTorque,6507,Variable
Z_ActTorque_EngineeringUnits,6508,Variable
Z_ActTorque_EURange,6509,Variable
Z_CmdTorque,6510,Variable
Z_CmdTorque_EngineeringUnits,6511,Variable
Z_CmdTorque_EURange,6512,Variable
Channel_1_ActFeedrate,6513,Variable
Channel_1_ActFeedrate_EngineeringUnits,6514,Variable
Channel_1_ActFeedrate_EURange,6515,Variable
CncChannelListType_S_CncChannel__PosTcpWcsB_RemDist,6516,Variable
Channel_1_ActProgramName,6517,Variable
Channel_1_ActProgramFileOffset,6518,Variable
Channel_1_ActGFunctions,6519,Variable
Channel_1_ActJogIncrement,6520,Variable
Channel_1_ActJogIncrement_EngineeringUnits,6521,Variable
Channel_1_ActJogIncrement_EURange,6522,Variable
Channel_1_ActMainProgramName,6523,Variable
Channel_1_ActModalOffsetFunction,6524,Variable
Channel_1_ActOverride,6525,Variable
Channel_1_ActOverride_EngineeringUnits,6526,Variable
Channel_1_ActOverride_EURange,6527,Variable
Channel_1_ActProgramBlock,6528,Variable
Channel_1_ActProgramLine,6529,Variable
Channel_1_ActProgramFile,6530,Variable
Channel_1_ActStatus,6531,Variable
Channel_1_BlockMode,6532,Variable
Channel_1_CmdFeedrate,6533,Variable
Channel_1_CmdFeedrate_EngineeringUnits,6534,Variable
Channel_1_CmdFeedrate_EURange,6535,Variable
Channel_1_CmdOverride,6536,Variable
Channel_1_CmdOverride_EngineeringUnits,6537,Variable
Channel_1_CmdOverride_EURange,6538,Variable
Channel_1_DryRunFeed,6539,Variable
Channel_1_DryRunFeed_EngineeringUnits,6540,Variable
Channel_1_DryRunFeed_EURange,6541,Variable
Channel_1_FeedHold,6542,Variable
CncChannelType_CmdOperationMode,6543,Variable
CncChannelListType_S_CncChannel__PosTcpWcsC,6544,Variable
Channel_1_ToolId,6545,Variable
Channel_2_ActFeedrate,6546,Variable
Channel_2_ActFeedrate_EngineeringUnits,6547,Variable
Channel_2_ActFeedrate_EURange,6548,Variable
Y2_ActStatus,6549,Variable
Channel_2_ActProgramName,6550,Variable
Channel_2_ActProgramFileOffset,6551,Variable
Channel_2_ActGFunctions,6552,Variable
Channel_2_ActJogIncrement,6553,Variable
Channel_2_ActJogIncrement_EngineeringUnits,6554,Variable
Channel_2_ActJogIncrement_EURange,6555,Variable
Channel_2_ActMainProgramName,6556,Variable
Channel_2_ActModalOffsetFunction,6557,Variable
Channel_2_ActOverride,6558,Variable
Channel_2_ActOverride_EngineeringUnits,6559,Variable
Channel_2_ActOverride_EURange,6560,Variable
Channel_2_ActProgramBlock,6561,Variable
Channel_2_ActProgramLine,6562,Variable
Channel_2_ActProgramFile,6563,Variable
Channel_2_ActStatus,6564,Variable
Channel_2_BlockMode,6565,Variable
Channel_2_CmdFeedrate,6566,Variable
Channel_2_CmdFeedrate_EngineeringUnits,6567,Variable
Channel_2_CmdFeedrate_EURange,6568,Variable
Channel_2_CmdOverride,6569,Variable
Channel_2_CmdOverride_EngineeringUnits,6570,Variable
Channel_2_CmdOverride_EURange,6571,Variable
Channel_2_DryRunFeed,6572,Variable
Channel_2_DryRunFeed_EngineeringUnits,6573,Variable
Channel_2_DryRunFeed_EURange,6574,Variable
Channel_2_FeedHold,6575,Variable
CncSpindleListType_S_CncSpindle__ActOperationMode,6576,Variable
CncChannelListType_S_CncChannel__PosTcpWcsC_ActPos,6577,Variable
Channel_2_ToolId,6578,Variable
Q_AnglePos,6579,Variable
Q_AnglePos_ActPos,6580,Variable
Q_AnglePos_CmdPos,6581,Variable
Q_ActGear,6583,Variable
Q_ActSpeed,6584,Variable
Q_ActSpeed_EngineeringUnits,6585,Variable
Q_ActSpeed_EURange,6586,Variable
CncChannelListType_S_CncChannel__PosTcpWcsC_CmdPos,6587,Variable
Q_ActStatus,6588,Variable
Q_AnglePos_EngineeringUnits,6592,Variable
Q_AnglePos_EURange,6593,Variable
Q_AnglePos_RemDist,6594,Variable
CncChannelListType_S_CncChannel__PosTcpWcsC_RemDist,6595,Variable
CncChannelListType_S_CncChannel__CmdOverride,6596,Variable
CncChannelListType_S_CncChannel__CmdOverride_EngineeringUnits,6597,Variable
Q_CmdSpeed,6598,Variable
Q_CmdSpeed_EngineeringUnits,6599,Variable
Q_CmdSpeed_EURange,6600,Variable
Q_ActChannel,6601,Variable
Q_ActLoad,6602,Variable
Q_ActLoad_EngineeringUnits,6603,Variable
Q_ActLoad_EURange,6604,Variable
Q_ActPower,6605,Variable
Q_ActPower_EngineeringUnits,6606,Variable
Q_ActPower_EURange,6607,Variable
Q_ActTorque,6608,Variable
Q_ActTorque_EngineeringUnits,6609,Variable
Q_ActTorque_EURange,6610,Variable
Q_CmdTorque,6611,Variable
Q_CmdTorque_EngineeringUnits,6612,Variable
Q_CmdTorque_EURange,6613,Variable
CncInterfaceType_Version,6616,Variable
CncInterfaceType_Fix,6618,Variable
CncChannelListType_S_CncChannel__PosTcpWcsX,6619,Variable
CncInterfaceType_VendorName,6620,Variable
CncInterfaceType_VendorRevision,6621,Variable
CncChannelListType_S_CncChannel__CmdOverride_EURange,6622,Variable
CncChannelListType_S_CncChannel__DryRunFeed,6623,Variable
CncChannelListType_S_CncChannel__DryRunFeed_EngineeringUnits,6624,Variable
CncChannelListType_S_CncChannel__DryRunFeed_EURange,6625,Variable
CncChannelListType_S_CncChannel__FeedHold,6626,Variable
CncSpindleListType_S_CncSpindle__CmdOperationMode,6627,Variable
CncChannelListType_S_CncChannel__PosTcpWcsX_ActPos,6628,Variable
CncChannelListType_S_CncChannel__ToolId,6629,Variable
X2_PosIndirect,6630,Variable
X2_PosIndirect_ActPos,6631,Variable
X2_PosIndirect_CmdPos,6632,Variable
X2_PosIndirect_EngineeringUnits,6633,Variable
X2_PosIndirect_EURange,6634,Variable
X2_PosIndirect_RemDist,6635,Variable
CncAxisListType_S_CncAxis__ActStatus,6636,Variable
CncChannelListType_S_CncChannel__PosTcpWcsX_CmdPos,6638,Variable
CncChannelListType_S_CncChannel__PosTcpWcsX_RemDist,6639,Variable
CncChannelListType_S_CncChannel__PosTcpWcsY,6640,Variable
CncAxisListType_S_CncAxis__IsReferenced,6649,Variable
CncAxisListType_S_CncAxis__IsRotational,6650,Variable
CncAxisListType_S_CncAxis__ZeroOffset,6651,Variable
CncAxisListType_S_CncAxis__ZeroOffset_EngineeringUnits,6652,Variable
CncAxisListType_S_CncAxis__ZeroOffset_EURange,6653,Variable
CncAxisListType_S_CncAxis__ActChannel,6654,Variable
CncAxisListType_S_CncAxis__ActLoad,6655,Variable
CncAxisListType_S_CncAxis__ActLoad_EngineeringUnits,6656,Variable
CncAxisListType_S_CncAxis__ActLoad_EURange,6657,Variable
CncAxisListType_S_CncAxis__ActPower,6658,Variable
CncAxisListType_S_CncAxis__ActPower_EngineeringUnits,6659,Variable
CncAxisListType_S_CncAxis__ActPower_EURange,6660,Variable
CncAxisListType_S_CncAxis__ActTorque,6661,Variable
CncAxisListType_S_CncAxis__ActTorque_EngineeringUnits,6662,Variable
CncAxisListType_S_CncAxis__ActTorque_EURange,6664,Variable
CncAxisListType_S_CncAxis__CmdTorque,6665,Variable
CncAxisListType_S_CncAxis__CmdTorque_EngineeringUnits,6666,Variable
CncAxisListType_S_CncAxis__CmdTorque_EURange,6667,Variable
CncAxisListType_S_CncAxis__IsInactive,6668,Variable
CncAxisListType_S_CncAxis__IsVirtual,6669,Variable
CncChannelListType_S_CncChannel__PosTcpWcsY_ActPos,6670,Variable
CncChannelListType_S_CncChannel__PosTcpWcsY_CmdPos,6671,Variable
CncChannelListType_S_CncChannel__PosTcpWcsY_RemDist,6672,Variable
CncChannelListType_S_CncChannel__PosTcpWcsZ,6673,Variable
CncChannelListType_S_CncChannel__PosTcpWcsZ_ActPos,6674,Variable
CncChannelListType_S_CncChannel__PosTcpWcsZ_CmdPos,6675,Variable
CncChannelListType_S_CncChannel__PosTcpWcsZ_RemDist,6676,Variable
Channel_1_PosTcpBcsB,6677,Variable
Channel_1_PosTcpBcsB_ActPos,6678,Variable
Channel_1_PosTcpBcsB_CmdPos,6679,Variable
Channel_1_PosTcpBcsB_RemDist,6680,Variable
Channel_1_PosTcpBcsC,6681,Variable
CncChannelType_ActMainProgramFile,6682,Variable
CncChannelListType_S_CncChannel__ActMainProgramFile,6683,Variable
Channel_1_PosTcpBcsC_ActPos,6684,Variable
Channel_1_PosTcpBcsC_CmdPos,6685,Variable
Channel_1_ActMainProgramFile,6686,Variable
Channel_2_ActMainProgramFile,6687,Variable
CncChannelType_ActMainProgramLine,6688,Variable
CncChannelListType_S_CncChannel__ActMainProgramLine,6689,Variable
Channel_1_PosTcpBcsC_RemDist,6690,Variable
Channel_1_PosTcpBcsX,6691,Variable
Channel_1_ActMainProgramLine,6692,Variable
Channel_2_ActMainProgramLine,6693,Variable
CncChannelType_ActMainProgramFileOffset,6694,Variable
CncChannelListType_S_CncChannel__ActMainProgramFileOffset,6695,Variable
Channel_1_PosTcpBcsX_ActPos,6696,Variable
Channel_1_PosTcpBcsX_CmdPos,6697,Variable
Channel_1_ActMainProgramFileOffset,6698,Variable
Channel_2_ActMainProgramFileOffset,6699,Variable
CncSpindleType_ActOverride,6700,Variable
CncSpindleType_ActOverride_EURange,6701,Variable
CncSpindleType_CmdOverride,6702,Variable
Channel_1_PosTcpBcsX_RemDist,6703,Variable
Channel_1_PosTcpBcsY,6704,Variable
Channel_1_PosTcpBcsY_ActPos,6705,Variable
CncSpindleType_CmdOverride_EURange,6706,Variable
CncSpindleListType_S_CncSpindle__ActOverride,6707,Variable
CncSpindleListType_S_CncSpindle__ActOverride_EURange,6708,Variable
Channel_1_PosTcpBcsY_CmdPos,6709,Variable
CncSpindleListType_S_CncSpindle__CmdOverride,6710,Variable
CncSpindleListType_S_CncSpindle__CmdOverride_EURange,6711,Variable
CncSpindleListType_S_CncSpindle__ActFeedrate,6712,Variable
CncSpindleListType_S_CncSpindle__ActFeedrate_EngineeringUnits,6713,Variable
CncSpindleListType_S_CncSpindle__ActFeedrate_EURange,6714,Variable
CncSpindleListType_S_CncSpindle__ActMainProgramFile,6715,Variable
CncSpindleListType_S_CncSpindle__ActMainProgramFileOffset,6716,Variable
CncSpindleListType_S_CncSpindle__ActMainProgramLine,6717,Variable
CncSpindleListType_S_CncSpindle__ActProgramName,6718,Variable
CncSpindleListType_S_CncSpindle__ActProgramFileOffset,6719,Variable
CncSpindleListType_S_CncSpindle__ActGFunctions,6720,Variable
CncSpindleListType_S_CncSpindle__ActJogIncrement,6721,Variable
CncSpindleListType_S_CncSpindle__ActJogIncrement_EngineeringUnits,6722,Variable
CncSpindleListType_S_CncSpindle__ActJogIncrement_EURange,6723,Variable
CncSpindleListType_S_CncSpindle__ActMainProgramName,6724,Variable
CncSpindleListType_S_CncSpindle__ActMFunctions,6725,Variable
CncSpindleListType_S_CncSpindle__ActModalOffsetFunction,6726,Variable
Channel_1_PosTcpBcsY_RemDist,6727,Variable
Y2_IsReferenced,6731,Variable
Y2_IsRotational,6732,Variable
Y2_ZeroOffset,6733,Variable
Y2_ZeroOffset_EngineeringUnits,6734,Variable
Y2_ZeroOffset_EURange,6735,Variable
Y2_ActChannel,6736,Variable
Y2_ActLoad,6737,Variable
Y2_ActLoad_EngineeringUnits,6738,Variable
Y2_ActLoad_EURange,6739,Variable
Y2_ActPower,6740,Variable
Y2_ActPower_EngineeringUnits,6741,Variable
Y2_ActPower_EURange,6742,Variable
Y2_ActTorque,6743,Variable
Y2_ActTorque_EngineeringUnits,6744,Variable
Y2_ActTorque_EURange,6745,Variable
Y2_CmdTorque,6746,Variable
Y2_CmdTorque_EngineeringUnits,6747,Variable
Y2_CmdTorque_EURange,6748,Variable
Y2_IsInactive,6749,Variable
Y2_IsVirtual,6750,Variable
Channel_1_PosTcpBcsZ,6751,Variable
Channel_1_PosTcpBcsZ_ActPos,6752,Variable
Channel_1_PosTcpBcsZ_CmdPos,6753,Variable
Channel_1_PosTcpBcsZ_RemDist,6754,Variable
Channel_1_PosTcpWcsA,6755,Variable
Channel_1_PosTcpWcsA_ActPos,6756,Variable
Channel_1_PosTcpWcsA_CmdPos,6757,Variable
Channel_1_PosTcpWcsA_RemDist,6758,Variable
Channel_1_PosTcpWcsB,6759,Variable
Channel_1_PosTcpWcsB_ActPos,6760,Variable
Channel_1_PosTcpWcsB_CmdPos,6761,Variable
Channel_1_PosTcpWcsB_RemDist,6762,Variable
Channel_1_PosTcpWcsC,6763,Variable
Channel_1_PosTcpWcsC_ActPos,6764,Variable
Channel_1_PosTcpWcsC_CmdPos,6765,Variable
Channel_1_PosTcpWcsC_RemDist,6766,Variable
Channel_1_PosTcpWcsX,6767,Variable
Channel_1_PosTcpWcsX_ActPos,6768,Variable
Channel_1_PosTcpWcsX_CmdPos,6769,Variable
Channel_1_PosTcpWcsX_RemDist,6770,Variable
Channel_1_PosTcpWcsY,6771,Variable
Channel_1_PosTcpWcsY_ActPos,6772,Variable
Channel_1_PosTcpWcsY_CmdPos,6773,Variable
Channel_1_PosTcpWcsY_RemDist,6774,Variable
Channel_1_PosTcpWcsZ,6775,Variable
Channel_1_PosTcpWcsZ_ActPos,6776,Variable
Channel_1_PosTcpWcsZ_CmdPos,6777,Variable
Channel_1_PosTcpWcsZ_RemDist,6778,Variable
Channel_2_PosTcpBcsB,6779,Variable
Channel_2_PosTcpBcsB_ActPos,6780,Variable
Channel_2_PosTcpBcsB_CmdPos,6781,Variable
CncChannelListType_S_CncChannel__ActOperationMode,6782,Variable
Channel_2_PosTcpBcsB_RemDist,6783,Variable
Channel_2_PosTcpBcsC,6784,Variable
Channel_2_PosTcpBcsC_ActPos,6785,Variable
Channel_2_PosTcpBcsC_CmdPos,6786,Variable
Channel_2_PosTcpBcsC_RemDist,6787,Variable
Channel_2_PosTcpBcsX,6788,Variable
Channel_2_PosTcpBcsX_ActPos,6789,Variable
Channel_2_PosTcpBcsX_CmdPos,6790,Variable
Channel_2_PosTcpBcsX_RemDist,6791,Variable
Channel_2_PosTcpBcsY,6792,Variable
Channel_2_PosTcpBcsY_ActPos,6793,Variable
Channel_2_PosTcpBcsY_CmdPos,6794,Variable
Channel_2_PosTcpBcsY_RemDist,6795,Variable
Channel_2_PosTcpBcsZ,6796,Variable
Channel_2_PosTcpBcsZ_ActPos,6797,Variable
Channel_2_PosTcpBcsZ_CmdPos,6798,Variable
Channel_2_PosTcpBcsZ_RemDist,6799,Variable
Channel_2_PosTcpWcsA,6800,Variable
Channel_2_PosTcpWcsA_ActPos,6801,Variable
Channel_2_PosTcpWcsA_CmdPos,6802,Variable
Channel_2_PosTcpWcsA_RemDist,6803,Variable
Channel_2_PosTcpWcsB,6804,Variable
Channel_2_PosTcpWcsB_ActPos,6805,Variable
Channel_2_PosTcpWcsB_CmdPos,6806,Variable
Channel_2_PosTcpWcsB_RemDist,6807,Variable
Channel_2_PosTcpWcsC,6808,Variable
Channel_2_PosTcpWcsC_ActPos,6809,Variable
Channel_2_PosTcpWcsC_CmdPos,6810,Variable
Channel_2_PosTcpWcsC_RemDist,6811,Variable
Channel_2_PosTcpWcsX,6812,Variable
Channel_2_PosTcpWcsX_ActPos,6813,Variable
Channel_2_PosTcpWcsX_CmdPos,6814,Variable
Channel_2_PosTcpWcsX_RemDist,6815,Variable
CncChannelListType_S_CncChannel__CmdOperationMode,6816,Variable
Channel_2_PosTcpWcsY,6817,Variable
Channel_2_PosTcpWcsY_ActPos,6818,Variable
Channel_2_PosTcpWcsY_CmdPos,6819,Variable
Channel_2_PosTcpWcsY_RemDist,6820,Variable
Channel_2_PosTcpWcsZ,6821,Variable
Channel_2_PosTcpWcsZ_ActPos,6822,Variable
Channel_2_PosTcpWcsZ_CmdPos,6823,Variable
Channel_2_PosTcpWcsZ_RemDist,6824,Variable
Y2_PosDirect,6825,Variable
Y2_PosDirect_ActPos,6826,Variable
Y2_PosDirect_CmdPos,6827,Variable
Y2_PosDirect_EngineeringUnits,6828,Variable
CncPositionVariableType_EngineeringUnits,6829,Variable
CncChannelType_PosTcpBcsA_EngineeringUnits,6830,Variable
CncChannelListType_S_CncChannel__PosTcpBcsA_EngineeringUnits,6831,Variable
CncChannelType_PosTcpWcsX_EngineeringUnits,6832,Variable
CncChannelType_PosTcpBcsB_EngineeringUnits,6833,Variable
CncChannelType_PosTcpBcsC_EngineeringUnits,6834,Variable
CncChannelType_PosTcpBcsX_EngineeringUnits,6835,Variable
CncChannelType_PosTcpBcsY_EngineeringUnits,6836,Variable
CncChannelType_PosTcpWcsY_EngineeringUnits,6837,Variable
CncChannelType_PosTcpWcsZ_EngineeringUnits,6838,Variable
CncChannelType_PosTcpWcsA_EngineeringUnits,6839,Variable
CncChannelType_PosTcpWcsB_EngineeringUnits,6840,Variable
CncChannelType_PosTcpBcsZ_EngineeringUnits,6841,Variable
CncChannelType_PosTcpWcsC_EngineeringUnits,6842,Variable
CncChannelListType_S_CncChannel__PosTcpBcsB_EngineeringUnits,6843,Variable
CncChannelListType_S_CncChannel__PosTcpBcsC_EngineeringUnits,6844,Variable
CncChannelListType_S_CncChannel__PosTcpBcsX_EngineeringUnits,6845,Variable
CncChannelListType_S_CncChannel__PosTcpBcsY_EngineeringUnits,6846,Variable
CncChannelListType_S_CncChannel__PosTcpBcsZ_EngineeringUnits,6847,Variable
CncChannelListType_S_CncChannel__PosTcpWcsA_EngineeringUnits,6848,Variable
CncChannelListType_S_CncChannel__PosTcpWcsB_EngineeringUnits,6849,Variable
CncChannelListType_S_CncChannel__PosTcpWcsC_EngineeringUnits,6850,Variable
CncChannelListType_S_CncChannel__PosTcpWcsX_EngineeringUnits,6851,Variable
CncChannelListType_S_CncChannel__PosTcpWcsY_EngineeringUnits,6852,Variable
CncChannelListType_S_CncChannel__PosTcpWcsZ_EngineeringUnits,6853,Variable
CncAlarmType_HelpSource,6854,Variable
Channel_1_PosTcpBcsA_EngineeringUnits,6855,Variable
Channel_1_PosTcpBcsB_EngineeringUnits,6856,Variable
Channel_1_PosTcpBcsC_EngineeringUnits,6857,Variable
Channel_1_PosTcpBcsX_EngineeringUnits,6858,Variable
Channel_1_PosTcpBcsY_EngineeringUnits,6859,Variable
Channel_1_PosTcpBcsZ_EngineeringUnits,6860,Variable
Channel_1_PosTcpWcsA_EngineeringUnits,6861,Variable
CncAlarmType_AuxParameters,6862,Variable
Channel_1_PosTcpWcsB_EngineeringUnits,6863,Variable
Channel_1_PosTcpWcsC_EngineeringUnits,6864,Variable
CncAlarmType_AlarmIdentifier,6865,Variable
Channel_1_PosTcpWcsX_EngineeringUnits,6866,Variable
Channel_1_PosTcpWcsY_EngineeringUnits,6867,Variable
Channel_1_PosTcpWcsZ_EngineeringUnits,6868,Variable
Channel_2_PosTcpBcsA_EngineeringUnits,6869,Variable
Channel_2_PosTcpBcsB_EngineeringUnits,6870,Variable
Channel_2_PosTcpBcsC_EngineeringUnits,6871,Variable
Channel_2_PosTcpBcsX_EngineeringUnits,6872,Variable
Channel_2_PosTcpBcsY_EngineeringUnits,6873,Variable
Channel_2_PosTcpBcsZ_EngineeringUnits,6874,Variable
Channel_2_PosTcpWcsA_EngineeringUnits,6875,Variable
Channel_2_PosTcpWcsB_EngineeringUnits,6876,Variable
Channel_2_PosTcpWcsC_EngineeringUnits,6877,Variable
Channel_2_PosTcpWcsX_EngineeringUnits,6878,Variable
Channel_2_PosTcpWcsY_EngineeringUnits,6879,Variable
Channel_2_PosTcpWcsZ_EngineeringUnits,6880,Variable
CncPositionVariableType_EURange,6881,Variable
CncChannelType_PosTcpBcsA_EURange,6882,Variable
CncChannelListType_S_CncChannel__PosTcpBcsA_EURange,6883,Variable
CncChannelType_PosTcpWcsX_EURange,6884,Variable
CncChannelType_PosTcpBcsB_EURange,6885,Variable
CncChannelType_PosTcpBcsC_EURange,6886,Variable
CncChannelType_PosTcpBcsX_EURange,6887,Variable
CncChannelType_PosTcpBcsY_EURange,6888,Variable
CncChannelType_PosTcpWcsY_EURange,6889,Variable
CncChannelType_PosTcpWcsZ_EURange,6890,Variable
CncChannelType_PosTcpWcsA_EURange,6891,Variable
CncChannelType_PosTcpWcsB_EURange,6892,Variable
CncChannelType_PosTcpBcsZ_EURange,6893,Variable
CncChannelType_PosTcpWcsC_EURange,6894,Variable
CncChannelListType_S_CncChannel__PosTcpBcsB_EURange,6895,Variable
CncChannelListType_S_CncChannel__PosTcpBcsC_EURange,6896,Variable
CncChannelListType_S_CncChannel__PosTcpBcsX_EURange,6897,Variable
CncChannelListType_S_CncChannel__PosTcpBcsY_EURange,6898,Variable
CncChannelListType_S_CncChannel__PosTcpBcsZ_EURange,6899,Variable
CncChannelListType_S_CncChannel__PosTcpWcsA_EURange,6900,Variable
CncChannelListType_S_CncChannel__PosTcpWcsB_EURange,6901,Variable
CncChannelListType_S_CncChannel__PosTcpWcsC_EURange,6902,Variable
CncChannelListType_S_CncChannel__PosTcpWcsX_EURange,6903,Variable
CncChannelListType_S_CncChannel__PosTcpWcsY_EURange,6904,Variable
CncChannelListType_S_CncChannel__PosTcpWcsZ_EURange,6905,Variable
Channel_1_PosTcpBcsA_EURange,6906,Variable
Channel_1_PosTcpBcsB_EURange,6907,Variable
Channel_1_PosTcpBcsC_EURange,6908,Variable
Channel_1_PosTcpBcsX_EURange,6909,Variable
Channel_1_PosTcpBcsY_EURange,6910,Variable
Channel_1_PosTcpBcsZ_EURange,6911,Variable
Channel_1_PosTcpWcsA_EURange,6912,Variable
Channel_1_PosTcpWcsB_EURange,6913,Variable
Channel_1_PosTcpWcsC_EURange,6914,Variable
Channel_1_PosTcpWcsX_EURange,6915,Variable
Channel_1_PosTcpWcsY_EURange,6916,Variable
Channel_1_PosTcpWcsZ_EURange,6917,Variable
Channel_2_PosTcpBcsA_EURange,6918,Variable
Channel_2_PosTcpBcsB_EURange,6919,Variable
Channel_2_PosTcpBcsC_EURange,6920,Variable
Channel_2_PosTcpBcsX_EURange,6921,Variable
Channel_2_PosTcpBcsY_EURange,6922,Variable
Channel_2_PosTcpBcsZ_EURange,6923,Variable
Channel_2_PosTcpWcsA_EURange,6924,Variable
Channel_2_PosTcpWcsB_EURange,6925,Variable
Channel_2_PosTcpWcsC_EURange,6926,Variable
Channel_2_PosTcpWcsX_EURange,6927,Variable
Channel_2_PosTcpWcsY_EURange,6928,Variable
Channel_2_PosTcpWcsZ_EURange,6929,Variable
Y2_PosDirect_EURange,6930,Variable
Y2_PosDirect_RemDist,6931,Variable
Y2_PosIndirect,6932,Variable
Y2_PosIndirect_ActPos,6933,Variable
Y2_PosIndirect_CmdPos,6934,Variable
Y2_PosIndirect_EngineeringUnits,6935,Variable
Y2_PosIndirect_EURange,6936,Variable
Y2_PosIndirect_RemDist,6937,Variable
CncAxisListType_S_CncAxis__PosDirect,6938,Variable
CncAxisListType_S_CncAxis__PosDirect_ActPos,6939,Variable
CncAxisListType_S_CncAxis__PosDirect_CmdPos,6940,Variable
CncAxisListType_S_CncAxis__PosDirect_EngineeringUnits,6941,Variable
CncAxisListType_S_CncAxis__PosDirect_EURange,6942,Variable
CncSpindleListType_S_CncSpindle__ActProgramBlock,6943,Variable
CncSpindleListType_S_CncSpindle__ActProgramLine,6944,Variable
CncSpindleListType_S_CncSpindle__ActProgramFile,6945,Variable
CncSpindleListType_S_CncSpindle__ActProgramStatus,6946,Variable
CncSpindleListType_S_CncSpindle__BlockMode,6947,Variable
CncSpindleListType_S_CncSpindle__CmdFeedrate,6948,Variable
CncSpindleListType_S_CncSpindle__CmdFeedrate_EngineeringUnits,6949,Variable
CncSpindleListType_S_CncSpindle__CmdFeedrate_EURange,6950,Variable
CncSpindleListType_S_CncSpindle__DryRunFeed,6951,Variable
CncSpindleListType_S_CncSpindle__DryRunFeed_EngineeringUnits,6952,Variable
CncSpindleListType_S_CncSpindle__DryRunFeed_EURange,6953,Variable
CncSpindleListType_S_CncSpindle__FeedHold,6954,Variable
CncAxisListType_S_CncAxis__PosDirect_RemDist,6955,Variable
CncAxisListType_S_CncAxis__PosIndirect,6956,Variable
CncSpindleListType_S_CncSpindle__ToolId,6957,Variable
CncAxisListType_S_CncAxis__PosIndirect_ActPos,6958,Variable
CncAxisListType_S_CncAxis__PosIndirect_CmdPos,6959,Variable
CncAxisListType_S_CncAxis__PosIndirect_EngineeringUnits,6960,Variable
CncAxisListType_S_CncAxis__PosIndirect_EURange,6961,Variable
CncAxisListType_S_CncAxis__PosIndirect_RemDist,6962,Variable
Channel_1_X_PosDirect,6963,Variable
Channel_1_X_PosDirect_ActPos,6964,Variable
Channel_1_X_PosDirect_CmdPos,6965,Variable
Channel_1_X_PosDirect_EngineeringUnits,6966,Variable
Channel_1_X_PosDirect_EURange,6967,Variable
Channel_1_X_PosDirect_RemDist,6968,Variable
Channel_1_X_PosIndirect,6969,Variable
Channel_1_X_PosIndirect_ActPos,6970,Variable
Channel_1_X_PosIndirect_CmdPos,6971,Variable
Channel_1_X_PosIndirect_EngineeringUnits,6972,Variable
Channel_1_X_PosIndirect_EURange,6973,Variable
Channel_1_X_PosIndirect_RemDist,6974,Variable
Y_PosDirect,6975,Variable
CncAxisStatus_EnumValues,6976,Variable
Y_PosDirect_ActPos,6977,Variable
Y_PosDirect_CmdPos,6978,Variable
Y_PosDirect_EngineeringUnits,6979,Variable
Y_PosDirect_EURange,6980,Variable
Y_PosDirect_RemDist,6981,Variable
Y_PosIndirect,6982,Variable
Y_PosIndirect_ActPos,6983,Variable
Y_PosIndirect_CmdPos,6984,Variable
Y_PosIndirect_EngineeringUnits,6985,Variable
Y_PosIndirect_EURange,6986,Variable
Y_PosIndirect_RemDist,6987,Variable
Z_PosDirect,6988,Variable
Z_PosDirect_ActPos,6989,Variable
Z_PosDirect_CmdPos,6990,Variable
Z_PosDirect_EngineeringUnits,6991,Variable
Z_PosDirect_EURange,6992,Variable
Z_PosDirect_RemDist,6993,Variable
Z_PosIndirect,6994,Variable
Z_PosIndirect_ActPos,6995,Variable
Z_PosIndirect_CmdPos,6996,Variable
Z_PosIndirect_EngineeringUnits,6997,Variable
Z_PosIndirect_EURange,6998,Variable
Z_PosIndirect_RemDist,6999,Variable
CncChannelType_S_CncAxis__PosDirect,7000,Variable
CncChannelType_S_CncAxis__PosDirect_ActPos,7001,Variable
CncChannelType_S_CncAxis__PosDirect_CmdPos,7002,Variable
CncChannelType_S_CncAxis__PosDirect_EngineeringUnits,7003,Variable
CncChannelType_S_CncAxis__PosDirect_EURange,7004,Variable
CncChannelType_S_CncAxis__PosDirect_RemDist,7005,Variable
CncChannelType_S_CncAxis__PosIndirect,7006,Variable
CncChannelType_S_CncAxis__PosIndirect_ActPos,7007,Variable
CncChannelType_S_CncAxis__PosIndirect_CmdPos,7008,Variable
CncChannelType_S_CncAxis__PosIndirect_EngineeringUnits,7009,Variable
CncChannelType_S_CncAxis__PosIndirect_EURange,7010,Variable
CncChannelType_S_CncAxis__PosIndirect_RemDist,7011,Variable
CncChannelType_S_CncSpindle__AnglePos,7012,Variable
CncChannelType_S_CncSpindle__AnglePos_ActPos,7013,Variable
CncChannelType_S_CncSpindle__AnglePos_CmdPos,7014,Variable
CncChannelType_S_CncSpindle__AnglePos_EngineeringUnits,7015,Variable
CncChannelType_S_CncSpindle__AnglePos_EURange,7016,Variable
CncChannelType_S_CncSpindle__AnglePos_RemDist,7017,Variable
Q_ActOverride,7028,Variable
Q_ActOverride_EURange,7029,Variable
Q_CmdOverride,7030,Variable
Q_CmdOverride_EURange,7031,Variable
Channel_1_ActOperationMode,7098,Variable
Channel_1_CmdOperationMode,7100,Variable
Channel_2_ActOperationMode,7101,Variable
Channel_2_CmdOperationMode,7103,Variable
CncOperationMode_EnumStrings,7106,Variable
X_ActStatus,7120,Variable
X_IsReferenced,7121,Variable
X_IsRotational,7122,Variable
X_PosDirect,7123,Variable
X_PosDirect_ActPos,7124,Variable
X_PosDirect_CmdPos,7125,Variable
X_PosDirect_EngineeringUnits,7126,Variable
X_PosDirect_EURange,7127,Variable
X_PosDirect_RemDist,7128,Variable
X_PosIndirect,7129,Variable
X_PosIndirect_ActPos,7130,Variable
X_PosIndirect_CmdPos,7131,Variable
CncChannelType_S_CncAxis__ActStatus,7132,Variable
X_PosIndirect_EngineeringUnits,7133,Variable
X_PosIndirect_EURange,7134,Variable
X_PosIndirect_RemDist,7135,Variable
X_ZeroOffset,7136,Variable
X_ZeroOffset_EngineeringUnits,7137,Variable
X_ZeroOffset_EURange,7138,Variable
X_ActChannel,7139,Variable
X_ActLoad,7140,Variable
X_ActLoad_EngineeringUnits,7141,Variable
CncChannelType_S_CncAxis__IsReferenced,7142,Variable
CncChannelType_S_CncAxis__IsRotational,7143,Variable
CncChannelType_S_CncAxis__ZeroOffset,7144,Variable
CncChannelType_S_CncAxis__ZeroOffset_EngineeringUnits,7145,Variable
CncChannelType_S_CncAxis__ZeroOffset_EURange,7146,Variable
CncChannelType_S_CncAxis__ActChannel,7147,Variable
CncChannelType_S_CncAxis__ActLoad,7148,Variable
CncChannelType_S_CncAxis__ActLoad_EngineeringUnits,7149,Variable
CncChannelType_S_CncAxis__ActLoad_EURange,7150,Variable
CncChannelType_S_CncAxis__ActPower,7151,Variable
CncChannelType_S_CncAxis__ActPower_EngineeringUnits,7152,Variable
CncChannelType_S_CncAxis__ActPower_EURange,7153,Variable
CncChannelType_S_CncAxis__ActTorque,7154,Variable
CncChannelType_S_CncAxis__ActTorque_EngineeringUnits,7155,Variable
CncChannelType_S_CncAxis__ActTorque_EURange,7156,Variable
CncChannelType_S_CncAxis__CmdTorque,7157,Variable
CncChannelType_S_CncAxis__CmdTorque_EngineeringUnits,7158,Variable
CncChannelType_S_CncAxis__CmdTorque_EURange,7159,Variable
CncChannelType_S_CncAxis__IsInactive,7160,Variable
CncChannelType_S_CncAxis__IsVirtual,7161,Variable
X_ActLoad_EURange,7162,Variable
X_ActPower,7163,Variable
X_ActPower_EngineeringUnits,7164,Variable
CncChannelType_S_CncSpindle__ActGear,7166,Variable
CncChannelType_S_CncSpindle__ActOverride,7167,Variable
CncChannelType_S_CncSpindle__ActOverride_EURange,7168,Variable
CncChannelType_S_CncSpindle__ActSpeed,7169,Variable
CncChannelType_S_CncSpindle__ActSpeed_EngineeringUnits,7170,Variable
CncChannelType_S_CncSpindle__ActSpeed_EURange,7171,Variable
X_ActPower_EURange,7172,Variable
CncChannelType_S_CncSpindle__ActStatus,7173,Variable
CncChannelType_S_CncSpindle__ActTurnDirection,7174,Variable
X_ActTorque,7175,Variable
X_ActTorque_EngineeringUnits,7176,Variable
X_ActTorque_EURange,7177,Variable
CncChannelType_S_CncSpindle__CmdGear,7178,Variable
CncChannelType_S_CncSpindle__CmdOverride,7179,Variable
CncChannelType_S_CncSpindle__CmdOverride_EURange,7180,Variable
CncChannelType_S_CncSpindle__CmdSpeed,7181,Variable
CncChannelType_S_CncSpindle__CmdSpeed_EngineeringUnits,7182,Variable
CncChannelType_S_CncSpindle__CmdSpeed_EURange,7183,Variable
CncChannelType_S_CncSpindle__ActChannel,7184,Variable
CncChannelType_S_CncSpindle__ActLoad,7185,Variable
CncChannelType_S_CncSpindle__ActLoad_EngineeringUnits,7186,Variable
CncChannelType_S_CncSpindle__ActLoad_EURange,7187,Variable
CncChannelType_S_CncSpindle__ActPower,7188,Variable
CncChannelType_S_CncSpindle__ActPower_EngineeringUnits,7189,Variable
CncChannelType_S_CncSpindle__ActPower_EURange,7190,Variable
CncChannelType_S_CncSpindle__ActTorque,7191,Variable
CncChannelType_S_CncSpindle__ActTorque_EngineeringUnits,7192,Variable
CncChannelType_S_CncSpindle__ActTorque_EURange,7193,Variable
CncChannelType_S_CncSpindle__CmdTorque,7194,Variable
CncChannelType_S_CncSpindle__CmdTorque_EngineeringUnits,7195,Variable
CncChannelType_S_CncSpindle__CmdTorque_EURange,7196,Variable
CncChannelType_S_CncSpindle__IsInactive,7197,Variable
CncChannelType_S_CncSpindle__IsVirtual,7198,Variable
X_CmdTorque,7199,Variable
X_CmdTorque_EngineeringUnits,7200,Variable
X_CmdTorque_EURange,7201,Variable
X_IsInactive,7202,Variable
X_IsVirtual,7203,Variable
