DatasetChangeLogType,1001,ObjectType
MachineModuleSpecificationType,1002,ObjectType
MaterialLoadingPointType,1003,ObjectType
MachineModuleType,1004,ObjectType
MachineModuleLiveStatusType,1005,ObjectType
LogbookEventType,1006,ObjectType
ControlsHWType,1007,ObjectType
ControlsSWType,1008,ObjectType
MachineModuleProductionType,1009,ObjectType
ControlModeChangeLogType,1010,ObjectType
ProductionLogType,1011,ObjectType
MachineModuleHistoricalRecordType,1012,ObjectType
MachineModuleConfigurationType,1013,ObjectType
RootCauseListChangeLogType,1014,ObjectType
StopReasonListChangeLogType,1015,ObjectType
MachineModuleSetupType,1016,ObjectType
DataSetChangeLogType,1017,ObjectType
NewSystemDumpIsGeneratedLogType,1018,ObjectType
TMCServerType,1019,ObjectType
UIInformationType,1020,ObjectType
StateChangeLogType,1021,ObjectType
MachineModuleSpecificationChangeLogType,1022,ObjectType
MaterialRejectionTrapType,1023,ObjectType
DowntimeLogType,1024,ObjectType
DefectDetectionSensorType,1025,ObjectType
DefectDetectedLogType,1026,ObjectType
MaterialRejectedLogType,1027,ObjectType
DefectDetectionSensorDisabledLogType,1028,ObjectType
MaterialRejectionTrapDisabledLogType,1029,ObjectType
GoodOutputProducedLogType,1030,ObjectType
POChangeLogType,1031,ObjectType
LoadingPointIsUnloadedLogType,1032,ObjectType
MaterialIsConsumedLogType,1033,ObjectType
MaterialUnloadingIsRequiredLogType,1034,ObjectType
MaterialStorageBufferType,1035,ObjectType
RootCauseGroupListChangeLogType,1036,ObjectType
MaterialOutputType,1037,ObjectType
NewPresentedMaterialLogType,1038,ObjectType
IntegrityRejectedMaterialLogType,1039,ObjectType
UserInterfaceType,1043,ObjectType
ProcessItemType,1046,ObjectType
MaterialQuantityType,2003,VariableType
MaterialLotType,2004,VariableType
MaterialQuantitiesType,2005,VariableType
MaterialRateType,2006,VariableType
MessageType,3002,DataType
DataDescriptionType,3003,DataType
DataSetEntryType,3004,DataType
ParameterDependencyEnumeration,3005,DataType
CommandEnumeration,3007,DataType
StateEnumeration,3008,DataType
MethodExecutionFeedbackType,3009,DataType
MaterialType,3010,DataType
LoadUnloadPointType,3013,DataType
MaterialStorageBufferDataType,3014,DataType
StorageLogicEnumeration,3015,DataType
POType,3016,DataType
ProductionStatusEnumeration,3017,DataType
DataSetType,3018,DataType
MaterialIntergrityAgentEnumeration,3020,DataType
DataSetListType,3021,DataType
ControlModeEnumeration,3023,DataType
IOMetaType,3024,DataType
ControlsHWFeatureEnumeration,3027,DataType
ControlsSWFeatureEnumeration,3028,DataType
RootCauseMessageType,3029,DataType
RootCauseGroupType,3030,DataType
TMCImplementedLevelEnumeration,3031,DataType
IOTypeEnumeration,3032,DataType
IOValueType,3033,DataType
IOPointType,3034,DataType
ConnectsTo,4002,ReferenceType
TriggersRejection,4003,ReferenceType
IsInstalledOn,4004,ReferenceType
IsControlledBy,4005,ReferenceType
FlowsTo,4006,ReferenceType
Precedes,4007,ReferenceType
HasUIShapeSelector,4009,ReferenceType
IsDisplayedBy,4010,ReferenceType
DataDescriptionType_Encoding_DefaultBinary,5001,Object
DataDescriptionType_Encoding_DefaultXml,5002,Object
DataSetEntryType_Encoding_DefaultBinary,5003,Object
DataSetEntryType_Encoding_DefaultXml,5004,Object
Server_Namespaces_S__opcfoundation_org__UA__TMC_,5006,Object
MaterialType_Encoding_DefaultBinary,5007,Object
MaterialType_Encoding_DefaultXml,5008,Object
MessageType_Encoding_DefaultBinary,5036,Object
MessageType_Encoding_DefaultXml,5037,Object
LoadUnloadPointType_Encoding_DefaultBinary,5039,Object
LoadUnloadPointType_Encoding_DefaultXml,5040,Object
MaterialStorageBufferDataType_Encoding_DefaultBinary,5041,Object
MaterialStorageBufferDataType_Encoding_DefaultXml,5042,Object
POType_Encoding_DefaultBinary,5043,Object
POType_Encoding_DefaultXml,5044,Object
DataSetType_Encoding_DefaultBinary,5045,Object
DataSetType_Encoding_DefaultXml,5046,Object
MethodExecutionFeedbackType_Encoding_DefaultBinary,5052,Object
MethodExecutionFeedbackType_Encoding_DefaultXml,5055,Object
MachineModuleType_SetUp,5056,Object
MachineModuleHistoricalRecordType_MachineModuleSpecification,5057,Object
MachineModuleType_SetUp_MechanicalAdjustments,5059,Object
DataSetListType_Encoding_DefaultBinary,5064,Object
DataSetListType_Encoding_DefaultXml,5065,Object
MachineModuleSetupType_MechanicalAdjustments,5066,Object
MachineModuleSpecificationType_DocumentationRep,5067,Object
MachineModuleHistoricalRecordType_MachineModuleSpecification_DocumentationRep,5069,Object
MachineModuleSpecificationChangeLogType_OldSpecification,5079,Object
MachineModuleSpecificationChangeLogType_OldSpecification_DocumentationRep,5080,Object
MaterialOutputType_UIInfo,5098,Object
MaterialOutputType_UIInfo_UIResources,5099,Object
MachineModuleType_Configuration,5121,Object
MachineModuleType_Specification,5122,Object
MachineModuleType_Specification_DocumentationRep,5123,Object
MachineModuleType_MaterialLoadingPoints,5124,Object
MachineModuleType_Production,5125,Object
MachineModuleType_LiveStatus,5126,Object
MachineModuleType_MaterialRejectionTraps,5130,Object
MachineModuleType_DefectDetectionSensors,5131,Object
MachineModuleType_PastSpecificationRecords,5132,Object
IOMetaType_Encoding_DefaultBinary,5140,Object
RootCauseMessageType_Encoding_DefaultBinary,5144,Object
RootCauseMessageType_Encoding_DefaultXml,5145,Object
RootCauseGroupType_Encoding_DefaultBinary,5146,Object
RootCauseGroupType_Encoding_DefaultXml,5147,Object
UIInformationType_UIResources,5148,Object
MachineModuleType_UIInfo,5149,Object
MachineModuleType_UIInfo_UIResources,5150,Object
MaterialStorageBufferType_UIInfo,5165,Object
MaterialStorageBufferType_UIInfo_UIResources,5166,Object
IOMetaType_Encoding_DefaultXml,5169,Object
IOValueType_Encoding_DefaultBinary,5170,Object
MaterialRejectionTrapType_UIInfo,5177,Object
MaterialRejectionTrapType_UIInfo_UIResources,5178,Object
MachineModuleType_MaterialRejectionTraps_UIInfo,5185,Object
MachineModuleType_MaterialRejectionTraps_UIInfo_UIResources,5186,Object
DefectDetectionSensorType_UIInfo,5187,Object
DefectDetectionSensorType_UIInfo_UIResources,5188,Object
MachineModuleType_DefectDetectionSensors_UIInfo,5193,Object
MachineModuleType_DefectDetectionSensors_UIInfo_UIResources,5194,Object
MaterialLoadingPointType_UIInfo,5195,Object
MaterialLoadingPointType_UIInfo_UIResources,5196,Object
MachineModuleType_MaterialLoadingPoints_UIInfo,5205,Object
MachineModuleType_MaterialLoadingPoints_UIInfo_UIResources,5206,Object
MachineModuleType_UIInfo_UIValueElements,5210,Object
MaterialStorageBufferType_UIInfo_UIValueElements,5212,Object
MaterialRejectionTrapType_UIInfo_UIValueElements,5213,Object
MachineModuleType_MaterialRejectionTraps_UIInfo_UIValueElements,5214,Object
DefectDetectionSensorType_UIInfo_UIValueElements,5215,Object
MachineModuleType_DefectDetectionSensors_UIInfo_UIValueElements,5216,Object
MaterialLoadingPointType_UIInfo_UIValueElements,5217,Object
MachineModuleType_MaterialLoadingPoints_UIInfo_UIValueElements,5218,Object
IOValueType_Encoding_DefaultXml,5226,Object
HH,5240,Object
H,5241,Object
L,5242,Object
LL,5243,Object
CurrentValue,5244,Object
IOPointType_Encoding_DefaultBinary,5251,Object
IOPointType_Encoding_DefaultXml,5252,Object
MachineModuleType_MaterialOutputs,5253,Object
MachineModuleType_MaterialOutputs_UIInfo,5254,Object
MachineModuleType_MaterialOutputs_UIInfo_UIResources,5255,Object
ProcessItemType_UIInfo,5283,Object
ProcessItemType_UIInfo_UIResources,5286,Object
MaterialOutputType_UIInfo_UIResources_Image,6001,Variable
MaterialLoadingPointType_UpstreamHold,6002,Variable
MachineModuleType_MaterialOutputs_UIInfo_UIResources_Image,6003,Variable
Server_Namespaces_S__opcfoundation_org__UA__TMC__IsNamespaceSubset,6004,Variable
BinarySchema_TypeDictionary_DataDescriptionType,6005,Variable
XmlSchema_TypeDictionary_DataDescriptionType,6006,Variable
BinarySchema_TypeDictionary_DataSetEntryType,6007,Variable
XmlSchema_TypeDictionary_DataSetEntryType,6008,Variable
Server_Namespaces_S__opcfoundation_org__UA__TMC__NamespacePublicationDate,6009,Variable
Server_Namespaces_S__opcfoundation_org__UA__TMC__NamespaceUri,6010,Variable
Server_Namespaces_S__opcfoundation_org__UA__TMC__NamespaceVersion,6011,Variable
Server_Namespaces_S__opcfoundation_org__UA__TMC__StaticNodeIdTypes,6012,Variable
Server_Namespaces_S__opcfoundation_org__UA__TMC__StaticNumericNodeIdRange,6013,Variable
Server_Namespaces_S__opcfoundation_org__UA__TMC__StaticStringNodeIdPattern,6014,Variable
DatasetChangeLogType_NewDatasetName,6015,Variable
DatasetChangeLogType_OldDatasetName,6016,Variable
BinarySchema_TypeDictionary,6025,Variable
BinarySchema_TypeDictionary_NamespaceUri,6026,Variable
XmlSchema_TypeDictionary,6027,Variable
XmlSchema_TypeDictionary_NamespaceUri,6028,Variable
BinarySchema_TypeDictionary_MessageType,6029,Variable
XmlSchema_TypeDictionary_MessageType,6030,Variable
ParameterDependencyEnumeration_EnumStrings,6031,Variable
MaterialLoadingPointType_LoadingPoint,6066,Variable
MaterialLoadingPointType_NominalConsumptionRate,6067,Variable
MachineModuleSpecificationChangeLogType_OldSpecification_LoadMachineModuleDocumentation_InputArguments,6068,Variable
StateEnumeration_EnumStrings,6069,Variable
MaterialIntergrityAgentEnumeration_EnumValues,6070,Variable
BinarySchema_TypeDictionary_MaterialType,6071,Variable
XmlSchema_TypeDictionary_MaterialType,6072,Variable
BinarySchema_TypeDictionary_LoadUnloadPointType,6078,Variable
XmlSchema_TypeDictionary_LoadUnloadPointType,6079,Variable
MachineModuleSpecificationType_MaterialLoadingPoints,6080,Variable
BinarySchema_TypeDictionary_MaterialStorageBufferDataType,6081,Variable
XmlSchema_TypeDictionary_MaterialStorageBufferDataType,6082,Variable
StorageLogicEnumeration_EnumStrings,6083,Variable
MachineModuleSpecificationType_MaterialStorageBuffers,6084,Variable
BinarySchema_TypeDictionary_POType,6085,Variable
XmlSchema_TypeDictionary_POType,6086,Variable
MaterialLoadingPointType_NominalConsumptionRate_QuantityInLUoM,6089,Variable
TMCServerType_Aggregating,6090,Variable
MachineModuleProductionType_ProductionOrder,6091,Variable
ProductionStatusEnumeration_EnumStrings,6092,Variable
MachineModuleProductionType_ProductionStatus,6093,Variable
ControlsHWType_LiveStreamIsSupported,6094,Variable
ControlsHWType_IOImageIsSupported,6095,Variable
ControlsHWType_ScreenshotIsSupported,6096,Variable
ControlModeChangeLogType_OldControlMode,6103,Variable
ControlModeChangeLogType_NewControlMode,6104,Variable
BinarySchema_TypeDictionary_DataSetType,6106,Variable
XmlSchema_TypeDictionary_DataSetType,6107,Variable
MachineModuleLiveStatusType_ControlMode,6108,Variable
MachineModuleLiveStatusType_State,6109,Variable
MachineModuleType_MaterialLoadingPoints_UpstreamHold,6122,Variable
MaterialLoadingPointType_UnloadMaterials_OutputArguments,6128,Variable
POChangeLogType_NewPO,6129,Variable
LoadingPointIsUnloadedLogType_MaterialQuantity,6130,Variable
ProductionLogType_PO,6140,Variable
MaterialLoadingPointType_MaterialIntegrityAgent,6141,Variable
LoadingPointIsUnloadedLogType_MaterialQuantity_Material,6142,Variable
MaterialIsConsumedLogType_MaterialQuantity,6143,Variable
MaterialIsConsumedLogType_MaterialQuantity_Material,6144,Variable
MachineModuleSpecificationType_ValidSince,6145,Variable
MachineModuleHistoricalRecordType_MachineModuleSpecification_MaterialLoadingPoints,6148,Variable
MachineModuleHistoricalRecordType_MachineModuleSpecification_MaterialStorageBuffers,6149,Variable
MachineModuleHistoricalRecordType_MachineModuleSpecification_ValidSince,6154,Variable
MachineModuleHistoricalRecordType_ValidUntil,6155,Variable
MachineModuleConfigurationType_RootCauseList,6156,Variable
MachineModuleConfigurationType_StopReasonList,6158,Variable
MachineModuleType_MaterialLoadingPoints_UnloadMaterials_OutputArguments,6159,Variable
MachineModuleConfigurationType_RootCauseListInputIsMandatory,6165,Variable
MachineModuleConfigurationType_LongestMicroStopDuration,6167,Variable
RootCauseListChangeLogType_OldRootCauseList,6169,Variable
RootCauseListChangeLogType_NewRootCauseList,6170,Variable
StopReasonListChangeLogType_OldStopReasonList,6171,Variable
StopReasonListChangeLogType_NewStopReasonList,6172,Variable
BinarySchema_TypeDictionary_DataSetListType,6173,Variable
XmlSchema_TypeDictionary_DataSetListType,6174,Variable
MachineModuleConfigurationType_DataSetList,6175,Variable
MachineModuleSetupType_DataSet,6177,Variable
DataSetChangeLogType_OldDataSet,6178,Variable
DataSetChangeLogType_NewDataSet,6179,Variable
MachineModuleSpecificationType_SetNewSpecification_InputArguments,6180,Variable
MachineModuleHistoricalRecordType_MachineModuleSpecification_SetNewSpecification_InputArguments,6182,Variable
UIInformationType_PositionX,6183,Variable
MachineModuleSetupType_ValidateDataSet_InputArguments,6185,Variable
MachineModuleSetupType_ValidateDataSet_OutputArguments,6186,Variable
MachineModuleSetupType_SelectiveLoadDataSet_InputArguments,6187,Variable
MachineModuleSpecificationType_LoadMachineModuleDocumentation_InputArguments,6188,Variable
MachineModuleHistoricalRecordType_MachineModuleSpecification_LoadMachineModuleDocumentation_InputArguments,6190,Variable
MachineModuleSpecificationType_TotalRunningHours,6198,Variable
MachineModuleHistoricalRecordType_MachineModuleSpecification_TotalRunningHours,6200,Variable
TMCServerType_GetTMCImplementedLevel_OutputArguments,6204,Variable
TMCServerType_SetServerTime_InputArguments,6205,Variable
MachineModuleConfigurationType_GetRootCauseList_OutputArguments,6210,Variable
MachineModuleConfigurationType_LastChangeDate,6215,Variable
UIInformationType_PositionY,6217,Variable
UIInformationType_Width,6218,Variable
ControlModeEnumeration_EnumStrings,6219,Variable
StateChangeLogType_OldState,6220,Variable
StateChangeLogType_NewState,6221,Variable
UIInformationType_UIResources_Image,6222,Variable
MachineModuleSpecificationChangeLogType_OldSpecification_MaterialLoadingPoints,6223,Variable
MachineModuleType_UIInfo_PositionX,6224,Variable
MachineModuleType_UIInfo_PositionY,6225,Variable
MachineModuleLiveStatusType_SetControlMode_InputArguments,6232,Variable
CommandEnumeration_EnumStrings,6240,Variable
MachineModuleLiveStatusType_SendCommand_InputArguments,6241,Variable
MachineModuleLiveStatusType_SetIdleEnergySavingMode_InputArguments,6246,Variable
DowntimeLogType_StopReason_s,6250,Variable
DowntimeLogType_RootCause_s,6251,Variable
DowntimeLogType_Duration,6252,Variable
MaterialRejectionTrapType_Description,6254,Variable
DefectDetectionSensorType_DisplayName,6257,Variable
DefectDetectionSensorType_Description,6258,Variable
DefectDetectionSensorType_DetectionCountTotal,6259,Variable
DefectDetectionSensorType_DetectionMode,6260,Variable
DefectDetectionSensorType_SetDetectionMode_InputArguments,6261,Variable
DefectDetectionSensorType_DetectionCountMasterTotal,6262,Variable
MaterialRejectionTrapType_DisplayName,6263,Variable
MaterialRejectionTrapType_RejectionCountTotal,6264,Variable
UserInterfaceType_ControlPanelVURO,6265,Variable
UserInterfaceType_ControlPanelVURW,6267,Variable
MaterialRejectionTrapType_RejectionCountMasterTotal,6271,Variable
MaterialRejectionTrapType_MaterialRejected,6272,Variable
MaterialRejectionTrapType_MaterialQuantityRejectedTotal,6273,Variable
MaterialRejectionTrapType_MaterialQuantityRejectedMasterTotal,6274,Variable
MaterialRejectionTrapType_RejectionMode,6275,Variable
DefectDetectedLogType_DefectValue,6276,Variable
DefectDetectedLogType_DefectEU,6277,Variable
DefectDetectedLogType_DefectPicture,6278,Variable
MaterialRejectedLogType_TotalQuantityRejected,6279,Variable
MaterialRejectedLogType_MaterialQuantityRejected,6280,Variable
MaterialRejectionTrapType_RejectionsRatio,6281,Variable
MaterialRejectionTrapType_MaterialRejectedRatio,6282,Variable
GoodOutputProducedLogType_TotalProduced,6283,Variable
GoodOutputProducedLogType_QuantityProduced,6284,Variable
MachineModuleSpecificationChangeLogType_OldSpecification_MaterialStorageBuffers,6285,Variable
MachineModuleSpecificationChangeLogType_OldSpecification_SetNewSpecification_InputArguments,6286,Variable
MachineModuleSpecificationChangeLogType_OldSpecification_TotalRunningHours,6287,Variable
MachineModuleSpecificationChangeLogType_OldSpecification_ValidSince,6288,Variable
NewSystemDumpIsGeneratedLogType_SystemDump,6291,Variable
ControlsHWType_SystemDumpIsSupported,6295,Variable
ControlsHWType_GetSupportedFeatures_OutputArguments,6299,Variable
MachineModuleType_SetUp_DataSet,6305,Variable
MachineModuleConfigurationType_GetStopReasonList_OutputArguments,6306,Variable
ControlsHWType_RemoteConnectionIsSupported,6307,Variable
ControlsSWType_SoftwarePackageRepositoryIsSupported,6311,Variable
ControlsSWType_InstallSoftwarePackageRemotelyIsSupported,6312,Variable
ControlsHWFeatureEnumeration_EnumStrings,6315,Variable
ControlsSWType_InstallSoftwarePackageRemotely_InputArguments,6316,Variable
ControlsSWType_TransferSoftwarePackageToRepository_InputArguments,6319,Variable
ControlsSWFeatureEnumeration_EnumStrings,6322,Variable
ControlsSWType_GetSupportedFeatures_OutputArguments,6323,Variable
MachineModuleConfigurationType_SetRootCauseLists_InputArguments,6326,Variable
MachineModuleConfigurationType_SetRootCauseLists_OutputArguments,6327,Variable
MachineModuleType_Configuration_SetRootCauseLists_InputArguments,6328,Variable
MachineModuleType_SetUp_LoadDataSet_InputArguments,6329,Variable
MachineModuleType_SetUp_LoadDataSet_OutputArguments,6330,Variable
MachineModuleType_SetUp_SelectiveLoadDataSet_InputArguments,6331,Variable
MachineModuleType_SetUp_SelectiveLoadDataSet_OutputArguments,6332,Variable
MachineModuleType_SetUp_ValidateDataSet_InputArguments,6333,Variable
MachineModuleType_SetUp_ValidateDataSet_OutputArguments,6334,Variable
MachineModuleLiveStatusType_IdleEnergySavingMode,6349,Variable
MachineModuleType_LiveStatus_IdleEnergySavingMode,6350,Variable
MaterialOutputType_DownstreamHeld,6354,Variable
MaterialUnloadingIsRequiredLogType_MaterialQuantity,6356,Variable
MaterialUnloadingIsRequiredLogType_MaterialQuantity_Material,6357,Variable
MaterialLoadingPointType_MaterialIntegrityCheck_InputArguments,6358,Variable
BinarySchema_TypeDictionary_MethodExecutionFeedbackType,6359,Variable
XmlSchema_TypeDictionary_MethodExecutionFeedbackType,6360,Variable
MachineModuleSpecificationType_LoadMachineModuleDocumentation_OutputArguments,6361,Variable
MachineModuleHistoricalRecordType_MachineModuleSpecification_LoadMachineModuleDocumentation_OutputArguments,6363,Variable
MachineModuleSpecificationChangeLogType_OldSpecification_LoadMachineModuleDocumentation_OutputArguments,6364,Variable
MachineModuleSpecificationType_SetNewSpecification_OutputArguments,6367,Variable
MachineModuleHistoricalRecordType_MachineModuleSpecification_SetNewSpecification_OutputArguments,6369,Variable
MachineModuleSpecificationChangeLogType_OldSpecification_SetNewSpecification_OutputArguments,6370,Variable
MachineModuleProductionType_StartProductionOrder_OutputArguments,6377,Variable
MachineModuleProductionType_StopProductionOrder_OutputArguments,6381,Variable
MachineModuleLiveStatusType_SendCommand_OutputArguments,6385,Variable
MachineModuleLiveStatusType_SetControlMode_OutputArguments,6389,Variable
MachineModuleType_MaterialOutputs_DownstreamHeld,6390,Variable
GoodOutputProducedLogType_QuantityProduced_Material,6391,Variable
MachineModuleLiveStatusType_SetIdleEnergySavingMode_OutputArguments,6393,Variable
GoodOutputProducedLogType_QuantityProduced_QuantityInLUoM,6395,Variable
MachineModuleSetupType_SelectiveLoadDataSet_OutputArguments,6397,Variable
MaterialLoadingPointType_MaterialIntegrityCheck_OutputArguments,6401,Variable
TMCServerType_SetServerTime_OutputArguments,6402,Variable
ControlsHWType_GetIOImage_OutputArguments,6404,Variable
ControlsHWType_GetScreenshot_OutputArguments,6408,Variable
ControlsHWType_GetSystemDump_OutputArguments,6412,Variable
ControlsHWType_GetLiveStream_OutputArguments,6416,Variable
ControlsSWType_TransferSoftwarePackageFromRepository_OutputArguments,6422,Variable
MachineModuleConfigurationType_GetDataSetList_InputArguments,6425,Variable
MachineModuleType_UIInfo_Width,6427,Variable
MachineModuleConfigurationType_GetDataSetList_OutputArguments,6429,Variable
ControlsHWType_GetRemoteConnection_OutputArguments,6433,Variable
MachineModuleSetupType_LoadDataSet_InputArguments,6437,Variable
MachineModuleSetupType_LoadDataSet_OutputArguments,6438,Variable
MachineModuleProductionType_StartProductionOrder_InputArguments,6445,Variable
GoodOutputProducedLogType_QuantityProduced_QuantityInLUoM_DisplayFormat,6456,Variable
GoodOutputProducedLogType_QuantityProduced_QuantityInLUoM_EngineeringUnits,6457,Variable
GoodOutputProducedLogType_QuantityProduced_DisplayFormat,6460,Variable
GoodOutputProducedLogType_QuantityProduced_EngineeringUnits,6493,Variable
GoodOutputProducedLogType_TotalProduced_Material,6502,Variable
GoodOutputProducedLogType_TotalProduced_QuantityInLUoM,6504,Variable
GoodOutputProducedLogType_TotalProduced_QuantityInLUoM_DisplayFormat,6513,Variable
GoodOutputProducedLogType_TotalProduced_QuantityInLUoM_EngineeringUnits,6514,Variable
GoodOutputProducedLogType_TotalProduced_DisplayFormat,6517,Variable
MaterialOutputType_UIInfo_PositionX,6549,Variable
MaterialOutputType_UIInfo_PositionY,6550,Variable
MaterialOutputType_UIInfo_Resizable,6551,Variable
MaterialOutputType_UIInfo_UIResources_Default,6552,Variable
MaterialOutputType_UIInfo_Width,6553,Variable
DefectDetectionSensorType_SensorValue_Definition,6596,Variable
DefectDetectionSensorType_SensorValue_ValuePrecision,6597,Variable
MachineModuleType_DefectDetectionSensors_SensorValue_Definition,6598,Variable
MachineModuleType_DefectDetectionSensors_SensorValue_ValuePrecision,6599,Variable
BinarySchema_TypeDictionary_IOMetaType,6600,Variable
XmlSchema_TypeDictionary_IOMetaType,6601,Variable
IOTypeEnumeration_EnumStrings,6602,Variable
BinarySchema_TypeDictionary_IOValueType,6603,Variable
XmlSchema_TypeDictionary_IOValueType,6604,Variable
BinarySchema_TypeDictionary_IOPointType,6605,Variable
GoodOutputProducedLogType_TotalProduced_EngineeringUnits,6607,Variable
LoadingPointIsUnloadedLogType_MaterialQuantity_QuantityInLUoM,6616,Variable
LoadingPointIsUnloadedLogType_MaterialQuantity_QuantityInLUoM_DisplayFormat,6618,Variable
LoadingPointIsUnloadedLogType_MaterialQuantity_QuantityInLUoM_EngineeringUnits,6627,Variable
LoadingPointIsUnloadedLogType_MaterialQuantity_DisplayFormat,6628,Variable
LoadingPointIsUnloadedLogType_MaterialQuantity_EngineeringUnits,6631,Variable
MaterialLoadingPointType_NominalConsumptionRate_QuantityInLUoM_DisplayFormat,6667,Variable
MaterialLotType_Material,6668,Variable
MaterialLoadingPointType_NominalConsumptionRate_QuantityInLUoM_EngineeringUnits,6673,Variable
MaterialLoadingPointType_TotalLoadedLot,6674,Variable
MaterialLoadingPointType_NominalConsumptionRate_DisplayFormat,6679,Variable
MaterialLoadingPointType_NominalConsumptionRate_EngineeringUnits,6680,Variable
MachineModuleType_Configuration_DataSetList,6682,Variable
MaterialIsConsumedLogType_MaterialQuantity_QuantityInLUoM,6683,Variable
MachineModuleType_Configuration_GetDataSetList_InputArguments,6684,Variable
MachineModuleType_Configuration_GetDataSetList_OutputArguments,6685,Variable
MachineModuleType_Configuration_GetRootCauseList_OutputArguments,6686,Variable
MachineModuleType_Configuration_GetStopReasonList_OutputArguments,6687,Variable
MachineModuleType_Configuration_LastChangeDate,6688,Variable
MachineModuleType_Configuration_LongestMicroStopDuration,6689,Variable
MachineModuleType_Configuration_RootCauseList,6690,Variable
MachineModuleType_Configuration_RootCauseListInputIsMandatory,6691,Variable
MaterialIsConsumedLogType_MaterialQuantity_QuantityInLUoM_DisplayFormat,6692,Variable
MachineModuleType_Configuration_StopReasonList,6693,Variable
MaterialIsConsumedLogType_MaterialQuantity_QuantityInLUoM_EngineeringUnits,6694,Variable
MachineModuleType_Specification_LoadMachineModuleDocumentation_InputArguments,6695,Variable
MachineModuleType_Specification_LoadMachineModuleDocumentation_OutputArguments,6696,Variable
MachineModuleType_Specification_MaterialLoadingPoints,6697,Variable
MachineModuleType_Specification_MaterialStorageBuffers,6698,Variable
MachineModuleType_Specification_SetNewSpecification_InputArguments,6699,Variable
MachineModuleType_Specification_SetNewSpecification_OutputArguments,6700,Variable
MachineModuleType_Specification_TotalRunningHours,6701,Variable
MachineModuleType_Specification_ValidSince,6702,Variable
MachineModuleType_MaterialLoadingPoints_LoadingPoint,6703,Variable
MachineModuleType_MaterialLoadingPoints_MaterialIntegrityAgent,6704,Variable
MachineModuleType_MaterialLoadingPoints_MaterialIntegrityCheck_InputArguments,6705,Variable
MachineModuleType_MaterialLoadingPoints_MaterialIntegrityCheck_OutputArguments,6706,Variable
MaterialIsConsumedLogType_MaterialQuantity_DisplayFormat,6709,Variable
MaterialIsConsumedLogType_MaterialQuantity_EngineeringUnits,6710,Variable
MachineModuleType_Production_ProductionOrder,6711,Variable
MachineModuleType_Production_ProductionStatus,6712,Variable
MaterialRejectedLogType_MaterialQuantityRejected_Material,6713,Variable
MachineModuleType_Production_StartProductionOrder_InputArguments,6714,Variable
MachineModuleType_Production_StartProductionOrder_OutputArguments,6715,Variable
MachineModuleType_Production_StopProductionOrder_OutputArguments,6716,Variable
MachineModuleType_LiveStatus_ControlMode,6717,Variable
XmlSchema_TypeDictionary_IOPointType,6720,Variable
MachineModuleType_LiveStatus_SendCommand_InputArguments,6721,Variable
MachineModuleType_LiveStatus_SendCommand_OutputArguments,6722,Variable
MachineModuleType_LiveStatus_SetControlMode_InputArguments,6723,Variable
MachineModuleType_LiveStatus_SetControlMode_OutputArguments,6724,Variable
ControlsHWType_IOImage,6725,Variable
MachineModuleType_LiveStatus_SetIdleEnergySavingMode_InputArguments,6726,Variable
MachineModuleType_LiveStatus_SetIdleEnergySavingMode_OutputArguments,6727,Variable
MachineModuleType_LiveStatus_State,6728,Variable
MaterialLoadingPointType_TotalLoadedLot_Material,6732,Variable
MaterialLoadingPointType_TotalLoadedLot_QuantityInLUoM,6733,Variable
MachineModuleType_MaterialRejectionTraps_RejectionCountMasterTotal,6763,Variable
MachineModuleType_MaterialRejectionTraps_RejectionCountTotal,6777,Variable
MaterialQuantityType_EngineeringUnits,6822,Variable
MaterialQuantityType_DisplayFormat,6823,Variable
MaterialLoadingPointType_TotalLoadedLot_QuantityInLUoM_DisplayFormat,6826,Variable
MaterialLoadingPointType_TotalLoadedLot_QuantityInLUoM_EngineeringUnits,6827,Variable
MaterialLoadingPointType_TotalLoadedLot_DisplayFormat,6832,Variable
MaterialLoadingPointType_TotalLoadedLot_EngineeringUnits,6833,Variable
DefectDetectionSensorType_SensorValue,6852,Variable
DefectDetectionSensorType_SensorValue_EURange,6853,Variable
MachineModuleType_DefectDetectionSensors_SensorValue,6858,Variable
MachineModuleType_DefectDetectionSensors_SensorValue_EURange,6859,Variable
DefectDetectionSensorType_SensorValue_EngineeringUnits,6860,Variable
MachineModuleType_DefectDetectionSensors_SensorValue_EngineeringUnits,6861,Variable
MachineModuleType_DefectDetectionSensors_DetectionCountMasterTotal,6864,Variable
MachineModuleType_DefectDetectionSensors_DetectionCountTotal,6865,Variable
ProcessItemType_UIInfo_UIResources_Image,6866,Variable
MaterialRejectionTrapType_SetRejectionMode_InputArguments,6868,Variable
MachineModuleType_MaterialLoadingPoints_NominalConsumptionRate,6874,Variable
MachineModuleType_MaterialLoadingPoints_NominalConsumptionRate_DisplayFormat,6875,Variable
MachineModuleType_MaterialLoadingPoints_NominalConsumptionRate_QuantityInLUoM,6876,Variable
MachineModuleType_MaterialLoadingPoints_NominalConsumptionRate_QuantityInLUoM_DisplayFormat,6877,Variable
MachineModuleType_MaterialLoadingPoints_NominalConsumptionRate_QuantityInLUoM_EngineeringUnits,6878,Variable
MachineModuleType_MaterialRejectionTraps_Description,6879,Variable
MachineModuleType_MaterialRejectionTraps_DisplayName,6880,Variable
MachineModuleType_MaterialRejectionTraps_MaterialQuantityRejectedMasterTotal,6881,Variable
MachineModuleType_MaterialRejectionTraps_MaterialQuantityRejectedTotal,6882,Variable
MachineModuleType_MaterialRejectionTraps_MaterialRejected,6883,Variable
MachineModuleType_MaterialRejectionTraps_MaterialRejectedRatio,6884,Variable
MachineModuleType_MaterialRejectionTraps_RejectionMode,6887,Variable
MachineModuleType_MaterialRejectionTraps_RejectionsRatio,6888,Variable
MachineModuleType_MaterialRejectionTraps_SetRejectionMode_InputArguments,6889,Variable
MachineModuleType_MaterialRejectionTraps_DeviceManual,6890,Variable
MachineModuleType_MaterialRejectionTraps_DeviceRevision,6891,Variable
MachineModuleType_MaterialRejectionTraps_HardwareRevision,6892,Variable
MachineModuleType_MaterialRejectionTraps_Manufacturer,6893,Variable
MachineModuleType_MaterialRejectionTraps_Model,6894,Variable
MachineModuleType_MaterialRejectionTraps_RevisionCounter,6895,Variable
MachineModuleType_MaterialRejectionTraps_SerialNumber,6896,Variable
MachineModuleType_MaterialRejectionTraps_SoftwareRevision,6897,Variable
MachineModuleType_DefectDetectionSensors_Description,6898,Variable
MachineModuleType_DefectDetectionSensors_DetectionMode,6901,Variable
MachineModuleType_DefectDetectionSensors_DisplayName,6902,Variable
MachineModuleType_DefectDetectionSensors_SetDetectionMode_InputArguments,6903,Variable
MachineModuleType_DefectDetectionSensors_DeviceManual,6904,Variable
MachineModuleType_DefectDetectionSensors_DeviceRevision,6905,Variable
MachineModuleType_DefectDetectionSensors_HardwareRevision,6906,Variable
MachineModuleType_DefectDetectionSensors_Manufacturer,6907,Variable
MachineModuleType_DefectDetectionSensors_Model,6908,Variable
MachineModuleType_DefectDetectionSensors_RevisionCounter,6909,Variable
MachineModuleType_DefectDetectionSensors_SerialNumber,6910,Variable
MachineModuleType_DefectDetectionSensors_SoftwareRevision,6911,Variable
MaterialRejectionTrapType_ResetRejectionTotals_OutputArguments,6912,Variable
MachineModuleType_MaterialRejectionTraps_ResetRejectionTotals_OutputArguments,6916,Variable
MaterialRejectionTrapType_SetRejectionMode_OutputArguments,6917,Variable
MachineModuleType_MaterialRejectionTraps_SetRejectionMode_OutputArguments,6921,Variable
DefectDetectionSensorType_LoadReferenceImages_InputArguments,6922,Variable
DefectDetectionSensorType_LoadReferenceImages_OutputArguments,6923,Variable
DefectDetectionSensorType_ResetDetectionCountTotal_OutputArguments,6924,Variable
MachineModuleType_DefectDetectionSensors_ResetDetectionCountTotal_OutputArguments,6927,Variable
DefectDetectionSensorType_SetDetectionMode_OutputArguments,6928,Variable
MachineModuleType_DefectDetectionSensors_SetDetectionMode_OutputArguments,6931,Variable
MachineModuleType_Configuration_SetRootCauseLists_OutputArguments,6932,Variable
TMCServerType_AggregatedServers,6945,Variable
MaterialStorageBufferType_ID,6947,Variable
MaterialStorageBufferType_LoadingRate,6948,Variable
MaterialStorageBufferType_LoadingRate_QuantityInLUoM,6949,Variable
MaterialStorageBufferType_TotalStorageCapacity,6950,Variable
MaterialStorageBufferType_StorageLogic,6951,Variable
MachineModuleType_MaterialLoadingPoints_SerialNumber,6984,Variable
MachineModuleType_MaterialLoadingPoints_RevisionCounter,6985,Variable
MachineModuleType_MaterialLoadingPoints_Manufacturer,6986,Variable
MachineModuleType_MaterialLoadingPoints_Model,6987,Variable
MachineModuleType_MaterialLoadingPoints_DeviceManual,6988,Variable
MachineModuleType_MaterialLoadingPoints_DeviceRevision,6989,Variable
MachineModuleType_MaterialLoadingPoints_SoftwareRevision,6990,Variable
MachineModuleType_MaterialLoadingPoints_HardwareRevision,6991,Variable
MaterialLoadingPointType_UnloadMaterials,7003,Method
MachineModuleProductionType_StartProductionOrder,7004,Method
MachineModuleProductionType_StopProductionOrder,7005,Method
MaterialLoadingPointType_MaterialIntegrityCheck,7007,Method
ControlsHWType_GetIOImage,7008,Method
ControlsHWType_GetScreenshot,7015,Method
MachineModuleSpecificationType_LoadMachineModuleDocumentation,7024,Method
MachineModuleHistoricalRecordType_MachineModuleSpecification_LoadMachineModuleDocumentation,7026,Method
MachineModuleSpecificationType_SetNewSpecification,7029,Method
MachineModuleHistoricalRecordType_MachineModuleSpecification_SetNewSpecification,7031,Method
MachineModuleType_SetUp_LoadDataSet,7033,Method
MachineModuleSetupType_ValidateDataSet,7034,Method
MachineModuleSetupType_SelectiveLoadDataSet,7035,Method
ControlsSWType_InstallSoftwarePackageRemotely,7036,Method
TMCServerType_GetTMCImplementedLevel,7038,Method
TMCServerType_SetServerTime,7039,Method
MachineModuleSetupType_LoadDataSet,7042,Method
MachineModuleType_SetUp_SelectiveLoadDataSet,7043,Method
MachineModuleLiveStatusType_SetControlMode,7044,Method
MachineModuleType_SetUp_ValidateDataSet,7046,Method
MachineModuleLiveStatusType_SendCommand,7052,Method
MachineModuleLiveStatusType_SetIdleEnergySavingMode,7056,Method
DefectDetectionSensorType_SetDetectionMode,7060,Method
DefectDetectionSensorType_ResetDetectionCountTotal,7061,Method
MaterialRejectionTrapType_ResetRejectionTotals,7062,Method
MaterialRejectionTrapType_SetRejectionMode,7063,Method
DefectDetectionSensorType_LoadReferenceImages,7064,Method
MachineModuleSpecificationChangeLogType_OldSpecification_LoadMachineModuleDocumentation,7065,Method
MachineModuleSpecificationChangeLogType_OldSpecification_SetNewSpecification,7066,Method
ControlsSWType_TransferSoftwarePackageToRepository,7068,Method
ControlsSWType_GetSupportedFeatures,7069,Method
MachineModuleConfigurationType_SetRootCauseLists,7072,Method
MachineModuleType_Configuration_SetRootCauseLists,7073,Method
ControlsHWType_GetSystemDump,7083,Method
ControlsHWType_GetSupportedFeatures,7085,Method
ControlsHWType_GetLiveStream,7091,Method
ControlsHWType_GetRemoteConnection,7095,Method
ControlsSWType_TransferSoftwarePackageFromRepository,7101,Method
MachineModuleConfigurationType_GetDataSetList,7104,Method
MachineModuleConfigurationType_GetRootCauseList,7105,Method
MachineModuleConfigurationType_GetStopReasonList,7106,Method
MachineModuleType_MaterialOutputs_MasterTotalOutput,7136,Variable
MachineModuleType_MaterialOutputs_MasterTotalOutput_DisplayFormat,7137,Variable
MachineModuleType_MaterialOutputs_MasterTotalOutput_Material,7138,Variable
MachineModuleType_MaterialOutputs_MasterTotalOutput_QuantityInLUoM,7139,Variable
MachineModuleType_MaterialOutputs_MasterTotalOutput_QuantityInLUoM_DisplayFormat,7140,Variable
MachineModuleType_MaterialOutputs_MasterTotalOutput_QuantityInLUoM_EngineeringUnits,7141,Variable
MachineModuleType_MaterialOutputs_MasterTotalOutput_EngineeringUnits,7142,Variable
MachineModuleType_MaterialOutputs_OutputRate,7143,Variable
MachineModuleType_MaterialOutputs_OutputRate_DisplayFormat,7145,Variable
MachineModuleType_MaterialOutputs_OutputRate_QuantityInLUoM,7146,Variable
MachineModuleType_MaterialOutputs_OutputRate_QuantityInLUoM_DisplayFormat,7147,Variable
MachineModuleType_MaterialOutputs_OutputRate_QuantityInLUoM_EngineeringUnits,7148,Variable
MachineModuleType_MaterialLoadingPoints_UnloadMaterials,7154,Method
MachineModuleType_Configuration_GetDataSetList,7177,Method
MachineModuleType_Configuration_GetRootCauseList,7178,Method
MachineModuleType_Configuration_GetStopReasonList,7179,Method
MachineModuleType_Specification_LoadMachineModuleDocumentation,7180,Method
MachineModuleType_Specification_SetNewSpecification,7181,Method
MachineModuleType_MaterialLoadingPoints_MaterialIntegrityCheck,7182,Method
MachineModuleType_Production_StartProductionOrder,7184,Method
MachineModuleType_Production_StopProductionOrder,7185,Method
MachineModuleType_LiveStatus_SendCommand,7186,Method
MachineModuleType_LiveStatus_SetControlMode,7187,Method
MachineModuleType_LiveStatus_SetIdleEnergySavingMode,7189,Method
MachineModuleType_MaterialRejectionTraps_ResetRejectionTotals,7192,Method
MachineModuleType_MaterialRejectionTraps_SetRejectionMode,7193,Method
MachineModuleType_DefectDetectionSensors_ResetDetectionCountTotal,7194,Method
MachineModuleType_DefectDetectionSensors_SetDetectionMode,7195,Method
MachineModuleType_MaterialOutputs_OutputRate_EngineeringUnits,7199,Variable
MaterialStorageBufferType_LoadingRate_QuantityInLUoM_DisplayFormat,7201,Variable
MaterialStorageBufferType_LoadingRate_QuantityInLUoM_EngineeringUnits,7203,Variable
MachineModuleType_MaterialOutputs_ResetTotal,7213,Method
MaterialStorageBufferType_LoadingRate_DisplayFormat,7214,Variable
MachineModuleType_MaterialOutputs_ResetTotal_OutputArguments,7215,Variable
MaterialStorageBufferType_LoadingRate_EngineeringUnits,7216,Variable
MachineModuleType_MaterialOutputs_TotalOutput,7217,Variable
MachineModuleType_MaterialOutputs_TotalOutput_DisplayFormat,7218,Variable
MachineModuleType_MaterialOutputs_TotalOutput_Material,7219,Variable
MachineModuleType_MaterialOutputs_TotalOutput_QuantityInLUoM,7220,Variable
MachineModuleType_MaterialOutputs_TotalOutput_QuantityInLUoM_DisplayFormat,7221,Variable
MachineModuleType_MaterialOutputs_TotalOutput_QuantityInLUoM_EngineeringUnits,7222,Variable
MachineModuleType_MaterialOutputs_TotalOutput_EngineeringUnits,7223,Variable
MachineModuleType_MaterialOutputs_UIInfo_PositionX,7224,Variable
MachineModuleType_MaterialOutputs_UIInfo_PositionY,7225,Variable
MaterialStorageBufferType_UnloadingRate,7227,Variable
MaterialStorageBufferType_UnloadingRate_QuantityInLUoM,7229,Variable
MaterialStorageBufferType_UnloadingRate_QuantityInLUoM_DisplayFormat,7240,Variable
MaterialStorageBufferType_UnloadingRate_QuantityInLUoM_EngineeringUnits,7242,Variable
MaterialStorageBufferType_UnloadingRate_DisplayFormat,7253,Variable
MaterialStorageBufferType_UnloadingRate_EngineeringUnits,7255,Variable
BinarySchema_TypeDictionary_RootCauseMessageType,7265,Variable
XmlSchema_TypeDictionary_RootCauseMessageType,7266,Variable
BinarySchema_TypeDictionary_RootCauseGroupType,7267,Variable
XmlSchema_TypeDictionary_RootCauseGroupType,7268,Variable
MachineModuleConfigurationType_RootCauseGroupList,7269,Variable
MachineModuleType_Configuration_RootCauseGroupList,7270,Variable
MachineModuleType_MaterialOutputs_UIInfo_Resizable,7275,Variable
TMCImplementedLevelEnumeration_EnumValues,7277,Variable
ControlsSWType_InstallSoftwarePackageRemotely_OutputArguments,7278,Variable
ControlsSWType_TransferSoftwarePackageToRepository_OutputArguments,7281,Variable
MachineModuleConfigurationType_LocationName,7284,Variable
MachineModuleConfigurationType_UserMachineName,7285,Variable
MachineModuleType_Configuration_LocationName,7286,Variable
MachineModuleType_Configuration_UserMachineName,7287,Variable
MachineModuleType_MaterialOutputs_UIInfo_UIResources_Default,7296,Variable
MachineModuleType_MaterialOutputs_UIInfo_Width,7297,Variable
MachineModuleConfigurationType_TimeZone,7300,Variable
MachineModuleType_Configuration_TimeZone,7301,Variable
MachineModuleType_MaterialOutputs_UnloadPoint,7306,Variable
MaterialStorageBufferType_NonMixing,7308,Variable
MachineModuleType_MaterialOutputs_DeviceManual,7310,Variable
MachineModuleConfigurationType_GetRootCauseGroupList,7314,Method
MachineModuleType_Configuration_GetRootCauseGroupList,7315,Method
MachineModuleType_MaterialOutputs_DeviceRevision,7320,Variable
MachineModuleConfigurationType_GetRootCauseGroupList_OutputArguments,7322,Variable
MachineModuleType_Configuration_GetRootCauseGroupList_OutputArguments,7323,Variable
MachineModuleType_MaterialOutputs_HardwareRevision,7328,Variable
UIInformationType_UIResources_Default,7336,Variable
MachineModuleType_UIInfo_UIResources_Image,7337,Variable
MachineModuleType_UIInfo_UIResources_Default,7338,Variable
MachineModuleType_MaterialOutputs_Manufacturer,7344,Variable
UIInformationType_Resizable,7346,Variable
MachineModuleType_UIInfo_Resizable,7347,Variable
MachineModuleType_MaterialOutputs_Model,7353,Variable
RootCauseGroupListChangeLogType_OldRootCauseGroupList,7354,Variable
RootCauseGroupListChangeLogType_NewRootCauseGroupList,7355,Variable
MaterialStorageBufferType_MES_ID,7356,Variable
MachineModuleType_MaterialOutputs_RevisionCounter,7358,Variable
MaterialLoadingPointType_ExpectedMaterial,7362,Variable
MachineModuleType_MaterialLoadingPoints_ExpectedMaterial,7367,Variable
MaterialQuantitiesType_QuantityInLUoM,7374,Variable
MaterialQuantitiesType_QuantityInLUoM_DisplayFormat,7375,Variable
MaterialQuantitiesType_QuantityInLUoM_EngineeringUnits,7376,Variable
MachineModuleType_MaterialLoadingPoints_NominalConsumptionRate_EngineeringUnits,7377,Variable
MaterialStorageBufferType_StoredLot,7384,Variable
MaterialStorageBufferType_StoredLot_Material,7385,Variable
MaterialStorageBufferType_StoredLot_QuantityInLUoM,7386,Variable
MaterialStorageBufferType_StoredLot_QuantityInLUoM_DisplayFormat,7387,Variable
MaterialStorageBufferType_StoredLot_QuantityInLUoM_EngineeringUnits,7388,Variable
MaterialStorageBufferType_StoredLot_DisplayFormat,7389,Variable
MaterialStorageBufferType_StoredLot_EngineeringUnits,7390,Variable
MachineModuleType_MaterialLoadingPoints_TotalLoadedLot,7415,Variable
MachineModuleType_MaterialLoadingPoints_TotalLoadedLot_DisplayFormat,7416,Variable
MachineModuleType_MaterialLoadingPoints_TotalLoadedLot_QuantityInLUoM,7417,Variable
MachineModuleType_MaterialLoadingPoints_TotalLoadedLot_QuantityInLUoM_DisplayFormat,7418,Variable
MachineModuleType_MaterialLoadingPoints_TotalLoadedLot_QuantityInLUoM_EngineeringUnits,7419,Variable
MachineModuleType_MaterialLoadingPoints_TotalLoadedLot_Material,7420,Variable
MachineModuleType_MaterialLoadingPoints_TotalLoadedLot_EngineeringUnits,7421,Variable
MachineModuleType_MaterialOutputs_SerialNumber,7429,Variable
MachineModuleType_MaterialOutputs_SoftwareRevision,7430,Variable
MaterialRejectedLogType_MaterialQuantityRejected_QuantityInLUoM,7431,Variable
MaterialRejectedLogType_MaterialQuantityRejected_QuantityInLUoM_DisplayFormat,7432,Variable
MaterialRejectedLogType_MaterialQuantityRejected_QuantityInLUoM_EngineeringUnits,7433,Variable
MaterialRejectedLogType_MaterialQuantityRejected_DisplayFormat,7434,Variable
MaterialRejectedLogType_MaterialQuantityRejected_EngineeringUnits,7435,Variable
MaterialRejectedLogType_TotalQuantityRejected_Material,7469,Variable
MaterialRejectedLogType_TotalQuantityRejected_QuantityInLUoM,7470,Variable
MaterialRejectedLogType_TotalQuantityRejected_QuantityInLUoM_DisplayFormat,7471,Variable
MaterialRejectedLogType_TotalQuantityRejected_QuantityInLUoM_EngineeringUnits,7472,Variable
MaterialRejectedLogType_TotalQuantityRejected_DisplayFormat,7473,Variable
MaterialRejectedLogType_TotalQuantityRejected_EngineeringUnits,7474,Variable
MaterialUnloadingIsRequiredLogType_MaterialQuantity_QuantityInLUoM,7475,Variable
MaterialUnloadingIsRequiredLogType_MaterialQuantity_QuantityInLUoM_DisplayFormat,7476,Variable
MaterialUnloadingIsRequiredLogType_MaterialQuantity_QuantityInLUoM_EngineeringUnits,7477,Variable
MaterialUnloadingIsRequiredLogType_MaterialQuantity_DisplayFormat,7478,Variable
MaterialUnloadingIsRequiredLogType_MaterialQuantity_EngineeringUnits,7479,Variable
MaterialOutputType_TotalOutput,7517,Variable
MaterialOutputType_TotalOutput_Material,7518,Variable
MaterialOutputType_TotalOutput_QuantityInLUoM,7519,Variable
MaterialOutputType_TotalOutput_QuantityInLUoM_DisplayFormat,7520,Variable
MaterialOutputType_TotalOutput_QuantityInLUoM_EngineeringUnits,7521,Variable
MaterialOutputType_TotalOutput_DisplayFormat,7522,Variable
MaterialOutputType_TotalOutput_EngineeringUnits,7523,Variable
MaterialOutputType_OutputRate,7524,Variable
MaterialOutputType_OutputRate_QuantityInLUoM,7525,Variable
MaterialOutputType_OutputRate_QuantityInLUoM_DisplayFormat,7526,Variable
MaterialOutputType_OutputRate_QuantityInLUoM_EngineeringUnits,7527,Variable
MaterialOutputType_OutputRate_DisplayFormat,7528,Variable
MaterialOutputType_OutputRate_EngineeringUnits,7529,Variable
MaterialOutputType_UnloadPoint,7530,Variable
MaterialLoadingPointType_ActualConsumptionRate,7531,Variable
MaterialLoadingPointType_ActualConsumptionRate_QuantityInLUoM,7532,Variable
MaterialLoadingPointType_ActualConsumptionRate_QuantityInLUoM_DisplayFormat,7533,Variable
MaterialLoadingPointType_ActualConsumptionRate_QuantityInLUoM_EngineeringUnits,7534,Variable
MaterialLoadingPointType_ActualConsumptionRate_DisplayFormat,7535,Variable
MaterialLoadingPointType_ActualConsumptionRate_EngineeringUnits,7536,Variable
MachineModuleType_MaterialLoadingPoints_ActualConsumptionRate,7561,Variable
MachineModuleType_MaterialLoadingPoints_ActualConsumptionRate_DisplayFormat,7562,Variable
MachineModuleType_MaterialLoadingPoints_ActualConsumptionRate_QuantityInLUoM,7563,Variable
MachineModuleType_MaterialLoadingPoints_ActualConsumptionRate_QuantityInLUoM_DisplayFormat,7564,Variable
MachineModuleType_MaterialLoadingPoints_ActualConsumptionRate_QuantityInLUoM_EngineeringUnits,7565,Variable
MachineModuleType_MaterialLoadingPoints_ActualConsumptionRate_EngineeringUnits,7566,Variable
NewPresentedMaterialLogType_PresentedMaterialLot,7573,Variable
NewPresentedMaterialLogType_PresentedMaterialLot_Material,7574,Variable
NewPresentedMaterialLogType_PresentedMaterialLot_QuantityInLUoM,7575,Variable
NewPresentedMaterialLogType_PresentedMaterialLot_QuantityInLUoM_DisplayFormat,7576,Variable
NewPresentedMaterialLogType_PresentedMaterialLot_QuantityInLUoM_EngineeringUnits,7577,Variable
NewPresentedMaterialLogType_PresentedMaterialLot_DisplayFormat,7578,Variable
NewPresentedMaterialLogType_PresentedMaterialLot_EngineeringUnits,7579,Variable
IntegrityRejectedMaterialLogType_RejectedLot,7580,Variable
IntegrityRejectedMaterialLogType_RejectedLot_Material,7581,Variable
IntegrityRejectedMaterialLogType_RejectedLot_QuantityInLUoM,7582,Variable
IntegrityRejectedMaterialLogType_RejectedLot_QuantityInLUoM_DisplayFormat,7583,Variable
IntegrityRejectedMaterialLogType_RejectedLot_QuantityInLUoM_EngineeringUnits,7584,Variable
IntegrityRejectedMaterialLogType_RejectedLot_DisplayFormat,7585,Variable
IntegrityRejectedMaterialLogType_RejectedLot_EngineeringUnits,7586,Variable
MaterialStorageBufferType_UIInfo_PositionX,7588,Variable
MaterialStorageBufferType_UIInfo_PositionY,7589,Variable
MaterialStorageBufferType_UIInfo_Resizable,7590,Variable
MaterialStorageBufferType_UIInfo_UIResources_Default,7593,Variable
MaterialStorageBufferType_UIInfo_Width,7594,Variable
MaterialRejectionTrapType_UIInfo_PositionX,7630,Variable
MaterialRejectionTrapType_UIInfo_PositionY,7631,Variable
MaterialRejectionTrapType_UIInfo_Resizable,7632,Variable
MaterialRejectionTrapType_UIInfo_UIResources_Default,7635,Variable
MaterialRejectionTrapType_UIInfo_Width,7636,Variable
MaterialOutputType_MasterTotalOutput,7641,Variable
MaterialOutputType_MasterTotalOutput_Material,7647,Variable
MaterialOutputType_MasterTotalOutput_QuantityInLUoM,7648,Variable
MaterialOutputType_MasterTotalOutput_QuantityInLUoM_DisplayFormat,7654,Variable
MaterialOutputType_MasterTotalOutput_QuantityInLUoM_EngineeringUnits,7655,Variable
MachineModuleType_MaterialRejectionTraps_UIInfo_PositionX,7658,Variable
MachineModuleType_MaterialRejectionTraps_UIInfo_PositionY,7659,Variable
MachineModuleType_MaterialRejectionTraps_UIInfo_Resizable,7660,Variable
MaterialOutputType_MasterTotalOutput_DisplayFormat,7661,Variable
MaterialOutputType_MasterTotalOutput_EngineeringUnits,7662,Variable
MachineModuleType_MaterialRejectionTraps_UIInfo_UIResources_Default,7663,Variable
MachineModuleType_MaterialRejectionTraps_UIInfo_Width,7664,Variable
DefectDetectionSensorType_UIInfo_PositionX,7665,Variable
DefectDetectionSensorType_UIInfo_PositionY,7666,Variable
DefectDetectionSensorType_UIInfo_Resizable,7667,Variable
MaterialOutputType_ResetTotal,7668,Method
MaterialOutputType_ResetTotal_OutputArguments,7669,Variable
DefectDetectionSensorType_UIInfo_UIResources_Default,7670,Variable
DefectDetectionSensorType_UIInfo_Width,7671,Variable
MachineModuleType_DefectDetectionSensors_UIInfo_PositionX,7686,Variable
MachineModuleType_DefectDetectionSensors_UIInfo_PositionY,7687,Variable
MachineModuleType_DefectDetectionSensors_UIInfo_Resizable,7688,Variable
MachineModuleType_DefectDetectionSensors_UIInfo_UIResources_Default,7691,Variable
MachineModuleType_DefectDetectionSensors_UIInfo_Width,7692,Variable
MaterialLoadingPointType_UIInfo_PositionX,7693,Variable
MaterialLoadingPointType_UIInfo_PositionY,7694,Variable
MaterialLoadingPointType_UIInfo_Resizable,7695,Variable
MaterialLoadingPointType_UIInfo_UIResources_Default,7698,Variable
MaterialLoadingPointType_UIInfo_Width,7699,Variable
MachineModuleType_MaterialLoadingPoints_UIInfo_PositionX,7728,Variable
MachineModuleType_MaterialLoadingPoints_UIInfo_PositionY,7729,Variable
MachineModuleType_MaterialLoadingPoints_UIInfo_Resizable,7730,Variable
MachineModuleType_MaterialLoadingPoints_UIInfo_UIResources_Default,7733,Variable
MachineModuleType_MaterialLoadingPoints_UIInfo_Width,7734,Variable
MaterialStorageBufferType_UIInfo_UIResources_Image,7742,Variable
MaterialRejectionTrapType_UIInfo_UIResources_Image,7743,Variable
MachineModuleType_MaterialRejectionTraps_UIInfo_UIResources_Image,7744,Variable
DefectDetectionSensorType_UIInfo_UIResources_Image,7745,Variable
MachineModuleType_DefectDetectionSensors_UIInfo_UIResources_Image,7746,Variable
MaterialLoadingPointType_UIInfo_UIResources_Image,7747,Variable
MachineModuleType_MaterialLoadingPoints_UIInfo_UIResources_Image,7748,Variable
UserInterfaceType_OverVU,7773,Variable
UserInterfaceType_KPIVU,7774,Variable
MaterialRejectionTrapType_MaterialQuantityRejectedMasterTotal_Material,7776,Variable
MaterialRejectionTrapType_MaterialQuantityRejectedMasterTotal_QuantityInLUoM,7778,Variable
UserInterfaceType_ZoomedVU,7779,Variable
MaterialRejectionTrapType_MaterialQuantityRejectedMasterTotal_QuantityInLUoM_DisplayFormat,7780,Variable
MaterialRejectionTrapType_MaterialQuantityRejectedMasterTotal_QuantityInLUoM_EngineeringUnits,7782,Variable
MaterialRejectionTrapType_MaterialQuantityRejectedMasterTotal_DisplayFormat,7783,Variable
MaterialRejectionTrapType_MaterialQuantityRejectedMasterTotal_EngineeringUnits,7784,Variable
UserInterfaceType_LoopVUReferences,7797,Variable
MachineModuleType_MaterialRejectionTraps_MaterialQuantityRejectedMasterTotal_DisplayFormat,7811,Variable
MachineModuleType_MaterialRejectionTraps_MaterialQuantityRejectedMasterTotal_Material,7812,Variable
MachineModuleType_MaterialRejectionTraps_MaterialQuantityRejectedMasterTotal_QuantityInLUoM,7813,Variable
MachineModuleType_MaterialRejectionTraps_MaterialQuantityRejectedMasterTotal_QuantityInLUoM_DisplayFormat,7814,Variable
MachineModuleType_MaterialRejectionTraps_MaterialQuantityRejectedMasterTotal_QuantityInLUoM_EngineeringUnits,7815,Variable
MachineModuleType_MaterialRejectionTraps_MaterialQuantityRejectedMasterTotal_EngineeringUnits,7816,Variable
MaterialRejectionTrapType_MaterialQuantityRejectedTotal_Material,7817,Variable
MaterialRejectionTrapType_MaterialQuantityRejectedTotal_QuantityInLUoM,7818,Variable
MaterialRejectionTrapType_MaterialQuantityRejectedTotal_QuantityInLUoM_DisplayFormat,7819,Variable
MaterialRejectionTrapType_MaterialQuantityRejectedTotal_QuantityInLUoM_EngineeringUnits,7820,Variable
MaterialRejectionTrapType_MaterialQuantityRejectedTotal_DisplayFormat,7821,Variable
MaterialRejectionTrapType_MaterialQuantityRejectedTotal_EngineeringUnits,7822,Variable
MachineModuleType_MaterialRejectionTraps_MaterialQuantityRejectedTotal_DisplayFormat,7841,Variable
MachineModuleType_MaterialRejectionTraps_MaterialQuantityRejectedTotal_Material,7842,Variable
MachineModuleType_MaterialRejectionTraps_MaterialQuantityRejectedTotal_QuantityInLUoM,7843,Variable
MachineModuleType_MaterialRejectionTraps_MaterialQuantityRejectedTotal_QuantityInLUoM_DisplayFormat,7844,Variable
MachineModuleType_MaterialRejectionTraps_MaterialQuantityRejectedTotal_QuantityInLUoM_EngineeringUnits,7845,Variable
MachineModuleType_MaterialRejectionTraps_MaterialQuantityRejectedTotal_EngineeringUnits,7846,Variable
ProcessItemType_AnalogMeasurement,7847,Variable
ProcessItemType_HH,7848,Variable
ProcessItemType_H,7849,Variable
ProcessItemType_L,7850,Variable
ProcessItemType_LL,7851,Variable
ProcessItemType_DisplayFormat,7852,Variable
ProcessItemType_EffectivePrecision,7853,Variable
ProcessItemType_EngineeringUnits,7854,Variable
ProcessItemType_UIInfo_PositionX,7855,Variable
ProcessItemType_UIInfo_PositionY,7856,Variable
ProcessItemType_UIInfo_Resizable,7857,Variable
ProcessItemType_UIInfo_UIResources_Default,7860,Variable
ProcessItemType_UIInfo_Width,7861,Variable
