ZoneAlarmType,1002,ObjectType
TemperatureRiseMonitoringType,1003,ObjectType
HeatUpType,1004,ObjectType
ControllerType,1005,ObjectType
ZoneType,1006,ObjectType
MaintenanceInformationType,1007,ObjectType
ZonesType,1008,ObjectType
OperationType,1009,ObjectType
HRD_InterfaceType,1010,ObjectType
HRDTemperatureType,1011,ObjectType
ControllerTypeEnumeration,3002,DataType
ZoneStatusEnumeration,3003,DataType
TimeMethodPIDParametersDataType,3005,DataType
ZoneType_Temperature,5001,Object
ZoneType_Controller,5002,Object
ZoneType_HeatUp,5003,Object
ZoneType_TemperatureRiseMonitoring,5004,Object
MaintenanceInformationType_Heating,5005,Object
MaintenanceInformationType_SafetyTest,5006,Object
MaintenanceInformationType_CoolingFan,5007,Object
ZonesType_Zone__Nr__Temperature,5008,Object
ZonesType_Zone__Nr_,5009,Object
ZonesType_Zone__Nr__Controller,5010,Object
ZonesType_Zone__Nr__HeatUp,5011,Object
HRD_InterfaceType_Zones_Zone__Nr__Temperature,5012,Object
ZonesType_Zone__Nr__TemperatureRiseMonitoring,5013,Object
ZoneType_Temperature_ClosedLoopControl,5014,Object
HRD_InterfaceType_Identification,5015,Object
HRD_InterfaceType_MachineConfiguration,5016,Object
HRD_InterfaceType_Operation,5017,Object
HRD_InterfaceType_Zones,5018,Object
HRD_InterfaceType_Zones_Zone__Nr_,5019,Object
HRD_InterfaceType_Zones_Zone__Nr__Controller,5020,Object
ZonesType_Zone__Nr__Temperature_ClosedLoopControl,5021,Object
HRD_InterfaceType_Diagnostics,5022,Object
HRD_InterfaceType_MaintenanceInformation,5023,Object
HRD_InterfaceType_MaintenanceInformation_CoolingFan,5024,Object
HRD_InterfaceType_MaintenanceInformation_Heating,5025,Object
HRD_InterfaceType_MaintenanceInformation_SafetyTest,5026,Object
HRD_InterfaceType_Zones_Zone__Nr__Temperature_ClosedLoopControl,5027,Object
DefaultBinary,5028,Object
DefaultXml,5029,Object
DefaultJson,5030,Object
HRD_InterfaceType_Zones_Zone__Nr__HeatUp,5031,Object
HRD_InterfaceType_Zones_Zone__Nr__TemperatureRiseMonitoring,5032,Object
Server_Namespaces_http___opcfoundation_org_UA_PlasticsRubber_HotRunner_,5033,Object
TimeMethodPIDParametersDataType_Encoding_DefaultBinary,5037,Object
TimeMethodPIDParametersDataType_Encoding_DefaultXml,5038,Object
TimeMethodPIDParametersDataType_Encoding_DefaultJson,5039,Object
ControllerType_LoadCurrent,5040,Object
ZoneType_Controller_LoadCurrent,5041,Object
ZonesType_Zone__Nr__Controller_LoadCurrent,5042,Object
HRD_InterfaceType_Zones_Zone__Nr__Controller_LoadCurrent,5043,Object
ControllerType_LoadPower,5044,Object
ZoneType_Controller_LoadPower,5045,Object
ZonesType_Zone__Nr__Controller_LoadPower,5046,Object
HRD_InterfaceType_Zones_Zone__Nr__Controller_LoadPower,5047,Object
TemperatureRiseMonitoringType_SetValueActive,6002,Variable
TemperatureRiseMonitoringType_ErrorDetected,6003,Variable
TemperatureRiseMonitoringType_SupervisionTime,6004,Variable
TemperatureRiseMonitoringType_SetValueTemperatureChange,6005,Variable
TemperatureRiseMonitoringType_SetValueTemperatureChange_EURange,6006,Variable
TemperatureRiseMonitoringType_SetValueTemperatureChange_EngineeringUnits,6007,Variable
HeatUpType_ManualOutputLimitActive,6008,Variable
HeatUpType_SetValueManualOutputLimit,6009,Variable
HeatUpType_SetValueManualOutputLimit_EURange,6010,Variable
HeatUpType_SetValueTemperature,6011,Variable
HeatUpType_SetValueTemperature_EURange,6012,Variable
HeatUpType_EvenHeatUpEnabled,6013,Variable
HeatUpType_SetValueManualOutputLimit_EngineeringUnits,6014,Variable
HeatUpType_SetValueTemperature_EngineeringUnits,6015,Variable
ControllerTypeEnumeration_EnumStrings,6016,Variable
BinarySchema_OPC40082_2_BinarySchema,6017,Variable
BinarySchema_OPC40082_2_BinarySchema_NamespaceUri,6018,Variable
XmlSchema_OPC40082_2_XmlSchema,6019,Variable
XmlSchema_OPC40082_2_XmlSchema_NamespaceUri,6020,Variable
ControllerType_SetValueActive,6021,Variable
ControllerType_ActualValueActive,6022,Variable
ControllerType_SetValueType,6023,Variable
ControllerType_SetValueType_EnumValues,6024,Variable
ControllerType_ActualType,6025,Variable
ControllerType_UpperOutput,6026,Variable
ControllerType_UpperOutput_EURange,6027,Variable
ControllerType_LowerOutput,6028,Variable
ControllerType_LowerOutput_EURange,6029,Variable
ControllerType_OutputTime,6030,Variable
ControllerType_ReferenceZone,6031,Variable
ControllerType_SetValueManualOutput,6032,Variable
ControllerType_SetValueManualOutput_EURange,6033,Variable
ControllerType_ActualOutput,6034,Variable
ControllerType_ActualOutput_EURange,6035,Variable
ControllerType_AverageControllerOutput,6036,Variable
ControllerType_AverageControllerOutput_EURange,6037,Variable
ControllerType_LoadCurrent_ActualValue,6038,Variable
ControllerType_LoadCurrent_ActualValue_EURange,6039,Variable
BinarySchema_OPC40082_2_BinarySchema_TimeMethodPIDParametersDataType,6040,Variable
ControllerType_UpperSetValueCascade,6041,Variable
ControllerType_UpperSetValueCascade_EURange,6042,Variable
ControllerType_LoadCurrent_ActualValue_EngineeringUnits,6043,Variable
ControllerType_ActualOutput_EngineeringUnits,6044,Variable
ControllerType_AverageControllerOutput_EngineeringUnits,6045,Variable
ControllerType_LowerOutput_EngineeringUnits,6046,Variable
ControllerType_SetValueManualOutput_EngineeringUnits,6047,Variable
ControllerType_UpperOutput_EngineeringUnits,6048,Variable
ControllerType_UpperSetValueCascade_EngineeringUnits,6049,Variable
ZoneStatusEnumeration_EnumStrings,6050,Variable
ZoneType_Name,6051,Variable
ZoneType_HighestActiveAlarmSeverity,6052,Variable
ZoneType_ThermocoupleType,6053,Variable
ZoneType_ThermocoupleType_EnumValues,6054,Variable
ZonesType_Zone__Nr__HighestActiveAlarmSeverity,6055,Variable
ZoneType_Controller_AutomaticReferenceZoneSelection,6056,Variable
ZoneType_Temperature_ActualValue,6057,Variable
ZoneType_Temperature_ActualValue_EURange,6058,Variable
ZoneType_Controller_ActualType,6059,Variable
ZoneType_Controller_ActualValueActive,6060,Variable
ZoneType_Controller_SetValueActive,6061,Variable
ControllerType_SetValueType_ValueAsText,6062,Variable
ZoneType_Controller_UpperOutput_EngineeringUnits,6063,Variable
ZoneType_TemperatureRiseMonitoring_ErrorDetected,6064,Variable
ZoneType_TemperatureRiseMonitoring_SetValueActive,6065,Variable
MaintenanceInformationType_Heating_Status,6066,Variable
MaintenanceInformationType_SafetyTest_Status,6067,Variable
MaintenanceInformationType_CoolingFan_Status,6068,Variable
MaintenanceInformationType_CoolingFan_AdditionalInformation,6069,Variable
MaintenanceInformationType_CoolingFan_Interval,6070,Variable
MaintenanceInformationType_CoolingFan_Interval_EURange,6071,Variable
MaintenanceInformationType_CoolingFan_RemainingInterval,6072,Variable
MaintenanceInformationType_CoolingFan_RemainingInterval_EURange,6073,Variable
MaintenanceInformationType_CoolingFan_TotalOperation,6074,Variable
MaintenanceInformationType_CoolingFan_TotalOperation_EURange,6075,Variable
MaintenanceInformationType_Heating_AdditionalInformation,6076,Variable
MaintenanceInformationType_Heating_Interval,6077,Variable
MaintenanceInformationType_Heating_Interval_EURange,6078,Variable
MaintenanceInformationType_Heating_RemainingInterval,6079,Variable
MaintenanceInformationType_Heating_RemainingInterval_EURange,6080,Variable
ControllerType_LoadCurrent_AlarmSuppression,6081,Variable
ControllerType_LoadCurrent_AlarmSuppression_EnumValues,6082,Variable
ZoneType_Controller_ActualOutput,6083,Variable
ZoneType_Controller_ActualOutput_EURange,6084,Variable
ZoneType_Controller_AverageControllerOutput,6085,Variable
ZoneType_Controller_AverageControllerOutput_EURange,6086,Variable
ZoneType_Controller_LowerOutput,6087,Variable
ZoneType_Controller_LowerOutput_EURange,6088,Variable
ZoneType_Controller_OutputTime,6089,Variable
ZoneType_Controller_ReferenceZone,6090,Variable
ZoneType_Controller_SetValueManualOutput,6091,Variable
ZoneType_Controller_SetValueManualOutput_EURange,6092,Variable
XmlSchema_OPC40082_2_XmlSchema_TimeMethodPIDParametersDataType,6093,Variable
ZoneType_Controller_UpperOutput,6094,Variable
ZoneType_Controller_UpperOutput_EURange,6095,Variable
ZoneType_Controller_UpperSetValueCascade,6096,Variable
ZoneType_Controller_UpperSetValueCascade_EURange,6097,Variable
ZoneType_HeatUp_EvenHeatUpEnabled,6098,Variable
ZoneType_HeatUp_ManualOutputLimitActive,6099,Variable
ZoneType_HeatUp_SetValueManualOutputLimit,6100,Variable
ZoneType_HeatUp_SetValueManualOutputLimit_EURange,6101,Variable
ZoneType_HeatUp_SetValueTemperature,6102,Variable
ZoneType_HeatUp_SetValueTemperature_EURange,6103,Variable
ZonesType_Zone__Nr__Temperature_ActualValue,6104,Variable
ZonesType_Zone__Nr__Temperature_ActualValue_EURange,6105,Variable
ControllerType_LoadCurrent_AlarmSuppression_ValueAsText,6106,Variable
ControllerType_LoadCurrent_AutomaticMonitoring,6107,Variable
HRD_InterfaceType_Zones_Zone__Nr__Controller_ActualOutput,6108,Variable
HRD_InterfaceType_Zones_Zone__Nr__Controller_ActualOutput_EURange,6109,Variable
HRD_InterfaceType_Zones_Zone__Nr__Controller_AverageControllerOutput,6110,Variable
HRD_InterfaceType_Zones_Zone__Nr__Controller_AverageControllerOutput_EURange,6111,Variable
HRD_InterfaceType_Zones_Zone__Nr__Controller_LowerOutput,6112,Variable
HRD_InterfaceType_Zones_Zone__Nr__Controller_LowerOutput_EURange,6113,Variable
HRD_InterfaceType_Zones_Zone__Nr__Controller_OutputTime,6114,Variable
HRD_InterfaceType_Zones_Zone__Nr__Controller_ReferenceZone,6115,Variable
HRD_InterfaceType_Zones_Zone__Nr__Controller_SetValueManualOutput,6116,Variable
HRD_InterfaceType_Zones_Zone__Nr__Controller_SetValueManualOutput_EURange,6117,Variable
HRDTemperatureType_BoostTime,6118,Variable
HRD_InterfaceType_Zones_Zone__Nr__Controller_UpperOutput,6119,Variable
HRD_InterfaceType_Zones_Zone__Nr__Controller_UpperOutput_EURange,6120,Variable
HRD_InterfaceType_Zones_Zone__Nr__Controller_UpperSetValueCascade,6121,Variable
HRD_InterfaceType_Zones_Zone__Nr__Controller_UpperSetValueCascade_EURange,6122,Variable
HRD_InterfaceType_Zones_Zone__Nr__Temperature_ActualValue,6123,Variable
HRD_InterfaceType_Zones_Zone__Nr__Temperature_ActualValue_EURange,6124,Variable
ZoneType_Temperature_ActualValue_EngineeringUnits,6125,Variable
ZonesType_Zone__Nr__Temperature_ActualValue_EngineeringUnits,6126,Variable
HRD_InterfaceType_Zones_Zone__Nr__Temperature_ActualValue_EngineeringUnits,6127,Variable
ZonesType_Zone__Nr__Temperature_ClosedLoopControl_AutomaticControllerMode,6128,Variable
ZonesType_Zone__Nr__Temperature_ClosedLoopControl_AutoTuningActive,6129,Variable
ZonesType_Zone__Nr__Temperature_ClosedLoopControl_PIDParameters,6130,Variable
HRD_InterfaceType_Zones_Zone__Nr__Temperature_ClosedLoopControl_AutomaticControllerMode,6131,Variable
HRDTemperatureType_BoostSetValue,6132,Variable
ZoneType_TemperatureRiseMonitoring_SetValueTemperatureChange,6133,Variable
ZoneType_TemperatureRiseMonitoring_SetValueTemperatureChange_EURange,6134,Variable
ZoneType_TemperatureRiseMonitoring_SupervisionTime,6135,Variable
ZonesType_NodeVersion,6136,Variable
ZonesType_Zone__Nr__Controller_AutomaticReferenceZoneSelection,6137,Variable
HRD_InterfaceType_Zones_Zone__Nr__Controller_AutomaticReferenceZoneSelection,6138,Variable
ZonesType_Zone__Nr__Controller_ActualType,6139,Variable
ZonesType_Zone__Nr__Controller_ActualValueActive,6140,Variable
ZonesType_Zone__Nr__Controller_SetValueActive,6141,Variable
ZoneType_Controller_LowerOutput_EngineeringUnits,6142,Variable
ZoneType_Controller_SetValueManualOutput_EngineeringUnits,6143,Variable
ZonesType_Zone__Nr__Name,6144,Variable
ZoneType_HeatUp_RelayHeatingGroup,6145,Variable
HRD_InterfaceType_Zones_Zone__Nr__Temperature_ClosedLoopControl_AutoTuningActive,6146,Variable
HRD_InterfaceType_Zones_Zone__Nr__Temperature_ClosedLoopControl_PIDParameters,6147,Variable
ZonesType_Zone__Nr__TemperatureRiseMonitoring_ErrorDetected,6148,Variable
ZonesType_Zone__Nr__TemperatureRiseMonitoring_SetValueActive,6149,Variable
ZonesType_Zone__Nr__ThermocoupleType,6150,Variable
ZoneType_ThermocoupleType_ValueAsText,6151,Variable
ControllerType_LoadCurrent_LowerTolerance,6152,Variable
ControllerType_LoadCurrent_LowerTolerance_EURange,6153,Variable
ZonesType_Zone__Nr__Controller_ActualOutput,6154,Variable
ZonesType_Zone__Nr__Controller_ActualOutput_EURange,6155,Variable
ZonesType_Zone__Nr__Controller_AverageControllerOutput,6156,Variable
ZonesType_Zone__Nr__Controller_AverageControllerOutput_EURange,6157,Variable
ZonesType_Zone__Nr__Controller_LowerOutput,6158,Variable
ZonesType_Zone__Nr__Controller_LowerOutput_EURange,6159,Variable
ZonesType_Zone__Nr__Controller_OutputTime,6160,Variable
ZonesType_Zone__Nr__Controller_ReferenceZone,6161,Variable
ZonesType_Zone__Nr__Controller_SetValueManualOutput,6162,Variable
ZonesType_Zone__Nr__Controller_SetValueManualOutput_EURange,6163,Variable
HRDTemperatureType_TimeMethodPIDParameters,6164,Variable
ZonesType_Zone__Nr__Controller_UpperOutput,6165,Variable
ZonesType_Zone__Nr__Controller_UpperOutput_EURange,6166,Variable
ZonesType_Zone__Nr__Controller_UpperSetValueCascade,6167,Variable
ZonesType_Zone__Nr__Controller_UpperSetValueCascade_EURange,6168,Variable
ZonesType_Zone__Nr__HeatUp_EvenHeatUpEnabled,6169,Variable
ZonesType_Zone__Nr__HeatUp_ManualOutputLimitActive,6170,Variable
ZonesType_Zone__Nr__HeatUp_SetValueManualOutputLimit,6171,Variable
ZonesType_Zone__Nr__HeatUp_SetValueManualOutputLimit_EURange,6172,Variable
ZonesType_Zone__Nr__HeatUp_SetValueTemperature,6173,Variable
ZonesType_Zone__Nr__HeatUp_SetValueTemperature_EURange,6174,Variable
ZoneType_Temperature_AlarmSuppression,6175,Variable
ZoneType_Temperature_AlarmSuppression_EnumValues,6176,Variable
ZoneType_Temperature_AlarmSuppression_ValueAsText,6177,Variable
ZoneType_Temperature_AutomaticMonitoring,6178,Variable
ZoneType_Temperature_LowerTolerance,6179,Variable
ZoneType_Temperature_LowerTolerance_EURange,6180,Variable
ZoneType_Temperature_LowerTolerance2,6181,Variable
ZoneType_Temperature_LowerTolerance2_EURange,6182,Variable
ZoneType_Temperature_MaxValue,6183,Variable
ZoneType_Temperature_SecondSetValue,6184,Variable
ZoneType_Temperature_SecondSetValue_EURange,6185,Variable
ZoneType_Temperature_MaxValue_EURange,6186,Variable
ZoneType_Temperature_MinValue,6187,Variable
ZoneType_Temperature_MinValue_EURange,6188,Variable
ZoneType_Temperature_MonitoringSensitivity,6189,Variable
ZoneType_Temperature_MonitoringSensitivity_EnumValues,6190,Variable
ZoneType_Temperature_MonitoringSensitivity_ValueAsText,6191,Variable
ZoneType_Temperature_SetRampDown,6192,Variable
ZoneType_Temperature_SetRampDown_EURange,6193,Variable
ZoneType_Temperature_SetRampUp,6194,Variable
ZoneType_Temperature_SetRampUp_EURange,6195,Variable
ZoneType_Temperature_SetValue,6196,Variable
ZoneType_Temperature_SetValue_EURange,6197,Variable
ZoneType_Temperature_UpperTolerance,6198,Variable
ZoneType_Temperature_UpperTolerance_EURange,6199,Variable
HRDTemperatureType_BoostSetValue_EURange,6200,Variable
ZoneType_Temperature_UpperTolerance2,6201,Variable
ZoneType_Temperature_UpperTolerance2_EURange,6202,Variable
ZonesType_Zone__Nr__TemperatureRiseMonitoring_SetValueTemperatureChange,6203,Variable
ZonesType_Zone__Nr__TemperatureRiseMonitoring_SetValueTemperatureChange_EURange,6204,Variable
ZonesType_Zone__Nr__TemperatureRiseMonitoring_SupervisionTime,6205,Variable
ZonesType_Zone__Nr__Temperature_AlarmSuppression,6206,Variable
ZoneType_HeatUp_SetValueManualOutputLimit_EngineeringUnits,6207,Variable
ZoneType_HeatUp_SetValueTemperature_EngineeringUnits,6208,Variable
ZonesType_Zone__Nr__HeatUp_SetValueManualOutputLimit_EngineeringUnits,6209,Variable
ZonesType_Zone__Nr__HeatUp_SetValueTemperature_EngineeringUnits,6210,Variable
ZoneType_TemperatureRiseMonitoring_SetValueTemperatureChange_EngineeringUnits,6211,Variable
ZonesType_Zone__Nr__TemperatureRiseMonitoring_SetValueTemperatureChange_EngineeringUnits,6212,Variable
OperationType_HighestActiveAlarmSeverity,6213,Variable
OperationType_DeviceMappingNumber,6214,Variable
OperationType_ActiveErrors,6215,Variable
OperationType_EnablePower,6216,Variable
OperationType_ActiveSetValues,6217,Variable
HRD_InterfaceType_Identification_DeviceClass,6218,Variable
HRD_InterfaceType_Identification_Manufacturer,6219,Variable
HRD_InterfaceType_Identification_Model,6220,Variable
HRD_InterfaceType_Identification_SerialNumber,6221,Variable
HRD_InterfaceType_MachineConfiguration_LocationName,6222,Variable
HRD_InterfaceType_MachineConfiguration_SetMachineTime_InputArguments,6223,Variable
HRD_InterfaceType_MachineConfiguration_TimeZoneOffset,6224,Variable
HRD_InterfaceType_MachineConfiguration_UserMachineName,6225,Variable
HRD_InterfaceType_Operation_DeviceMappingNumber,6226,Variable
HRD_InterfaceType_Operation_ActiveErrors,6227,Variable
HRD_InterfaceType_Zones_NodeVersion,6228,Variable
HRD_InterfaceType_Zones_Zone__Nr__Controller_ActualType,6229,Variable
HRD_InterfaceType_Zones_Zone__Nr__Controller_ActualValueActive,6230,Variable
HRD_InterfaceType_Zones_Zone__Nr__Controller_SetValueActive,6231,Variable
ZoneType_Controller_ActualOutput_EngineeringUnits,6232,Variable
ZoneType_Controller_AverageControllerOutput_EngineeringUnits,6233,Variable
ZoneType_HeatUp_RelayHeatingTime,6234,Variable
ZonesType_Zone__Nr__Temperature_AlarmSuppression_EnumValues,6235,Variable
ZonesType_Zone__Nr__Temperature_AlarmSuppression_ValueAsText,6236,Variable
HRD_InterfaceType_Diagnostics_Status,6237,Variable
HeatUpType_RelayHeatingGroup,6238,Variable
HRD_InterfaceType_DisplayLanguage,6240,Variable
HRD_InterfaceType_Identification_AssetId,6241,Variable
HRD_InterfaceType_Identification_ComponentName,6242,Variable
HRD_InterfaceType_Identification_DeviceManual,6243,Variable
HRD_InterfaceType_MachineConfiguration_GetCurrentPage_InputArguments,6244,Variable
HRD_InterfaceType_MachineConfiguration_GetCurrentPage_OutputArguments,6245,Variable
HRD_InterfaceType_MachineConfiguration_GetPage_InputArguments,6246,Variable
HRD_InterfaceType_MachineConfiguration_GetPage_OutputArguments,6247,Variable
MaintenanceInformationType_Heating_TotalOperation,6248,Variable
MaintenanceInformationType_Heating_TotalOperation_EURange,6249,Variable
MaintenanceInformationType_Heating_Interval_EngineeringUnits,6250,Variable
HRD_InterfaceType_Operation_EnablePower,6251,Variable
HRD_InterfaceType_Operation_ActiveSetValues,6252,Variable
HRDTemperatureType_SecondSetValue,6253,Variable
HRDTemperatureType_SecondSetValue_EURange,6254,Variable
HRDTemperatureType_StandbySetValue,6255,Variable
HRDTemperatureType_SecondSetValue_EngineeringUnits,6256,Variable
ZonesType_Zone__Nr__Temperature_AutomaticMonitoring,6257,Variable
ZonesType_Zone__Nr__Temperature_LowerTolerance,6258,Variable
ZonesType_Zone__Nr__Temperature_LowerTolerance_EURange,6259,Variable
ZonesType_Zone__Nr__Temperature_LowerTolerance2,6260,Variable
ZonesType_Zone__Nr__Temperature_LowerTolerance2_EURange,6261,Variable
ZonesType_Zone__Nr__Temperature_MaxValue,6262,Variable
ZonesType_Zone__Nr__Temperature_SecondSetValue,6263,Variable
ZonesType_Zone__Nr__Temperature_SecondSetValue_EURange,6264,Variable
ZonesType_Zone__Nr__Temperature_MaxValue_EURange,6265,Variable
ZonesType_Zone__Nr__Temperature_MinValue,6266,Variable
ZonesType_Zone__Nr__Temperature_MinValue_EURange,6267,Variable
ZonesType_Zone__Nr__Temperature_MonitoringSensitivity,6268,Variable
ZonesType_Zone__Nr__Temperature_MonitoringSensitivity_EnumValues,6269,Variable
ZonesType_Zone__Nr__Temperature_MonitoringSensitivity_ValueAsText,6270,Variable
ZonesType_Zone__Nr__Temperature_SetRampDown,6271,Variable
ZonesType_Zone__Nr__Temperature_SetRampDown_EURange,6272,Variable
ZonesType_Zone__Nr__Temperature_SetRampUp,6273,Variable
ZonesType_Zone__Nr__Temperature_SetRampUp_EURange,6274,Variable
ZonesType_Zone__Nr__Temperature_SetValue,6275,Variable
ZonesType_Zone__Nr__Temperature_SetValue_EURange,6276,Variable
ZonesType_Zone__Nr__Temperature_UpperTolerance,6277,Variable
ZonesType_Zone__Nr__Temperature_UpperTolerance_EURange,6278,Variable
HRDTemperatureType_StandbySetValue_EURange,6279,Variable
ZonesType_Zone__Nr__Temperature_UpperTolerance2,6280,Variable
ZonesType_Zone__Nr__Temperature_UpperTolerance2_EURange,6281,Variable
HRD_InterfaceType_Zones_Zone__Nr__Temperature_AlarmSuppression,6282,Variable
HRD_InterfaceType_Zones_Zone__Nr__Temperature_AlarmSuppression_EnumValues,6283,Variable
HRD_InterfaceType_Zones_Zone__Nr__Temperature_AlarmSuppression_ValueAsText,6284,Variable
HRD_InterfaceType_Zones_Zone__Nr__Temperature_AutomaticMonitoring,6285,Variable
HRD_InterfaceType_Zones_Zone__Nr__Temperature_LowerTolerance,6286,Variable
HRD_InterfaceType_Zones_Zone__Nr__Temperature_LowerTolerance_EURange,6287,Variable
HRD_InterfaceType_Zones_Zone__Nr__Temperature_LowerTolerance2,6288,Variable
HRD_InterfaceType_Zones_Zone__Nr__Temperature_LowerTolerance2_EURange,6289,Variable
HRD_InterfaceType_Zones_Zone__Nr__Temperature_MaxValue,6290,Variable
HRD_InterfaceType_Zones_Zone__Nr__Temperature_SecondSetValue,6291,Variable
HRD_InterfaceType_Zones_Zone__Nr__Temperature_SecondSetValue_EURange,6292,Variable
HRD_InterfaceType_Zones_Zone__Nr__Temperature_MaxValue_EURange,6293,Variable
HRD_InterfaceType_Zones_Zone__Nr__Temperature_MinValue,6294,Variable
HRD_InterfaceType_Zones_Zone__Nr__Temperature_MinValue_EURange,6295,Variable
HRD_InterfaceType_Zones_Zone__Nr__Temperature_MonitoringSensitivity,6296,Variable
HRD_InterfaceType_Zones_Zone__Nr__Temperature_MonitoringSensitivity_EnumValues,6297,Variable
HRD_InterfaceType_Zones_Zone__Nr__Temperature_MonitoringSensitivity_ValueAsText,6298,Variable
HRD_InterfaceType_Zones_Zone__Nr__Temperature_SetRampDown,6299,Variable
HRD_InterfaceType_Zones_Zone__Nr__Temperature_SetRampDown_EURange,6300,Variable
HRD_InterfaceType_Zones_Zone__Nr__Temperature_SetRampUp,6301,Variable
HRD_InterfaceType_Zones_Zone__Nr__Temperature_SetRampUp_EURange,6302,Variable
HRD_InterfaceType_Operation_HighestActiveAlarmSeverity,6303,Variable
ControllerType_LoadCurrent_LowerTolerance2,6304,Variable
ZoneType_Controller_UpperSetValueCascade_EngineeringUnits,6305,Variable
ZoneType_Controller_SetValueType,6306,Variable
ZoneType_Controller_SetValueType_EnumValues,6307,Variable
ZoneType_Controller_SetValueType_ValueAsText,6308,Variable
ZonesType_Zone__Nr__Controller_UpperOutput_EngineeringUnits,6309,Variable
ZonesType_Zone__Nr__Controller_LowerOutput_EngineeringUnits,6310,Variable
ZonesType_Zone__Nr__Controller_SetValueManualOutput_EngineeringUnits,6311,Variable
ZonesType_Zone__Nr__Controller_ActualOutput_EngineeringUnits,6312,Variable
ZonesType_Zone__Nr__Controller_AverageControllerOutput_EngineeringUnits,6313,Variable
ControllerType_LoadCurrent_LowerTolerance2_EURange,6314,Variable
ZonesType_Zone__Nr__Controller_UpperSetValueCascade_EngineeringUnits,6315,Variable
ZonesType_Zone__Nr__Controller_SetValueType,6316,Variable
ZonesType_Zone__Nr__Controller_SetValueType_EnumValues,6317,Variable
ZonesType_Zone__Nr__Controller_SetValueType_ValueAsText,6318,Variable
HRD_InterfaceType_Zones_Zone__Nr__Controller_UpperOutput_EngineeringUnits,6319,Variable
HRD_InterfaceType_Zones_Zone__Nr__Controller_LowerOutput_EngineeringUnits,6320,Variable
HRD_InterfaceType_Zones_Zone__Nr__Controller_SetValueManualOutput_EngineeringUnits,6321,Variable
HRD_InterfaceType_Zones_Zone__Nr__Controller_ActualOutput_EngineeringUnits,6322,Variable
HRD_InterfaceType_Zones_Zone__Nr__Controller_AverageControllerOutput_EngineeringUnits,6323,Variable
ControllerType_LoadCurrent_MaxValue,6324,Variable
HRD_InterfaceType_Zones_Zone__Nr__Controller_UpperSetValueCascade_EngineeringUnits,6325,Variable
HRD_InterfaceType_Zones_Zone__Nr__Controller_SetValueType,6326,Variable
HRD_InterfaceType_Zones_Zone__Nr__Controller_SetValueType_EnumValues,6327,Variable
HRD_InterfaceType_Zones_Zone__Nr__Controller_SetValueType_ValueAsText,6328,Variable
HRD_InterfaceType_MachineConfiguration_PageDirectory,6329,Variable
MaintenanceInformationType_Heating_RemainingInterval_EngineeringUnits,6330,Variable
MaintenanceInformationType_Heating_TotalOperation_EngineeringUnits,6331,Variable
MaintenanceInformationType_SafetyTest_AdditionalInformation,6332,Variable
MaintenanceInformationType_SafetyTest_Interval,6333,Variable
MaintenanceInformationType_SafetyTest_Interval_EURange,6334,Variable
MaintenanceInformationType_SafetyTest_RemainingInterval,6335,Variable
MaintenanceInformationType_SafetyTest_RemainingInterval_EURange,6336,Variable
MaintenanceInformationType_SafetyTest_TotalOperation,6337,Variable
MaintenanceInformationType_SafetyTest_TotalOperation_EURange,6338,Variable
HRD_InterfaceType_MaintenanceInformation_CoolingFan_Status,6339,Variable
HRD_InterfaceType_MaintenanceInformation_Heating_Status,6340,Variable
HRD_InterfaceType_MaintenanceInformation_SafetyTest_Status,6341,Variable
HRD_InterfaceType_MaintenanceInformation_CoolingFan_AdditionalInformation,6342,Variable
HRD_InterfaceType_MaintenanceInformation_CoolingFan_Interval,6343,Variable
HRD_InterfaceType_MaintenanceInformation_CoolingFan_Interval_EURange,6344,Variable
HRD_InterfaceType_MaintenanceInformation_CoolingFan_RemainingInterval,6345,Variable
HRD_InterfaceType_MaintenanceInformation_CoolingFan_RemainingInterval_EURange,6346,Variable
HRD_InterfaceType_MaintenanceInformation_CoolingFan_TotalOperation,6347,Variable
HRD_InterfaceType_MaintenanceInformation_CoolingFan_TotalOperation_EURange,6348,Variable
HRD_InterfaceType_MaintenanceInformation_Heating_AdditionalInformation,6349,Variable
HRD_InterfaceType_MaintenanceInformation_Heating_Interval,6350,Variable
HRD_InterfaceType_MaintenanceInformation_Heating_Interval_EURange,6351,Variable
HRD_InterfaceType_MaintenanceInformation_Heating_RemainingInterval,6352,Variable
HRD_InterfaceType_MaintenanceInformation_Heating_RemainingInterval_EURange,6353,Variable
HRD_InterfaceType_MaintenanceInformation_Heating_TotalOperation,6354,Variable
HRD_InterfaceType_MaintenanceInformation_Heating_TotalOperation_EURange,6355,Variable
HRD_InterfaceType_MaintenanceInformation_SafetyTest_AdditionalInformation,6356,Variable
HRD_InterfaceType_MaintenanceInformation_SafetyTest_Interval,6357,Variable
HRD_InterfaceType_MaintenanceInformation_SafetyTest_Interval_EURange,6358,Variable
HRD_InterfaceType_MaintenanceInformation_SafetyTest_RemainingInterval,6359,Variable
HRD_InterfaceType_MaintenanceInformation_SafetyTest_RemainingInterval_EURange,6360,Variable
HRD_InterfaceType_MaintenanceInformation_SafetyTest_TotalOperation,6361,Variable
HRD_InterfaceType_MaintenanceInformation_SafetyTest_TotalOperation_EURange,6362,Variable
MaintenanceInformationType_CoolingFan_Interval_EngineeringUnits,6363,Variable
HRD_InterfaceType_MaintenanceInformation_CoolingFan_Interval_EngineeringUnits,6364,Variable
HRD_InterfaceType_MaintenanceInformation_Heating_Interval_EngineeringUnits,6365,Variable
HRD_InterfaceType_MaintenanceInformation_Heating_RemainingInterval_EngineeringUnits,6366,Variable
HRD_InterfaceType_MaintenanceInformation_Heating_TotalOperation_EngineeringUnits,6367,Variable
MaintenanceInformationType_CoolingFan_RemainingInterval_EngineeringUnits,6368,Variable
HRD_InterfaceType_MaintenanceInformation_CoolingFan_RemainingInterval_EngineeringUnits,6369,Variable
MaintenanceInformationType_CoolingFan_TotalOperation_EngineeringUnits,6370,Variable
HRD_InterfaceType_MaintenanceInformation_CoolingFan_TotalOperation_EngineeringUnits,6371,Variable
MaintenanceInformationType_SafetyTest_Interval_EngineeringUnits,6372,Variable
MaintenanceInformationType_SafetyTest_RemainingInterval_EngineeringUnits,6373,Variable
MaintenanceInformationType_SafetyTest_TotalOperation_EngineeringUnits,6374,Variable
HRD_InterfaceType_MaintenanceInformation_SafetyTest_Interval_EngineeringUnits,6375,Variable
HRD_InterfaceType_MaintenanceInformation_SafetyTest_RemainingInterval_EngineeringUnits,6376,Variable
HRD_InterfaceType_MaintenanceInformation_SafetyTest_TotalOperation_EngineeringUnits,6377,Variable
OperationType_ResetErrorById_InputArguments,6378,Variable
HRD_InterfaceType_Operation_ResetErrorById_InputArguments,6379,Variable
ZoneType_CommunicationProtocolType,6380,Variable
ZoneType_CommunicationProtocolType_EnumValues,6381,Variable
ZonesType_Zone__Nr__CommunicationProtocolType,6382,Variable
ZoneType_CommunicationProtocolType_ValueAsText,6383,Variable
ZonesType_Zone__Nr__HeatUp_RelayHeatingGroup,6384,Variable
ZonesType_Zone__Nr__HeatUp_RelayHeatingTime,6385,Variable
ZonesType_Zone__Nr__CommunicationProtocolType_EnumValues,6386,Variable
ZonesType_Zone__Nr__CommunicationProtocolType_ValueAsText,6387,Variable
HRD_InterfaceType_Zones_Zone__Nr__Name,6388,Variable
HRD_InterfaceType_Zones_Zone__Nr__TemperatureRiseMonitoring_ErrorDetected,6389,Variable
HRD_InterfaceType_Zones_Zone__Nr__TemperatureRiseMonitoring_SetValueActive,6390,Variable
ZonesType_Zone__Nr__ThermocoupleType_EnumValues,6391,Variable
ZonesType_Zone__Nr__ThermocoupleType_ValueAsText,6392,Variable
OperationType_ActiveSetValues_EnumValues,6393,Variable
OperationType_ActiveSetValues_ValueAsText,6394,Variable
HRD_InterfaceType_Operation_ActiveSetValues_EnumValues,6395,Variable
HRD_InterfaceType_Operation_ActiveSetValues_ValueAsText,6396,Variable
ZoneType_Temperature_SecondSetValue_EngineeringUnits,6397,Variable
ZoneType_Temperature_ClosedLoopControl_AutomaticControllerMode,6398,Variable
ZoneType_Temperature_ClosedLoopControl_AutoTuningActive,6399,Variable
ZoneType_Temperature_ClosedLoopControl_PIDParameters,6400,Variable
HRD_InterfaceType_Zones_Zone__Nr__Temperature_SetValue,6401,Variable
HRD_InterfaceType_Zones_Zone__Nr__Temperature_SetValue_EURange,6402,Variable
HRD_InterfaceType_Zones_Zone__Nr__Temperature_UpperTolerance,6403,Variable
HRD_InterfaceType_Zones_Zone__Nr__Temperature_UpperTolerance_EURange,6404,Variable
HRD_InterfaceType_Zones_Zone__Nr__Temperature_UpperTolerance2,6405,Variable
HRD_InterfaceType_Zones_Zone__Nr__Temperature_UpperTolerance2_EURange,6406,Variable
ZoneType_Temperature_LowerTolerance_EngineeringUnits,6407,Variable
ZoneType_Temperature_LowerTolerance2_EngineeringUnits,6408,Variable
ZoneType_Temperature_MaxValue_EngineeringUnits,6409,Variable
ZonesType_Zone__Nr__Temperature_SecondSetValue_EngineeringUnits,6410,Variable
ZoneType_Temperature_MinValue_EngineeringUnits,6411,Variable
ZoneType_Temperature_SetRampDown_EngineeringUnits,6412,Variable
ZoneType_Temperature_SetRampUp_EngineeringUnits,6413,Variable
ZoneType_Temperature_SetValue_EngineeringUnits,6414,Variable
ZoneType_Temperature_UpperTolerance_EngineeringUnits,6415,Variable
ZoneType_Temperature_UpperTolerance2_EngineeringUnits,6416,Variable
ZonesType_Zone__Nr__Temperature_LowerTolerance_EngineeringUnits,6417,Variable
ZonesType_Zone__Nr__Temperature_LowerTolerance2_EngineeringUnits,6418,Variable
ZonesType_Zone__Nr__Temperature_MaxValue_EngineeringUnits,6419,Variable
ZonesType_Zone__Nr__Temperature_MinValue_EngineeringUnits,6420,Variable
ZonesType_Zone__Nr__Temperature_SetRampDown_EngineeringUnits,6421,Variable
ZonesType_Zone__Nr__Temperature_SetRampUp_EngineeringUnits,6422,Variable
HRD_InterfaceType_Zones_Zone__Nr__Temperature_SecondSetValue_EngineeringUnits,6423,Variable
ZonesType_Zone__Nr__Temperature_SetValue_EngineeringUnits,6424,Variable
ZonesType_Zone__Nr__Temperature_UpperTolerance_EngineeringUnits,6425,Variable
ZonesType_Zone__Nr__Temperature_UpperTolerance2_EngineeringUnits,6426,Variable
HRD_InterfaceType_Zones_Zone__Nr__Temperature_LowerTolerance_EngineeringUnits,6427,Variable
HRD_InterfaceType_Zones_Zone__Nr__Temperature_LowerTolerance2_EngineeringUnits,6428,Variable
HRD_InterfaceType_Zones_Zone__Nr__Temperature_MaxValue_EngineeringUnits,6429,Variable
HRD_InterfaceType_Zones_Zone__Nr__Temperature_MinValue_EngineeringUnits,6430,Variable
HRD_InterfaceType_Zones_Zone__Nr__Temperature_SetRampDown_EngineeringUnits,6431,Variable
HRD_InterfaceType_Zones_Zone__Nr__Temperature_SetRampUp_EngineeringUnits,6432,Variable
HRD_InterfaceType_Zones_Zone__Nr__Temperature_SetValue_EngineeringUnits,6433,Variable
HRD_InterfaceType_Zones_Zone__Nr__Temperature_UpperTolerance_EngineeringUnits,6434,Variable
HRD_InterfaceType_Zones_Zone__Nr__Temperature_UpperTolerance2_EngineeringUnits,6435,Variable
HRDTemperatureType_BoostSetValue_EngineeringUnits,6436,Variable
HRDTemperatureType_StandbySetValue_EngineeringUnits,6437,Variable
HRD_InterfaceType_Zones_Zone__Nr__HeatUp_EvenHeatUpEnabled,6438,Variable
HRD_InterfaceType_Zones_Zone__Nr__HeatUp_ManualOutputLimitActive,6439,Variable
HRD_InterfaceType_Zones_Zone__Nr__HeatUp_SetValueManualOutputLimit,6440,Variable
HRD_InterfaceType_Zones_Zone__Nr__HeatUp_SetValueManualOutputLimit_EngineeringUnits,6441,Variable
HRD_InterfaceType_Zones_Zone__Nr__HeatUp_SetValueManualOutputLimit_EURange,6442,Variable
HRD_InterfaceType_Zones_Zone__Nr__HeatUp_SetValueTemperature,6443,Variable
HRD_InterfaceType_Zones_Zone__Nr__HeatUp_SetValueTemperature_EngineeringUnits,6444,Variable
HRD_InterfaceType_Zones_Zone__Nr__HeatUp_SetValueTemperature_EURange,6445,Variable
HRD_InterfaceType_Zones_Zone__Nr__TemperatureRiseMonitoring_SetValueTemperatureChange,6446,Variable
HRD_InterfaceType_Zones_Zone__Nr__TemperatureRiseMonitoring_SetValueTemperatureChange_EngineeringUnits,6447,Variable
HRD_InterfaceType_Zones_Zone__Nr__TemperatureRiseMonitoring_SetValueTemperatureChange_EURange,6448,Variable
HRD_InterfaceType_Zones_Zone__Nr__TemperatureRiseMonitoring_SupervisionTime,6449,Variable
ZoneType_Temperature_BoostSetValue,6450,Variable
ZoneType_Temperature_BoostSetValue_EURange,6451,Variable
ZoneType_Temperature_StandbySetValue,6452,Variable
ZoneType_Temperature_StandbySetValue_EURange,6453,Variable
ZonesType_Zone__Nr__Temperature_BoostSetValue,6454,Variable
ZonesType_Zone__Nr__Temperature_BoostSetValue_EURange,6455,Variable
ZonesType_Zone__Nr__Temperature_StandbySetValue,6456,Variable
ZonesType_Zone__Nr__Temperature_StandbySetValue_EURange,6457,Variable
HRD_InterfaceType_Zones_Zone__Nr__Temperature_BoostSetValue,6458,Variable
HRD_InterfaceType_Zones_Zone__Nr__Temperature_BoostSetValue_EURange,6459,Variable
HRD_InterfaceType_Zones_Zone__Nr__Temperature_StandbySetValue,6460,Variable
HRD_InterfaceType_Zones_Zone__Nr__Temperature_StandbySetValue_EURange,6461,Variable
ZoneType_Temperature_BoostSetValue_EngineeringUnits,6462,Variable
ZoneType_Temperature_StandbySetValue_EngineeringUnits,6463,Variable
ZonesType_Zone__Nr__Temperature_BoostSetValue_EngineeringUnits,6464,Variable
ZonesType_Zone__Nr__Temperature_StandbySetValue_EngineeringUnits,6465,Variable
HRD_InterfaceType_Zones_Zone__Nr__Temperature_BoostSetValue_EngineeringUnits,6466,Variable
HRD_InterfaceType_Zones_Zone__Nr__Temperature_StandbySetValue_EngineeringUnits,6467,Variable
HRD_InterfaceType_Zones_Zone__Nr__HeatUp_RelayHeatingGroup,6468,Variable
HRD_InterfaceType_Zones_Zone__Nr__HeatUp_RelayHeatingTime,6469,Variable
ZoneType_Temperature_BoostTime,6470,Variable
HRD_InterfaceType_Zones_Zone__Nr__CommunicationProtocolType,6471,Variable
HRD_InterfaceType_Zones_Zone__Nr__CommunicationProtocolType_EnumValues,6472,Variable
HRD_InterfaceType_Zones_Zone__Nr__CommunicationProtocolType_ValueAsText,6473,Variable
HRD_InterfaceType_Zones_Zone__Nr__ThermocoupleType,6474,Variable
HRD_InterfaceType_Zones_Zone__Nr__ThermocoupleType_EnumValues,6475,Variable
HRD_InterfaceType_Zones_Zone__Nr__ThermocoupleType_ValueAsText,6476,Variable
Server_Namespaces_http___opcfoundation_org_UA_PlasticsRubber_HotRunner__IsNamespaceSubset,6477,Variable
Server_Namespaces_http___opcfoundation_org_UA_PlasticsRubber_HotRunner__NamespacePublicationDate,6478,Variable
Server_Namespaces_http___opcfoundation_org_UA_PlasticsRubber_HotRunner__NamespaceUri,6479,Variable
Server_Namespaces_http___opcfoundation_org_UA_PlasticsRubber_HotRunner__NamespaceVersion,6480,Variable
Server_Namespaces_http___opcfoundation_org_UA_PlasticsRubber_HotRunner__StaticNodeIdTypes,6481,Variable
Server_Namespaces_http___opcfoundation_org_UA_PlasticsRubber_HotRunner__StaticNumericNodeIdRange,6482,Variable
Server_Namespaces_http___opcfoundation_org_UA_PlasticsRubber_HotRunner__StaticStringNodeIdPattern,6483,Variable
HeatUpType_RelayHeatingTime,6484,Variable
ControllerType_LoadPower_Status,6485,Variable
HRD_InterfaceType_Identification_DeviceRevision,6486,Variable
HRD_InterfaceType_Identification_HardwareRevision,6487,Variable
HRD_InterfaceType_Identification_ManufacturerUri,6488,Variable
HRD_InterfaceType_Identification_ProductCode,6489,Variable
HRD_InterfaceType_Identification_ProductInstanceUri,6490,Variable
HRD_InterfaceType_Identification_RevisionCounter,6491,Variable
HRD_InterfaceType_Identification_SoftwareRevision,6492,Variable
HRD_InterfaceType_Identification_YearOfConstruction,6493,Variable
OperationType_ReactionOnDisconnect,6494,Variable
OperationType_ReactionOnDisconnect_EnumValues,6495,Variable
OperationType_ReactionOnDisconnect_ValueAsText,6496,Variable
HRD_InterfaceType_Operation_ReactionOnDisconnect,6497,Variable
HRD_InterfaceType_Operation_ReactionOnDisconnect_EnumValues,6498,Variable
HRD_InterfaceType_Operation_ReactionOnDisconnect_ValueAsText,6499,Variable
ControllerType_AutomaticReferenceZoneSelection,6500,Variable
ZoneType_Temperature_TimeMethodPIDParameters,6501,Variable
ZonesType_Zone__Nr__Temperature_BoostTime,6502,Variable
ZonesType_Zone__Nr__Temperature_TimeMethodPIDParameters,6503,Variable
HRD_InterfaceType_Zones_Zone__Nr__Temperature_BoostTime,6504,Variable
HRD_InterfaceType_Zones_Zone__Nr__Temperature_TimeMethodPIDParameters,6505,Variable
OperationType_EvenHeatUpMaxTemperatureDifference,6506,Variable
OperationType_EvenHeatUpMaxTemperatureDifference_EURange,6507,Variable
HRD_InterfaceType_Operation_EvenHeatUpMaxTemperatureDifference,6508,Variable
HRD_InterfaceType_Operation_EvenHeatUpMaxTemperatureDifference_EURange,6509,Variable
ControllerType_LoadCurrent_MaxValue_EURange,6510,Variable
ControllerType_LoadCurrent_MinValue,6511,Variable
ControllerType_LoadCurrent_MinValue_EURange,6512,Variable
ControllerType_LoadCurrent_MonitoringSensitivity,6513,Variable
ControllerType_LoadCurrent_MonitoringSensitivity_EnumValues,6514,Variable
ControllerType_LoadCurrent_MonitoringSensitivity_ValueAsText,6515,Variable
ControllerType_LoadCurrent_SetRampDown,6516,Variable
ControllerType_LoadCurrent_SetRampDown_EURange,6517,Variable
ControllerType_LoadCurrent_SetRampUp,6518,Variable
ControllerType_LoadCurrent_SetRampUp_EURange,6519,Variable
ControllerType_LoadCurrent_SetValue,6520,Variable
ControllerType_LoadCurrent_SetValue_EURange,6521,Variable
ControllerType_LoadCurrent_UpperTolerance,6522,Variable
ControllerType_LoadCurrent_UpperTolerance_EURange,6523,Variable
ControllerType_LoadCurrent_UpperTolerance2,6524,Variable
ControllerType_LoadCurrent_UpperTolerance2_EURange,6525,Variable
ControllerType_LoadCurrent_LowerTolerance_EngineeringUnits,6526,Variable
ControllerType_LoadCurrent_LowerTolerance2_EngineeringUnits,6527,Variable
ControllerType_LoadCurrent_MaxValue_EngineeringUnits,6528,Variable
ControllerType_LoadCurrent_MinValue_EngineeringUnits,6529,Variable
ControllerType_LoadCurrent_SetRampDown_EngineeringUnits,6530,Variable
ControllerType_LoadCurrent_SetRampUp_EngineeringUnits,6531,Variable
ControllerType_LoadCurrent_SetValue_EngineeringUnits,6532,Variable
ControllerType_LoadCurrent_UpperTolerance_EngineeringUnits,6533,Variable
ControllerType_LoadCurrent_UpperTolerance2_EngineeringUnits,6534,Variable
ZoneType_Controller_LoadCurrent_ActualValue,6535,Variable
ZoneType_Controller_LoadCurrent_ActualValue_EURange,6536,Variable
ZonesType_Zone__Nr__Controller_LoadCurrent_ActualValue,6537,Variable
ZonesType_Zone__Nr__Controller_LoadCurrent_ActualValue_EURange,6538,Variable
HRD_InterfaceType_Zones_Zone__Nr__Controller_LoadCurrent_ActualValue,6539,Variable
HRD_InterfaceType_Zones_Zone__Nr__Controller_LoadCurrent_ActualValue_EURange,6540,Variable
HRD_InterfaceType_Zones_Zone__Nr__HighestActiveAlarmSeverity,6541,Variable
ZoneType_Controller_LoadCurrent_ActualValue_EngineeringUnits,6542,Variable
ZoneType_Controller_LoadCurrent_AlarmSuppression,6543,Variable
ZoneType_Controller_LoadCurrent_AlarmSuppression_EnumValues,6544,Variable
ZoneType_Controller_LoadCurrent_AlarmSuppression_ValueAsText,6545,Variable
ZoneType_Controller_LoadCurrent_AutomaticMonitoring,6546,Variable
ZoneType_Controller_LoadCurrent_LowerTolerance,6547,Variable
ZoneType_Controller_LoadCurrent_LowerTolerance_EngineeringUnits,6548,Variable
ZoneType_Controller_LoadCurrent_LowerTolerance_EURange,6549,Variable
ZoneType_Controller_LoadCurrent_LowerTolerance2,6550,Variable
ZoneType_Controller_LoadCurrent_LowerTolerance2_EngineeringUnits,6551,Variable
ZoneType_Controller_LoadCurrent_LowerTolerance2_EURange,6552,Variable
ZoneType_Controller_LoadCurrent_MaxValue,6553,Variable
ZoneType_Controller_LoadCurrent_MaxValue_EngineeringUnits,6554,Variable
ZoneType_Controller_LoadCurrent_MaxValue_EURange,6555,Variable
ZoneType_Controller_LoadCurrent_MinValue,6556,Variable
ZoneType_Controller_LoadCurrent_MinValue_EngineeringUnits,6557,Variable
ZoneType_Controller_LoadCurrent_MinValue_EURange,6558,Variable
ZoneType_Controller_LoadCurrent_MonitoringSensitivity,6559,Variable
ZoneType_Controller_LoadCurrent_MonitoringSensitivity_EnumValues,6560,Variable
ZoneType_Controller_LoadCurrent_MonitoringSensitivity_ValueAsText,6561,Variable
ZoneType_Controller_LoadCurrent_SetRampDown,6562,Variable
ZoneType_Controller_LoadCurrent_SetRampDown_EngineeringUnits,6563,Variable
ZoneType_Controller_LoadCurrent_SetRampDown_EURange,6564,Variable
ZoneType_Controller_LoadCurrent_SetRampUp,6565,Variable
ZoneType_Controller_LoadCurrent_SetRampUp_EngineeringUnits,6566,Variable
ZoneType_Controller_LoadCurrent_SetRampUp_EURange,6567,Variable
ZoneType_Controller_LoadCurrent_SetValue,6568,Variable
ZoneType_Controller_LoadCurrent_SetValue_EngineeringUnits,6569,Variable
ZoneType_Controller_LoadCurrent_SetValue_EURange,6570,Variable
ZoneType_Controller_LoadCurrent_UpperTolerance,6571,Variable
ZoneType_Controller_LoadCurrent_UpperTolerance_EngineeringUnits,6572,Variable
ZoneType_Controller_LoadCurrent_UpperTolerance_EURange,6573,Variable
ZoneType_Controller_LoadCurrent_UpperTolerance2,6574,Variable
ZoneType_Controller_LoadCurrent_UpperTolerance2_EngineeringUnits,6575,Variable
ZoneType_Controller_LoadCurrent_UpperTolerance2_EURange,6576,Variable
ZonesType_Zone__Nr__Controller_LoadCurrent_ActualValue_EngineeringUnits,6577,Variable
ZonesType_Zone__Nr__Controller_LoadCurrent_AlarmSuppression,6578,Variable
ZonesType_Zone__Nr__Controller_LoadCurrent_AlarmSuppression_EnumValues,6579,Variable
ZonesType_Zone__Nr__Controller_LoadCurrent_AlarmSuppression_ValueAsText,6580,Variable
ZonesType_Zone__Nr__Controller_LoadCurrent_AutomaticMonitoring,6581,Variable
ZonesType_Zone__Nr__Controller_LoadCurrent_LowerTolerance,6582,Variable
ZonesType_Zone__Nr__Controller_LoadCurrent_LowerTolerance_EngineeringUnits,6583,Variable
ZonesType_Zone__Nr__Controller_LoadCurrent_LowerTolerance_EURange,6584,Variable
ZonesType_Zone__Nr__Controller_LoadCurrent_LowerTolerance2,6585,Variable
ZonesType_Zone__Nr__Controller_LoadCurrent_LowerTolerance2_EngineeringUnits,6586,Variable
ZonesType_Zone__Nr__Controller_LoadCurrent_LowerTolerance2_EURange,6587,Variable
ZonesType_Zone__Nr__Controller_LoadCurrent_MaxValue,6588,Variable
ZonesType_Zone__Nr__Controller_LoadCurrent_MaxValue_EngineeringUnits,6589,Variable
ZonesType_Zone__Nr__Controller_LoadCurrent_MaxValue_EURange,6590,Variable
ZonesType_Zone__Nr__Controller_LoadCurrent_MinValue,6591,Variable
ZonesType_Zone__Nr__Controller_LoadCurrent_MinValue_EngineeringUnits,6592,Variable
ZonesType_Zone__Nr__Controller_LoadCurrent_MinValue_EURange,6593,Variable
ZonesType_Zone__Nr__Controller_LoadCurrent_MonitoringSensitivity,6594,Variable
ZonesType_Zone__Nr__Controller_LoadCurrent_MonitoringSensitivity_EnumValues,6595,Variable
ZonesType_Zone__Nr__Controller_LoadCurrent_MonitoringSensitivity_ValueAsText,6596,Variable
ZonesType_Zone__Nr__Controller_LoadCurrent_SetRampDown,6597,Variable
ZonesType_Zone__Nr__Controller_LoadCurrent_SetRampDown_EngineeringUnits,6598,Variable
ZonesType_Zone__Nr__Controller_LoadCurrent_SetRampDown_EURange,6599,Variable
ZonesType_Zone__Nr__Controller_LoadCurrent_SetRampUp,6600,Variable
ZonesType_Zone__Nr__Controller_LoadCurrent_SetRampUp_EngineeringUnits,6601,Variable
ZonesType_Zone__Nr__Controller_LoadCurrent_SetRampUp_EURange,6602,Variable
ZonesType_Zone__Nr__Controller_LoadCurrent_SetValue,6603,Variable
ZonesType_Zone__Nr__Controller_LoadCurrent_SetValue_EngineeringUnits,6604,Variable
ZonesType_Zone__Nr__Controller_LoadCurrent_SetValue_EURange,6605,Variable
ZonesType_Zone__Nr__Controller_LoadCurrent_UpperTolerance,6606,Variable
ZonesType_Zone__Nr__Controller_LoadCurrent_UpperTolerance_EngineeringUnits,6607,Variable
ZonesType_Zone__Nr__Controller_LoadCurrent_UpperTolerance_EURange,6608,Variable
ZonesType_Zone__Nr__Controller_LoadCurrent_UpperTolerance2,6609,Variable
ZonesType_Zone__Nr__Controller_LoadCurrent_UpperTolerance2_EngineeringUnits,6610,Variable
ZonesType_Zone__Nr__Controller_LoadCurrent_UpperTolerance2_EURange,6611,Variable
HRD_InterfaceType_Zones_Zone__Nr__Controller_LoadCurrent_ActualValue_EngineeringUnits,6612,Variable
HRD_InterfaceType_Zones_Zone__Nr__Controller_LoadCurrent_AlarmSuppression,6613,Variable
HRD_InterfaceType_Zones_Zone__Nr__Controller_LoadCurrent_AlarmSuppression_EnumValues,6614,Variable
HRD_InterfaceType_Zones_Zone__Nr__Controller_LoadCurrent_AlarmSuppression_ValueAsText,6615,Variable
HRD_InterfaceType_Zones_Zone__Nr__Controller_LoadCurrent_AutomaticMonitoring,6616,Variable
HRD_InterfaceType_Zones_Zone__Nr__Controller_LoadCurrent_LowerTolerance,6617,Variable
HRD_InterfaceType_Zones_Zone__Nr__Controller_LoadCurrent_LowerTolerance_EngineeringUnits,6618,Variable
HRD_InterfaceType_Zones_Zone__Nr__Controller_LoadCurrent_LowerTolerance_EURange,6619,Variable
HRD_InterfaceType_Zones_Zone__Nr__Controller_LoadCurrent_LowerTolerance2,6620,Variable
HRD_InterfaceType_Zones_Zone__Nr__Controller_LoadCurrent_LowerTolerance2_EngineeringUnits,6621,Variable
HRD_InterfaceType_Zones_Zone__Nr__Controller_LoadCurrent_LowerTolerance2_EURange,6622,Variable
HRD_InterfaceType_Zones_Zone__Nr__Controller_LoadCurrent_MaxValue,6623,Variable
HRD_InterfaceType_Zones_Zone__Nr__Controller_LoadCurrent_MaxValue_EngineeringUnits,6624,Variable
HRD_InterfaceType_Zones_Zone__Nr__Controller_LoadCurrent_MaxValue_EURange,6625,Variable
HRD_InterfaceType_Zones_Zone__Nr__Controller_LoadCurrent_MinValue,6626,Variable
HRD_InterfaceType_Zones_Zone__Nr__Controller_LoadCurrent_MinValue_EngineeringUnits,6627,Variable
HRD_InterfaceType_Zones_Zone__Nr__Controller_LoadCurrent_MinValue_EURange,6628,Variable
HRD_InterfaceType_Zones_Zone__Nr__Controller_LoadCurrent_MonitoringSensitivity,6629,Variable
HRD_InterfaceType_Zones_Zone__Nr__Controller_LoadCurrent_MonitoringSensitivity_EnumValues,6630,Variable
HRD_InterfaceType_Zones_Zone__Nr__Controller_LoadCurrent_MonitoringSensitivity_ValueAsText,6631,Variable
HRD_InterfaceType_Zones_Zone__Nr__Controller_LoadCurrent_SetRampDown,6632,Variable
HRD_InterfaceType_Zones_Zone__Nr__Controller_LoadCurrent_SetRampDown_EngineeringUnits,6633,Variable
HRD_InterfaceType_Zones_Zone__Nr__Controller_LoadCurrent_SetRampDown_EURange,6634,Variable
HRD_InterfaceType_Zones_Zone__Nr__Controller_LoadCurrent_SetRampUp,6635,Variable
HRD_InterfaceType_Zones_Zone__Nr__Controller_LoadCurrent_SetRampUp_EngineeringUnits,6636,Variable
HRD_InterfaceType_Zones_Zone__Nr__Controller_LoadCurrent_SetRampUp_EURange,6637,Variable
HRD_InterfaceType_Zones_Zone__Nr__Controller_LoadCurrent_SetValue,6638,Variable
HRD_InterfaceType_Zones_Zone__Nr__Controller_LoadCurrent_SetValue_EngineeringUnits,6639,Variable
HRD_InterfaceType_Zones_Zone__Nr__Controller_LoadCurrent_SetValue_EURange,6640,Variable
HRD_InterfaceType_Zones_Zone__Nr__Controller_LoadCurrent_UpperTolerance,6641,Variable
HRD_InterfaceType_Zones_Zone__Nr__Controller_LoadCurrent_UpperTolerance_EngineeringUnits,6642,Variable
HRD_InterfaceType_Zones_Zone__Nr__Controller_LoadCurrent_UpperTolerance_EURange,6643,Variable
HRD_InterfaceType_Zones_Zone__Nr__Controller_LoadCurrent_UpperTolerance2,6644,Variable
HRD_InterfaceType_Zones_Zone__Nr__Controller_LoadCurrent_UpperTolerance2_EngineeringUnits,6645,Variable
HRD_InterfaceType_Zones_Zone__Nr__Controller_LoadCurrent_UpperTolerance2_EURange,6646,Variable
OperationType_EvenHeatUpMaxTemperatureDifference_EngineeringUnits,6647,Variable
HRD_InterfaceType_Operation_EvenHeatUpMaxTemperatureDifference_EngineeringUnits,6648,Variable
OperationType_SessionNameForReactionOnDisconnect,6649,Variable
HRD_InterfaceType_Operation_SessionNameForReactionOnDisconnect,6650,Variable
OperationType_SetReactionOnDisconnect_InputArguments,6651,Variable
HRD_InterfaceType_Operation_SetReactionOnDisconnect_InputArguments,6652,Variable
HRDTemperatureType_ActiveSetValue,6653,Variable
HRDTemperatureType_ActiveSetValue_EnumValues,6654,Variable
HRDTemperatureType_ActiveSetValue_ValueAsText,6655,Variable
ZoneType_Temperature_ActiveSetValue,6656,Variable
ZoneType_Temperature_ActiveSetValue_EnumValues,6657,Variable
ZoneType_Temperature_ActiveSetValue_ValueAsText,6658,Variable
ZonesType_Zone__Nr__Temperature_ActiveSetValue,6659,Variable
ZonesType_Zone__Nr__Temperature_ActiveSetValue_EnumValues,6660,Variable
ZonesType_Zone__Nr__Temperature_ActiveSetValue_ValueAsText,6661,Variable
HRD_InterfaceType_Zones_Zone__Nr__Temperature_ActiveSetValue,6662,Variable
HRD_InterfaceType_Zones_Zone__Nr__Temperature_ActiveSetValue_EnumValues,6663,Variable
HRD_InterfaceType_Zones_Zone__Nr__Temperature_ActiveSetValue_ValueAsText,6664,Variable
ControllerType_LoadPower_ActualValue,6665,Variable
ControllerType_LoadPower_ActualValue_EURange,6666,Variable
ControllerType_LoadPower_ActualValue_EngineeringUnits,6667,Variable
ControllerType_LoadPower_AlarmSuppression,6668,Variable
ControllerType_LoadPower_AlarmSuppression_EnumValues,6669,Variable
ControllerType_LoadPower_AlarmSuppression_ValueAsText,6670,Variable
ControllerType_LoadPower_AutomaticMonitoring,6671,Variable
ControllerType_LoadPower_LowerTolerance,6672,Variable
ControllerType_LoadPower_LowerTolerance_EURange,6673,Variable
ControllerType_LoadPower_LowerTolerance2,6674,Variable
ControllerType_LoadPower_LowerTolerance2_EURange,6675,Variable
ControllerType_LoadPower_MaxValue,6676,Variable
ControllerType_LoadPower_MaxValue_EURange,6677,Variable
ControllerType_LoadPower_MinValue,6678,Variable
ControllerType_LoadPower_MinValue_EURange,6679,Variable
ControllerType_LoadPower_MonitoringSensitivity,6680,Variable
ControllerType_LoadPower_MonitoringSensitivity_EnumValues,6681,Variable
ControllerType_LoadPower_MonitoringSensitivity_ValueAsText,6682,Variable
ControllerType_LoadPower_SetRampDown,6683,Variable
ControllerType_LoadPower_SetRampDown_EURange,6684,Variable
ControllerType_LoadPower_SetRampUp,6685,Variable
ControllerType_LoadPower_SetRampUp_EURange,6686,Variable
ControllerType_LoadPower_SetValue,6687,Variable
ControllerType_LoadPower_SetValue_EURange,6688,Variable
ControllerType_LoadPower_UpperTolerance,6689,Variable
ControllerType_LoadPower_UpperTolerance_EURange,6690,Variable
ControllerType_LoadPower_UpperTolerance2,6691,Variable
ControllerType_LoadPower_UpperTolerance2_EURange,6692,Variable
ControllerType_LoadPower_LowerTolerance_EngineeringUnits,6693,Variable
ControllerType_LoadPower_LowerTolerance2_EngineeringUnits,6694,Variable
ControllerType_LoadPower_MaxValue_EngineeringUnits,6695,Variable
ControllerType_LoadPower_MinValue_EngineeringUnits,6696,Variable
ControllerType_LoadPower_SetRampDown_EngineeringUnits,6697,Variable
ControllerType_LoadPower_SetRampUp_EngineeringUnits,6698,Variable
ControllerType_LoadPower_SetValue_EngineeringUnits,6699,Variable
ControllerType_LoadPower_UpperTolerance_EngineeringUnits,6700,Variable
ControllerType_LoadPower_UpperTolerance2_EngineeringUnits,6701,Variable
ControllerType_LoadPower_Status_EnumValues,6702,Variable
ControllerType_LoadPower_Status_ValueAsText,6703,Variable
ZoneType_Temperature_Status,6704,Variable
ZoneType_Temperature_Status_EnumValues,6705,Variable
ZoneType_Temperature_Status_ValueAsText,6706,Variable
ZonesType_Zone__Nr__Temperature_Status,6707,Variable
ZonesType_Zone__Nr__Temperature_Status_EnumValues,6708,Variable
ZonesType_Zone__Nr__Temperature_Status_ValueAsText,6709,Variable
HRD_InterfaceType_Zones_Zone__Nr__Temperature_Status,6710,Variable
HRD_InterfaceType_Zones_Zone__Nr__Temperature_Status_EnumValues,6711,Variable
HRD_InterfaceType_Zones_Zone__Nr__Temperature_Status_ValueAsText,6712,Variable
ControllerType_LoadCurrent_Status,6713,Variable
ControllerType_LoadCurrent_Status_EnumValues,6714,Variable
ControllerType_LoadCurrent_Status_ValueAsText,6715,Variable
ZoneType_Controller_LoadCurrent_Status,6716,Variable
ZoneType_Controller_LoadCurrent_Status_EnumValues,6717,Variable
ZoneType_Controller_LoadCurrent_Status_ValueAsText,6718,Variable
ZonesType_Zone__Nr__Controller_LoadCurrent_Status,6719,Variable
ZonesType_Zone__Nr__Controller_LoadCurrent_Status_EnumValues,6720,Variable
ZonesType_Zone__Nr__Controller_LoadCurrent_Status_ValueAsText,6721,Variable
HRD_InterfaceType_Zones_Zone__Nr__Controller_LoadCurrent_Status,6722,Variable
HRD_InterfaceType_Zones_Zone__Nr__Controller_LoadCurrent_Status_EnumValues,6723,Variable
HRD_InterfaceType_Zones_Zone__Nr__Controller_LoadCurrent_Status_ValueAsText,6724,Variable
ZoneType_Controller_LoadPower_ActualValue,6725,Variable
ZoneType_Controller_LoadPower_ActualValue_EURange,6726,Variable
ZonesType_Zone__Nr__Controller_LoadPower_ActualValue,6727,Variable
ZonesType_Zone__Nr__Controller_LoadPower_ActualValue_EURange,6728,Variable
HRD_InterfaceType_Zones_Zone__Nr__Controller_LoadPower_ActualValue,6729,Variable
HRD_InterfaceType_Zones_Zone__Nr__Controller_LoadPower_ActualValue_EURange,6730,Variable
MaintenanceInformationType_Heating_Reset,7001,Method
MaintenanceInformationType_SafetyTest_Reset,7002,Method
MaintenanceInformationType_CoolingFan_Reset,7003,Method
ZonesType_Zone__Nr__Temperature_ClosedLoopControl_AutoTuningOff,7004,Method
ZonesType_Zone__Nr__Temperature_ClosedLoopControl_AutoTuningOn,7005,Method
OperationType_IdentifyDevice,7006,Method
OperationType_ResetAllErrors,7007,Method
HRD_InterfaceType_MachineConfiguration_SetMachineTime,7008,Method
HRD_InterfaceType_Diagnostics_RunDiagnostics,7009,Method
HRD_InterfaceType_Diagnostics_StopDiagnostics,7010,Method
HRD_InterfaceType_MachineConfiguration_GetCurrentPage,7011,Method
HRD_InterfaceType_MachineConfiguration_GetPage,7012,Method
HRD_InterfaceType_MaintenanceInformation_CoolingFan_Reset,7013,Method
HRD_InterfaceType_MaintenanceInformation_Heating_Reset,7014,Method
HRD_InterfaceType_MaintenanceInformation_SafetyTest_Reset,7015,Method
HRD_InterfaceType_Operation_ResetAllErrors,7016,Method
HRD_InterfaceType_Operation_IdentifyDevice,7017,Method
HRD_InterfaceType_Zones_Zone__Nr__Temperature_ClosedLoopControl_AutoTuningOff,7018,Method
OperationType_ResetErrorById,7019,Method
HRD_InterfaceType_Operation_ResetErrorById,7020,Method
ZoneType_Temperature_ClosedLoopControl_AutoTuningOff,7021,Method
ZoneType_Temperature_ClosedLoopControl_AutoTuningOn,7022,Method
HRD_InterfaceType_Zones_Zone__Nr__Temperature_ClosedLoopControl_AutoTuningOn,7023,Method
ZoneType_Temperature_ResetMonitoring,7024,Method
ZonesType_Zone__Nr__Temperature_ResetMonitoring,7025,Method
HRD_InterfaceType_Zones_Zone__Nr__Temperature_ResetMonitoring,7026,Method
ControllerType_LoadCurrent_ResetMonitoring,7027,Method
ZoneType_Controller_LoadCurrent_ResetMonitoring,7028,Method
ZonesType_Zone__Nr__Controller_LoadCurrent_ResetMonitoring,7029,Method
HRD_InterfaceType_Zones_Zone__Nr__Controller_LoadCurrent_ResetMonitoring,7030,Method
OperationType_SetReactionOnDisconnect,7031,Method
HRD_InterfaceType_Operation_SetReactionOnDisconnect,7032,Method
ControllerType_LoadPower_ResetMonitoring,7033,Method
