AccessLevelExType,15406,DataType
AccessLevelType,15031,DataType
AccessRestrictionType,95,DataType
AcknowledgeableConditionType,2881,ObjectType
ActivateSessionRequest,465,DataType
ActivateSessionRequest_Encoding_DefaultBinary,467,Object
ActivateSessionRequest_Encoding_DefaultJson,15145,Object
ActivateSessionRequest_Encoding_DefaultXml,466,Object
ActivateSessionResponse,468,DataType
ActivateSessionResponse_Encoding_DefaultBinary,470,Object
ActivateSessionResponse_Encoding_DefaultJson,15146,Object
ActivateSessionResponse_Encoding_DefaultXml,469,Object
AddNodesItem,376,DataType
AddNodesItem_Encoding_DefaultBinary,378,Object
AddNodesItem_Encoding_DefaultJson,15165,Object
AddNodesItem_Encoding_DefaultXml,377,Object
AddNodesRequest,486,DataType
AddNodesRequest_Encoding_DefaultBinary,488,Object
AddNodesRequest_Encoding_DefaultJson,15167,Object
AddNodesRequest_Encoding_DefaultXml,487,Object
AddNodesResponse,489,DataType
AddNodesResponse_Encoding_DefaultBinary,491,Object
AddNodesResponse_Encoding_DefaultJson,15168,Object
AddNodesResponse_Encoding_DefaultXml,490,Object
AddNodesResult,483,DataType
AddNodesResult_Encoding_DefaultBinary,485,Object
AddNodesResult_Encoding_DefaultJson,15166,Object
AddNodesResult_Encoding_DefaultXml,484,Object
AddReferencesItem,379,DataType
AddReferencesItem_Encoding_DefaultBinary,381,Object
AddReferencesItem_Encoding_DefaultJson,15169,Object
AddReferencesItem_Encoding_DefaultXml,380,Object
AddReferencesRequest,492,DataType
AddReferencesRequest_Encoding_DefaultBinary,494,Object
AddReferencesRequest_Encoding_DefaultJson,15170,Object
AddReferencesRequest_Encoding_DefaultXml,493,Object
AddReferencesResponse,495,DataType
AddReferencesResponse_Encoding_DefaultBinary,497,Object
AddReferencesResponse_Encoding_DefaultJson,15171,Object
AddReferencesResponse_Encoding_DefaultXml,496,Object
AddressSpaceFileType,11595,ObjectType
AggregateConfiguration,948,DataType
AggregateConfiguration_Encoding_DefaultBinary,950,Object
AggregateConfiguration_Encoding_DefaultJson,15304,Object
AggregateConfiguration_Encoding_DefaultXml,949,Object
AggregateConfigurationType,11187,ObjectType
AggregateFilter,728,DataType
AggregateFilter_Encoding_DefaultBinary,730,Object
AggregateFilter_Encoding_DefaultJson,15312,Object
AggregateFilter_Encoding_DefaultXml,729,Object
AggregateFilterResult,737,DataType
AggregateFilterResult_Encoding_DefaultBinary,739,Object
AggregateFilterResult_Encoding_DefaultJson,15315,Object
AggregateFilterResult_Encoding_DefaultXml,738,Object
AggregateFunction_AnnotationCount,2351,Object
AggregateFunction_Average,2342,Object
AggregateFunction_Count,2352,Object
AggregateFunction_Delta,2359,Object
AggregateFunction_DeltaBounds,11507,Object
AggregateFunction_DurationBad,2361,Object
AggregateFunction_DurationGood,2360,Object
AggregateFunction_DurationInStateNonZero,11308,Object
AggregateFunction_DurationInStateZero,11307,Object
AggregateFunction_End,2358,Object
AggregateFunction_EndBound,11506,Object
AggregateFunction_Interpolative,2341,Object
AggregateFunction_Maximum,2347,Object
AggregateFunction_Maximum2,11287,Object
AggregateFunction_MaximumActualTime,2349,Object
AggregateFunction_MaximumActualTime2,11306,Object
AggregateFunction_Minimum,2346,Object
AggregateFunction_Minimum2,11286,Object
AggregateFunction_MinimumActualTime,2348,Object
AggregateFunction_MinimumActualTime2,11305,Object
AggregateFunction_NumberOfTransitions,2355,Object
AggregateFunction_PercentBad,2363,Object
AggregateFunction_PercentGood,2362,Object
AggregateFunction_Range,2350,Object
AggregateFunction_Range2,11288,Object
AggregateFunction_StandardDeviationPopulation,11427,Object
AggregateFunction_StandardDeviationSample,11426,Object
AggregateFunction_Start,2357,Object
AggregateFunction_StartBound,11505,Object
AggregateFunction_TimeAverage,2343,Object
AggregateFunction_TimeAverage2,11285,Object
AggregateFunction_Total,2344,Object
AggregateFunction_Total2,11304,Object
AggregateFunction_VariancePopulation,11429,Object
AggregateFunction_VarianceSample,11428,Object
AggregateFunction_WorstQuality,2364,Object
AggregateFunction_WorstQuality2,11292,Object
AggregateFunctionType,2340,ObjectType
Aggregates,44,ReferenceType
AlarmConditionType,2915,ObjectType
AlarmGroupMember,16362,ReferenceType
AlarmGroupType,16405,ObjectType
AlarmMetricsType,17279,ObjectType
AlarmRateVariableType,17277,VariableType
Aliases,23470,Object
AliasFor,23469,ReferenceType
AliasNameCategoryType,23456,ObjectType
AliasNameDataType,23468,DataType
AliasNameDataType_Encoding_DefaultBinary,23499,Object
AliasNameDataType_Encoding_DefaultJson,23511,Object
AliasNameDataType_Encoding_DefaultXml,23505,Object
AliasNameType,23455,ObjectType
AllowNulls,3070,Variable
AlwaysGeneratesEvent,3065,ReferenceType
AnalogItemType,2368,VariableType
AnalogUnitRangeType,17570,VariableType
AnalogUnitType,17497,VariableType
Annotation,891,DataType
Annotation_Encoding_DefaultBinary,893,Object
Annotation_Encoding_DefaultJson,15382,Object
Annotation_Encoding_DefaultXml,892,Object
Annotations,11214,Variable
AnonymousIdentityToken,319,DataType
AnonymousIdentityToken_Encoding_DefaultBinary,321,Object
AnonymousIdentityToken_Encoding_DefaultJson,15141,Object
AnonymousIdentityToken_Encoding_DefaultXml,320,Object
ApplicationCertificateType,12557,ObjectType
ApplicationDescription,308,DataType
ApplicationDescription_Encoding_DefaultBinary,310,Object
ApplicationDescription_Encoding_DefaultJson,15087,Object
ApplicationDescription_Encoding_DefaultXml,309,Object
ApplicationInstanceCertificate,311,DataType
ApplicationType,307,DataType
Argument,296,DataType
Argument_Encoding_DefaultBinary,298,Object
Argument_Encoding_DefaultJson,15081,Object
Argument_Encoding_DefaultXml,297,Object
ArrayItemType,12021,VariableType
AttributeOperand,598,DataType
AttributeOperand_Encoding_DefaultBinary,600,Object
AttributeOperand_Encoding_DefaultJson,15209,Object
AttributeOperand_Encoding_DefaultXml,599,Object
AttributeWriteMask,347,DataType
AudioDataType,16307,DataType
AudioVariableType,17986,VariableType
AuditActivateSessionEventType,2075,ObjectType
AuditAddNodesEventType,2091,ObjectType
AuditAddReferencesEventType,2095,ObjectType
AuditCancelEventType,2078,ObjectType
AuditCertificateDataMismatchEventType,2082,ObjectType
AuditCertificateEventType,2080,ObjectType
AuditCertificateExpiredEventType,2085,ObjectType
AuditCertificateInvalidEventType,2086,ObjectType
AuditCertificateMismatchEventType,2089,ObjectType
AuditCertificateRevokedEventType,2088,ObjectType
AuditCertificateUntrustedEventType,2087,ObjectType
AuditChannelEventType,2059,ObjectType
AuditConditionAcknowledgeEventType,8944,ObjectType
AuditConditionCommentEventType,2829,ObjectType
AuditConditionConfirmEventType,8961,ObjectType
AuditConditionEnableEventType,2803,ObjectType
AuditConditionEventType,2790,ObjectType
AuditConditionOutOfServiceEventType,17259,ObjectType
AuditConditionResetEventType,15013,ObjectType
AuditConditionRespondEventType,8927,ObjectType
AuditConditionShelvingEventType,11093,ObjectType
AuditConditionSilenceEventType,17242,ObjectType
AuditConditionSuppressionEventType,17225,ObjectType
AuditCreateSessionEventType,2071,ObjectType
AuditDeleteNodesEventType,2093,ObjectType
AuditDeleteReferencesEventType,2097,ObjectType
AuditEventType,2052,ObjectType
AuditHistoryAnnotationUpdateEventType,19095,ObjectType
AuditHistoryAtTimeDeleteEventType,3019,ObjectType
AuditHistoryDeleteEventType,3012,ObjectType
AuditHistoryEventDeleteEventType,3022,ObjectType
AuditHistoryEventUpdateEventType,2999,ObjectType
AuditHistoryRawModifyDeleteEventType,3014,ObjectType
AuditHistoryUpdateEventType,2104,ObjectType
AuditHistoryValueUpdateEventType,3006,ObjectType
AuditNodeManagementEventType,2090,ObjectType
AuditOpenSecureChannelEventType,2060,ObjectType
AuditProgramTransitionEventType,11856,ObjectType
AuditSecurityEventType,2058,ObjectType
AuditSessionEventType,2069,ObjectType
AuditUpdateEventType,2099,ObjectType
AuditUpdateMethodEventType,2127,ObjectType
AuditUpdateStateEventType,2315,ObjectType
AuditUrlMismatchEventType,2748,ObjectType
AuditWriteUpdateEventType,2100,ObjectType
AuthorizationServiceConfigurationType,17852,ObjectType
AuthorizationServices,17732,Object
AxisInformation,12079,DataType
AxisInformation_Encoding_DefaultBinary,12089,Object
AxisInformation_Encoding_DefaultJson,15379,Object
AxisInformation_Encoding_DefaultXml,12081,Object
AxisScaleEnumeration,12077,DataType
BaseAnalogType,15318,VariableType
BaseConditionClassType,11163,ObjectType
BaseDataType,24,DataType
BaseDataVariableType,63,VariableType
BaseEventType,2041,ObjectType
BaseInterfaceType,17602,ObjectType
BaseModelChangeEventType,2132,ObjectType
BaseObjectType,58,ObjectType
BaseVariableType,62,VariableType
BitFieldMaskDataType,11737,DataType
Boolean,1,DataType
BrokerConnectionTransportDataType,15007,DataType
BrokerConnectionTransportDataType_Encoding_DefaultBinary,15479,Object
BrokerConnectionTransportDataType_Encoding_DefaultJson,15726,Object
BrokerConnectionTransportDataType_Encoding_DefaultXml,15579,Object
BrokerConnectionTransportType,15155,ObjectType
BrokerDataSetReaderTransportDataType,15670,DataType
BrokerDataSetReaderTransportDataType_Encoding_DefaultBinary,15733,Object
BrokerDataSetReaderTransportDataType_Encoding_DefaultJson,16526,Object
BrokerDataSetReaderTransportDataType_Encoding_DefaultXml,16023,Object
BrokerDataSetReaderTransportType,21142,ObjectType
BrokerDataSetWriterTransportDataType,15669,DataType
BrokerDataSetWriterTransportDataType_Encoding_DefaultBinary,15729,Object
BrokerDataSetWriterTransportDataType_Encoding_DefaultJson,16525,Object
BrokerDataSetWriterTransportDataType_Encoding_DefaultXml,16022,Object
BrokerDataSetWriterTransportType,21138,ObjectType
BrokerTransportQualityOfService,15008,DataType
BrokerWriterGroupTransportDataType,15667,DataType
BrokerWriterGroupTransportDataType_Encoding_DefaultBinary,15727,Object
BrokerWriterGroupTransportDataType_Encoding_DefaultJson,16524,Object
BrokerWriterGroupTransportDataType_Encoding_DefaultXml,16021,Object
BrokerWriterGroupTransportType,21136,ObjectType
BrowseDescription,514,DataType
BrowseDescription_Encoding_DefaultBinary,516,Object
BrowseDescription_Encoding_DefaultJson,15180,Object
BrowseDescription_Encoding_DefaultXml,515,Object
BrowseDirection,510,DataType
BrowseNextRequest,531,DataType
BrowseNextRequest_Encoding_DefaultBinary,533,Object
BrowseNextRequest_Encoding_DefaultJson,15186,Object
BrowseNextRequest_Encoding_DefaultXml,532,Object
BrowseNextResponse,534,DataType
BrowseNextResponse_Encoding_DefaultBinary,536,Object
BrowseNextResponse_Encoding_DefaultJson,15187,Object
BrowseNextResponse_Encoding_DefaultXml,535,Object
BrowsePath,543,DataType
BrowsePath_Encoding_DefaultBinary,545,Object
BrowsePath_Encoding_DefaultJson,15190,Object
BrowsePath_Encoding_DefaultXml,544,Object
BrowsePathResult,549,DataType
BrowsePathResult_Encoding_DefaultBinary,551,Object
BrowsePathResult_Encoding_DefaultJson,15192,Object
BrowsePathResult_Encoding_DefaultXml,550,Object
BrowsePathTarget,546,DataType
BrowsePathTarget_Encoding_DefaultBinary,548,Object
BrowsePathTarget_Encoding_DefaultJson,15191,Object
BrowsePathTarget_Encoding_DefaultXml,547,Object
BrowseRequest,525,DataType
BrowseRequest_Encoding_DefaultBinary,527,Object
BrowseRequest_Encoding_DefaultJson,15184,Object
BrowseRequest_Encoding_DefaultXml,526,Object
BrowseResponse,528,DataType
BrowseResponse_Encoding_DefaultBinary,530,Object
BrowseResponse_Encoding_DefaultJson,15185,Object
BrowseResponse_Encoding_DefaultXml,529,Object
BrowseResult,522,DataType
BrowseResult_Encoding_DefaultBinary,524,Object
BrowseResult_Encoding_DefaultJson,15183,Object
BrowseResult_Encoding_DefaultXml,523,Object
BrowseResultMask,517,DataType
BuildInfo,338,DataType
BuildInfo_Encoding_DefaultBinary,340,Object
BuildInfo_Encoding_DefaultJson,15361,Object
BuildInfo_Encoding_DefaultXml,339,Object
BuildInfoType,3051,VariableType
Byte,3,DataType
ByteString,15,DataType
CallMethodRequest,704,DataType
CallMethodRequest_Encoding_DefaultBinary,706,Object
CallMethodRequest_Encoding_DefaultJson,15289,Object
CallMethodRequest_Encoding_DefaultXml,705,Object
CallMethodResult,707,DataType
CallMethodResult_Encoding_DefaultBinary,709,Object
CallMethodResult_Encoding_DefaultJson,15290,Object
CallMethodResult_Encoding_DefaultXml,708,Object
CallRequest,710,DataType
CallRequest_Encoding_DefaultBinary,712,Object
CallRequest_Encoding_DefaultJson,15291,Object
CallRequest_Encoding_DefaultXml,711,Object
CallResponse,713,DataType
CallResponse_Encoding_DefaultBinary,715,Object
CallResponse_Encoding_DefaultJson,15292,Object
CallResponse_Encoding_DefaultXml,714,Object
CancelRequest,477,DataType
CancelRequest_Encoding_DefaultBinary,479,Object
CancelRequest_Encoding_DefaultJson,15149,Object
CancelRequest_Encoding_DefaultXml,478,Object
CancelResponse,480,DataType
CancelResponse_Encoding_DefaultBinary,482,Object
CancelResponse_Encoding_DefaultJson,15150,Object
CancelResponse_Encoding_DefaultXml,481,Object
CartesianCoordinates,18809,DataType
CartesianCoordinates_Encoding_DefaultBinary,18818,Object
CartesianCoordinates_Encoding_DefaultJson,19067,Object
CartesianCoordinates_Encoding_DefaultXml,18854,Object
CartesianCoordinatesType,18772,VariableType
CertificateExpirationAlarmType,13225,ObjectType
CertificateGroupFolderType,13813,ObjectType
CertificateGroupType,12555,ObjectType
CertificateType,12556,ObjectType
CertificateUpdatedAuditEventType,12620,ObjectType
ChannelSecurityToken,441,DataType
ChannelSecurityToken_Encoding_DefaultBinary,443,Object
ChannelSecurityToken_Encoding_DefaultJson,15131,Object
ChannelSecurityToken_Encoding_DefaultXml,442,Object
ChoiceStateType,15109,ObjectType
CloseSecureChannelRequest,450,DataType
CloseSecureChannelRequest_Encoding_DefaultBinary,452,Object
CloseSecureChannelRequest_Encoding_DefaultJson,15134,Object
CloseSecureChannelRequest_Encoding_DefaultXml,451,Object
CloseSecureChannelResponse,453,DataType
CloseSecureChannelResponse_Encoding_DefaultBinary,455,Object
CloseSecureChannelResponse_Encoding_DefaultJson,15135,Object
CloseSecureChannelResponse_Encoding_DefaultXml,454,Object
CloseSessionRequest,471,DataType
CloseSessionRequest_Encoding_DefaultBinary,473,Object
CloseSessionRequest_Encoding_DefaultJson,15147,Object
CloseSessionRequest_Encoding_DefaultXml,472,Object
CloseSessionResponse,474,DataType
CloseSessionResponse_Encoding_DefaultBinary,476,Object
CloseSessionResponse_Encoding_DefaultJson,15148,Object
CloseSessionResponse_Encoding_DefaultXml,475,Object
ComplexNumberType,12171,DataType
ComplexNumberType_Encoding_DefaultBinary,12181,Object
ComplexNumberType_Encoding_DefaultJson,15377,Object
ComplexNumberType_Encoding_DefaultXml,12173,Object
ConditionType,2782,ObjectType
ConditionVariableType,9002,VariableType
ConfigurationVersionDataType,14593,DataType
ConfigurationVersionDataType_Encoding_DefaultBinary,14847,Object
ConfigurationVersionDataType_Encoding_DefaultJson,15049,Object
ConfigurationVersionDataType_Encoding_DefaultXml,14803,Object
ConnectionTransportDataType,15618,DataType
ConnectionTransportDataType_Encoding_DefaultBinary,15695,Object
ConnectionTransportDataType_Encoding_DefaultJson,16282,Object
ConnectionTransportDataType_Encoding_DefaultXml,15993,Object
ConnectionTransportType,17721,ObjectType
ContentFilter,586,DataType
ContentFilter_Encoding_DefaultBinary,588,Object
ContentFilter_Encoding_DefaultJson,15205,Object
ContentFilter_Encoding_DefaultXml,587,Object
ContentFilterElement,583,DataType
ContentFilterElement_Encoding_DefaultBinary,585,Object
ContentFilterElement_Encoding_DefaultJson,15204,Object
ContentFilterElement_Encoding_DefaultXml,584,Object
ContentFilterElementResult,604,DataType
ContentFilterElementResult_Encoding_DefaultBinary,606,Object
ContentFilterElementResult_Encoding_DefaultJson,15211,Object
ContentFilterElementResult_Encoding_DefaultXml,605,Object
ContentFilterResult,607,DataType
ContentFilterResult_Encoding_DefaultBinary,609,Object
ContentFilterResult_Encoding_DefaultJson,15228,Object
ContentFilterResult_Encoding_DefaultXml,608,Object
ContinuationPoint,521,DataType
Counter,289,DataType
CreateMonitoredItemsRequest,749,DataType
CreateMonitoredItemsRequest_Encoding_DefaultBinary,751,Object
CreateMonitoredItemsRequest_Encoding_DefaultJson,15323,Object
CreateMonitoredItemsRequest_Encoding_DefaultXml,750,Object
CreateMonitoredItemsResponse,752,DataType
CreateMonitoredItemsResponse_Encoding_DefaultBinary,754,Object
CreateMonitoredItemsResponse_Encoding_DefaultJson,15324,Object
CreateMonitoredItemsResponse_Encoding_DefaultXml,753,Object
CreateSessionRequest,459,DataType
CreateSessionRequest_Encoding_DefaultBinary,461,Object
CreateSessionRequest_Encoding_DefaultJson,15138,Object
CreateSessionRequest_Encoding_DefaultXml,460,Object
CreateSessionResponse,462,DataType
CreateSessionResponse_Encoding_DefaultBinary,464,Object
CreateSessionResponse_Encoding_DefaultJson,15139,Object
CreateSessionResponse_Encoding_DefaultXml,463,Object
CreateSubscriptionRequest,785,DataType
CreateSubscriptionRequest_Encoding_DefaultBinary,787,Object
CreateSubscriptionRequest_Encoding_DefaultJson,15337,Object
CreateSubscriptionRequest_Encoding_DefaultXml,786,Object
CreateSubscriptionResponse,788,DataType
CreateSubscriptionResponse_Encoding_DefaultBinary,790,Object
CreateSubscriptionResponse_Encoding_DefaultJson,15338,Object
CreateSubscriptionResponse_Encoding_DefaultXml,789,Object
CubeItemType,12057,VariableType
CurrencyUnit,23501,Variable
CurrencyUnitType,23498,DataType
CurrencyUnitType_Encoding_DefaultBinary,23507,Object
CurrencyUnitType_Encoding_DefaultJson,23528,Object
CurrencyUnitType_Encoding_DefaultXml,23520,Object
DataChangeFilter,722,DataType
DataChangeFilter_Encoding_DefaultBinary,724,Object
DataChangeFilter_Encoding_DefaultJson,15294,Object
DataChangeFilter_Encoding_DefaultXml,723,Object
DataChangeNotification,809,DataType
DataChangeNotification_Encoding_DefaultBinary,811,Object
DataChangeNotification_Encoding_DefaultJson,15345,Object
DataChangeNotification_Encoding_DefaultXml,810,Object
DataChangeTrigger,717,DataType
DatagramConnectionTransportDataType,17467,DataType
DatagramConnectionTransportDataType_Encoding_DefaultBinary,17468,Object
DatagramConnectionTransportDataType_Encoding_DefaultJson,17476,Object
DatagramConnectionTransportDataType_Encoding_DefaultXml,17472,Object
DatagramConnectionTransportType,15064,ObjectType
DatagramWriterGroupTransportDataType,15532,DataType
DatagramWriterGroupTransportDataType_Encoding_DefaultBinary,21155,Object
DatagramWriterGroupTransportDataType_Encoding_DefaultJson,21203,Object
DatagramWriterGroupTransportDataType_Encoding_DefaultXml,21179,Object
DatagramWriterGroupTransportType,21133,ObjectType
DataItemType,2365,VariableType
DataSetFieldContentMask,15583,DataType
DataSetFieldFlags,15904,DataType
DataSetFolderType,14477,ObjectType
DataSetMetaDataType,14523,DataType
DataSetMetaDataType_Encoding_DefaultBinary,124,Object
DataSetMetaDataType_Encoding_DefaultJson,15050,Object
DataSetMetaDataType_Encoding_DefaultXml,14794,Object
DataSetOrderingType,20408,DataType
DataSetReaderDataType,15623,DataType
DataSetReaderDataType_Encoding_DefaultBinary,15703,Object
DataSetReaderDataType_Encoding_DefaultJson,16286,Object
DataSetReaderDataType_Encoding_DefaultXml,16007,Object
DataSetReaderMessageDataType,15629,DataType
DataSetReaderMessageDataType_Encoding_DefaultBinary,15706,Object
DataSetReaderMessageDataType_Encoding_DefaultJson,16288,Object
DataSetReaderMessageDataType_Encoding_DefaultXml,16009,Object
DataSetReaderMessageType,21104,ObjectType
DataSetReaderTransportDataType,15628,DataType
DataSetReaderTransportDataType_Encoding_DefaultBinary,15705,Object
DataSetReaderTransportDataType_Encoding_DefaultJson,16287,Object
DataSetReaderTransportDataType_Encoding_DefaultXml,16008,Object
DataSetReaderTransportType,15319,ObjectType
DataSetReaderType,15306,ObjectType
DataSetToWriter,14936,ReferenceType
DataSetWriterDataType,15597,DataType
DataSetWriterDataType_Encoding_DefaultBinary,15682,Object
DataSetWriterDataType_Encoding_DefaultJson,16156,Object
DataSetWriterDataType_Encoding_DefaultXml,15955,Object
DataSetWriterMessageDataType,15605,DataType
DataSetWriterMessageDataType_Encoding_DefaultBinary,15688,Object
DataSetWriterMessageDataType_Encoding_DefaultJson,16158,Object
DataSetWriterMessageDataType_Encoding_DefaultXml,15987,Object
DataSetWriterMessageType,21096,ObjectType
DataSetWriterTransportDataType,15598,DataType
DataSetWriterTransportDataType_Encoding_DefaultBinary,15683,Object
DataSetWriterTransportDataType_Encoding_DefaultJson,16157,Object
DataSetWriterTransportDataType_Encoding_DefaultXml,15956,Object
DataSetWriterTransportType,15305,ObjectType
DataSetWriterType,15298,ObjectType
DataTypeAttributes,370,DataType
DataTypeAttributes_Encoding_DefaultBinary,372,Object
DataTypeAttributes_Encoding_DefaultJson,15161,Object
DataTypeAttributes_Encoding_DefaultXml,371,Object
DataTypeDefinition,97,DataType
DataTypeDefinition_Encoding_DefaultBinary,121,Object
DataTypeDefinition_Encoding_DefaultJson,15063,Object
DataTypeDefinition_Encoding_DefaultXml,14797,Object
DataTypeDescription,14525,DataType
DataTypeDescription_Encoding_DefaultBinary,125,Object
DataTypeDescription_Encoding_DefaultJson,15057,Object
DataTypeDescription_Encoding_DefaultXml,14796,Object
DataTypeDescriptionType,69,VariableType
DataTypeDictionaryType,72,VariableType
DataTypeEncodingType,76,ObjectType
DataTypeNode,282,DataType
DataTypeNode_Encoding_DefaultBinary,284,Object
DataTypeNode_Encoding_DefaultJson,15079,Object
DataTypeNode_Encoding_DefaultXml,283,Object
DataTypeSchemaHeader,15534,DataType
DataTypeSchemaHeader_Encoding_DefaultBinary,15676,Object
DataTypeSchemaHeader_Encoding_DefaultJson,16151,Object
DataTypeSchemaHeader_Encoding_DefaultXml,15950,Object
DataTypesFolder,90,Object
DataTypeSystemType,75,ObjectType
DataValue,23,DataType
Date,293,DataType
DateString,12881,DataType
DateTime,13,DataType
DeadbandType,718,DataType
Decimal,50,DataType
DecimalDataType,17861,DataType
DecimalDataType_Encoding_DefaultBinary,17863,Object
DecimalDataType_Encoding_DefaultJson,15045,Object
DecimalDataType_Encoding_DefaultXml,17862,Object
DecimalString,12878,DataType
DefaultBinary,3062,Object
DefaultInputValues,16306,Variable
DefaultInstanceBrowseName,17605,Variable
DefaultXml,3063,Object
DeleteAtTimeDetails,689,DataType
DeleteAtTimeDetails_Encoding_DefaultBinary,691,Object
DeleteAtTimeDetails_Encoding_DefaultJson,15284,Object
DeleteAtTimeDetails_Encoding_DefaultXml,690,Object
DeleteEventDetails,692,DataType
DeleteEventDetails_Encoding_DefaultBinary,694,Object
DeleteEventDetails_Encoding_DefaultJson,15285,Object
DeleteEventDetails_Encoding_DefaultXml,693,Object
DeleteMonitoredItemsRequest,779,DataType
DeleteMonitoredItemsRequest_Encoding_DefaultBinary,781,Object
DeleteMonitoredItemsRequest_Encoding_DefaultJson,15335,Object
DeleteMonitoredItemsRequest_Encoding_DefaultXml,780,Object
DeleteMonitoredItemsResponse,782,DataType
DeleteMonitoredItemsResponse_Encoding_DefaultBinary,784,Object
DeleteMonitoredItemsResponse_Encoding_DefaultJson,15336,Object
DeleteMonitoredItemsResponse_Encoding_DefaultXml,783,Object
DeleteNodesItem,382,DataType
DeleteNodesItem_Encoding_DefaultBinary,384,Object
DeleteNodesItem_Encoding_DefaultJson,15172,Object
DeleteNodesItem_Encoding_DefaultXml,383,Object
DeleteNodesRequest,498,DataType
DeleteNodesRequest_Encoding_DefaultBinary,500,Object
DeleteNodesRequest_Encoding_DefaultJson,15173,Object
DeleteNodesRequest_Encoding_DefaultXml,499,Object
DeleteNodesResponse,501,DataType
DeleteNodesResponse_Encoding_DefaultBinary,503,Object
DeleteNodesResponse_Encoding_DefaultJson,15174,Object
DeleteNodesResponse_Encoding_DefaultXml,502,Object
DeleteRawModifiedDetails,686,DataType
DeleteRawModifiedDetails_Encoding_DefaultBinary,688,Object
DeleteRawModifiedDetails_Encoding_DefaultJson,15283,Object
DeleteRawModifiedDetails_Encoding_DefaultXml,687,Object
DeleteReferencesItem,385,DataType
DeleteReferencesItem_Encoding_DefaultBinary,387,Object
DeleteReferencesItem_Encoding_DefaultJson,15175,Object
DeleteReferencesItem_Encoding_DefaultXml,386,Object
DeleteReferencesRequest,504,DataType
DeleteReferencesRequest_Encoding_DefaultBinary,506,Object
DeleteReferencesRequest_Encoding_DefaultJson,15176,Object
DeleteReferencesRequest_Encoding_DefaultXml,505,Object
DeleteReferencesResponse,507,DataType
DeleteReferencesResponse_Encoding_DefaultBinary,509,Object
DeleteReferencesResponse_Encoding_DefaultJson,15177,Object
DeleteReferencesResponse_Encoding_DefaultXml,508,Object
DeleteSubscriptionsRequest,845,DataType
DeleteSubscriptionsRequest_Encoding_DefaultBinary,847,Object
DeleteSubscriptionsRequest_Encoding_DefaultJson,15359,Object
DeleteSubscriptionsRequest_Encoding_DefaultXml,846,Object
DeleteSubscriptionsResponse,848,DataType
DeleteSubscriptionsResponse_Encoding_DefaultBinary,850,Object
DeleteSubscriptionsResponse_Encoding_DefaultJson,15360,Object
DeleteSubscriptionsResponse_Encoding_DefaultXml,849,Object
DeviceFailureEventType,2131,ObjectType
DiagnosticInfo,25,DataType
DiagnosticsLevel,19723,DataType
DialogConditionType,2830,ObjectType
Dictionaries,17594,Object
DictionaryEntryType,17589,ObjectType
DictionaryFolderType,17591,ObjectType
DiscoveryConfiguration,12890,DataType
DiscoveryConfiguration_Encoding_DefaultBinary,12900,Object
DiscoveryConfiguration_Encoding_DefaultJson,15105,Object
DiscoveryConfiguration_Encoding_DefaultXml,12892,Object
DiscrepancyAlarmType,17080,ObjectType
DiscreteAlarmType,10523,ObjectType
DiscreteItemType,2372,VariableType
Double,11,DataType
DoubleComplexNumberType,12172,DataType
DoubleComplexNumberType_Encoding_DefaultBinary,12182,Object
DoubleComplexNumberType_Encoding_DefaultJson,15378,Object
DoubleComplexNumberType_Encoding_DefaultXml,12174,Object
Duration,290,DataType
DurationString,12879,DataType
ElementOperand,592,DataType
ElementOperand_Encoding_DefaultBinary,594,Object
ElementOperand_Encoding_DefaultJson,15207,Object
ElementOperand_Encoding_DefaultXml,593,Object
ElseGuardVariableType,15317,VariableType
EndpointConfiguration,331,DataType
EndpointConfiguration_Encoding_DefaultBinary,333,Object
EndpointConfiguration_Encoding_DefaultJson,15199,Object
EndpointConfiguration_Encoding_DefaultXml,332,Object
EndpointDescription,312,DataType
EndpointDescription_Encoding_DefaultBinary,314,Object
EndpointDescription_Encoding_DefaultJson,15099,Object
EndpointDescription_Encoding_DefaultXml,313,Object
EndpointType,15528,DataType
EndpointType_Encoding_DefaultBinary,15671,Object
EndpointType_Encoding_DefaultJson,16150,Object
EndpointType_Encoding_DefaultXml,15949,Object
EndpointUrlListDataType,11943,DataType
EndpointUrlListDataType_Encoding_DefaultBinary,11957,Object
EndpointUrlListDataType_Encoding_DefaultJson,15363,Object
EndpointUrlListDataType_Encoding_DefaultXml,11949,Object
EngineeringUnits,11513,Variable
EnumDefinition,100,DataType
EnumDefinition_Encoding_DefaultBinary,123,Object
EnumDefinition_Encoding_DefaultJson,15067,Object
EnumDefinition_Encoding_DefaultXml,14799,Object
EnumDescription,15488,DataType
EnumDescription_Encoding_DefaultBinary,127,Object
EnumDescription_Encoding_DefaultJson,15059,Object
EnumDescription_Encoding_DefaultXml,15590,Object
Enumeration,29,DataType
EnumField,102,DataType
EnumField_Encoding_DefaultBinary,14845,Object
EnumField_Encoding_DefaultJson,15083,Object
EnumField_Encoding_DefaultXml,14801,Object
EnumStrings,11432,Variable
EnumValues,3071,Variable
EnumValueType,7594,DataType
EnumValueType_Encoding_DefaultBinary,8251,Object
EnumValueType_Encoding_DefaultJson,15082,Object
EnumValueType_Encoding_DefaultXml,7616,Object
EUInformation,887,DataType
EUInformation_Encoding_DefaultBinary,889,Object
EUInformation_Encoding_DefaultJson,15376,Object
EUInformation_Encoding_DefaultXml,888,Object
EventFieldList,917,DataType
EventFieldList_Encoding_DefaultBinary,919,Object
EventFieldList_Encoding_DefaultJson,15348,Object
EventFieldList_Encoding_DefaultXml,918,Object
EventFilter,725,DataType
EventFilter_Encoding_DefaultBinary,727,Object
EventFilter_Encoding_DefaultJson,15295,Object
EventFilter_Encoding_DefaultXml,726,Object
EventFilterResult,734,DataType
EventFilterResult_Encoding_DefaultBinary,736,Object
EventFilterResult_Encoding_DefaultJson,15314,Object
EventFilterResult_Encoding_DefaultXml,735,Object
EventNotificationList,914,DataType
EventNotificationList_Encoding_DefaultBinary,916,Object
EventNotificationList_Encoding_DefaultJson,15347,Object
EventNotificationList_Encoding_DefaultXml,915,Object
EventNotifierType,15033,DataType
EventQueueOverflowEventType,3035,ObjectType
EventTypesFolder,3048,Object
ExceptionDeviationFormat,890,DataType
ExclusiveDeviationAlarmType,9764,ObjectType
ExclusiveLevelAlarmType,9482,ObjectType
ExclusiveLimitAlarmType,9341,ObjectType
ExclusiveLimitStateMachineType,9318,ObjectType
ExclusiveRateOfChangeAlarmType,9623,ObjectType
ExpandedNodeId,18,DataType
ExpressionGuardVariableType,15128,VariableType
ExtensionFieldsType,15489,ObjectType
FieldMetaData,14524,DataType
FieldMetaData_Encoding_DefaultBinary,14839,Object
FieldMetaData_Encoding_DefaultJson,15051,Object
FieldMetaData_Encoding_DefaultXml,14795,Object
FieldTargetDataType,14744,DataType
FieldTargetDataType_Encoding_DefaultBinary,14848,Object
FieldTargetDataType_Encoding_DefaultJson,15061,Object
FieldTargetDataType_Encoding_DefaultXml,14804,Object
FileDirectoryType,13353,ObjectType
FileSystem,16314,Object
FileTransferStateMachineType,15803,ObjectType
FileType,11575,ObjectType
FilterOperand,589,DataType
FilterOperand_Encoding_DefaultBinary,591,Object
FilterOperand_Encoding_DefaultJson,15206,Object
FilterOperand_Encoding_DefaultXml,590,Object
FilterOperator,576,DataType
FindServersOnNetworkRequest,12190,DataType
FindServersOnNetworkRequest_Encoding_DefaultBinary,12208,Object
FindServersOnNetworkRequest_Encoding_DefaultJson,15096,Object
FindServersOnNetworkRequest_Encoding_DefaultXml,12196,Object
FindServersOnNetworkResponse,12191,DataType
FindServersOnNetworkResponse_Encoding_DefaultBinary,12209,Object
FindServersOnNetworkResponse_Encoding_DefaultJson,15097,Object
FindServersOnNetworkResponse_Encoding_DefaultXml,12197,Object
FindServersRequest,420,DataType
FindServersRequest_Encoding_DefaultBinary,422,Object
FindServersRequest_Encoding_DefaultJson,15093,Object
FindServersRequest_Encoding_DefaultXml,421,Object
FindServersResponse,423,DataType
FindServersResponse_Encoding_DefaultBinary,425,Object
FindServersResponse_Encoding_DefaultJson,15094,Object
FindServersResponse_Encoding_DefaultXml,424,Object
FiniteStateMachineType,2771,ObjectType
FiniteStateVariableType,2760,VariableType
FiniteTransitionVariableType,2767,VariableType
Float,10,DataType
FolderType,61,ObjectType
Frame,18813,DataType
Frame_Encoding_DefaultBinary,18822,Object
Frame_Encoding_DefaultJson,19071,Object
Frame_Encoding_DefaultXml,18858,Object
FrameType,18786,VariableType
FromState,51,ReferenceType
GeneralModelChangeEventType,2133,ObjectType
GeneratesEvent,41,ReferenceType
GenericAttributes,17607,DataType
GenericAttributes_Encoding_DefaultBinary,17611,Object
GenericAttributes_Encoding_DefaultJson,15164,Object
GenericAttributes_Encoding_DefaultXml,17609,Object
GenericAttributeValue,17606,DataType
GenericAttributeValue_Encoding_DefaultBinary,17610,Object
GenericAttributeValue_Encoding_DefaultJson,15163,Object
GenericAttributeValue_Encoding_DefaultXml,17608,Object
GetEndpointsRequest,426,DataType
GetEndpointsRequest_Encoding_DefaultBinary,428,Object
GetEndpointsRequest_Encoding_DefaultJson,15100,Object
GetEndpointsRequest_Encoding_DefaultXml,427,Object
GetEndpointsResponse,429,DataType
GetEndpointsResponse_Encoding_DefaultBinary,431,Object
GetEndpointsResponse_Encoding_DefaultJson,15101,Object
GetEndpointsResponse_Encoding_DefaultXml,430,Object
GuardVariableType,15113,VariableType
Guid,14,DataType
HAConfiguration,11202,Object
HasAddIn,17604,ReferenceType
HasAlarmSuppressionGroup,16361,ReferenceType
HasArgumentDescription,129,ReferenceType
HasCause,53,ReferenceType
HasChild,34,ReferenceType
HasComponent,47,ReferenceType
HasCondition,9006,ReferenceType
HasDataSetReader,15297,ReferenceType
HasDataSetWriter,15296,ReferenceType
HasDescription,39,ReferenceType
HasDictionaryEntry,17597,ReferenceType
HasEffect,54,ReferenceType
HasEffectDisable,17276,ReferenceType
HasEffectEnable,17983,ReferenceType
HasEffectSuppressed,17984,ReferenceType
HasEffectUnsuppressed,17985,ReferenceType
HasEncoding,38,ReferenceType
HasEventSource,36,ReferenceType
HasFalseSubState,9005,ReferenceType
HasGuard,15112,ReferenceType
HasHistoricalConfiguration,56,ReferenceType
HasInterface,17603,ReferenceType
HasModellingRule,37,ReferenceType
HasNotifier,48,ReferenceType
HasOptionalInputArgumentDescription,131,ReferenceType
HasOrderedComponent,49,ReferenceType
HasProperty,46,ReferenceType
HasPubSubConnection,14476,ReferenceType
HasReaderGroup,18805,ReferenceType
HasSubStateMachine,117,ReferenceType
HasSubtype,45,ReferenceType
HasTrueSubState,9004,ReferenceType
HasTypeDefinition,40,ReferenceType
HasWriterGroup,18804,ReferenceType
HierarchicalReferences,33,ReferenceType
HighlyManagedAlarmConditionClassType,17219,ObjectType
HistoricalDataConfigurationType,2318,ObjectType
HistoricalEventFilter,11215,Variable
HistoryData,656,DataType
HistoryData_Encoding_DefaultBinary,658,Object
HistoryData_Encoding_DefaultJson,15270,Object
HistoryData_Encoding_DefaultXml,657,Object
HistoryEvent,659,DataType
HistoryEvent_Encoding_DefaultBinary,661,Object
HistoryEvent_Encoding_DefaultJson,15273,Object
HistoryEvent_Encoding_DefaultXml,660,Object
HistoryEventFieldList,920,DataType
HistoryEventFieldList_Encoding_DefaultBinary,922,Object
HistoryEventFieldList_Encoding_DefaultJson,15349,Object
HistoryEventFieldList_Encoding_DefaultXml,921,Object
HistoryModifiedData,11217,DataType
HistoryModifiedData_Encoding_DefaultBinary,11227,Object
HistoryModifiedData_Encoding_DefaultJson,15272,Object
HistoryModifiedData_Encoding_DefaultXml,11219,Object
HistoryReadDetails,641,DataType
HistoryReadDetails_Encoding_DefaultBinary,643,Object
HistoryReadDetails_Encoding_DefaultJson,15261,Object
HistoryReadDetails_Encoding_DefaultXml,642,Object
HistoryReadRequest,662,DataType
HistoryReadRequest_Encoding_DefaultBinary,664,Object
HistoryReadRequest_Encoding_DefaultJson,15274,Object
HistoryReadRequest_Encoding_DefaultXml,663,Object
HistoryReadResponse,665,DataType
HistoryReadResponse_Encoding_DefaultBinary,667,Object
HistoryReadResponse_Encoding_DefaultJson,15275,Object
HistoryReadResponse_Encoding_DefaultXml,666,Object
HistoryReadResult,638,DataType
HistoryReadResult_Encoding_DefaultBinary,640,Object
HistoryReadResult_Encoding_DefaultJson,15260,Object
HistoryReadResult_Encoding_DefaultXml,639,Object
HistoryReadValueId,635,DataType
HistoryReadValueId_Encoding_DefaultBinary,637,Object
HistoryReadValueId_Encoding_DefaultJson,15259,Object
HistoryReadValueId_Encoding_DefaultXml,636,Object
HistoryServerCapabilities,11192,Object
HistoryServerCapabilitiesType,2330,ObjectType
HistoryUpdateDetails,677,DataType
HistoryUpdateDetails_Encoding_DefaultBinary,679,Object
HistoryUpdateDetails_Encoding_DefaultJson,15279,Object
HistoryUpdateDetails_Encoding_DefaultXml,678,Object
HistoryUpdateRequest,698,DataType
HistoryUpdateRequest_Encoding_DefaultBinary,700,Object
HistoryUpdateRequest_Encoding_DefaultJson,15287,Object
HistoryUpdateRequest_Encoding_DefaultXml,699,Object
HistoryUpdateResponse,701,DataType
HistoryUpdateResponse_Encoding_DefaultBinary,703,Object
HistoryUpdateResponse_Encoding_DefaultJson,15288,Object
HistoryUpdateResponse_Encoding_DefaultXml,702,Object
HistoryUpdateResult,695,DataType
HistoryUpdateResult_Encoding_DefaultBinary,697,Object
HistoryUpdateResult_Encoding_DefaultJson,15286,Object
HistoryUpdateResult_Encoding_DefaultXml,696,Object
HistoryUpdateType,11234,DataType
HttpsCertificateType,12558,ObjectType
Icon,3067,Variable
IdentityCriteriaType,15632,DataType
IdentityMappingRuleType,15634,DataType
IdentityMappingRuleType_Encoding_DefaultBinary,15736,Object
IdentityMappingRuleType_Encoding_DefaultJson,15042,Object
IdentityMappingRuleType_Encoding_DefaultXml,15728,Object
IdType,256,DataType
Image,30,DataType
ImageBMP,2000,DataType
ImageGIF,2001,DataType
ImageItemType,12047,VariableType
ImageJPG,2002,DataType
ImagePNG,2003,DataType
Index,17588,DataType
InitialStateType,2309,ObjectType
InputArguments,3072,Variable
InstanceNode,11879,DataType
InstanceNode_Encoding_DefaultBinary,11889,Object
InstanceNode_Encoding_DefaultJson,15069,Object
InstanceNode_Encoding_DefaultXml,11887,Object
InstrumentDiagnosticAlarmType,18347,ObjectType
Int16,4,DataType
Int32,6,DataType
Int64,8,DataType
Integer,27,DataType
IntegerId,288,DataType
InterfaceTypes,17708,Object
IOrderedObjectType,23513,ObjectType
IrdiDictionaryEntryType,17598,ObjectType
IssuedIdentityToken,938,DataType
IssuedIdentityToken_Encoding_DefaultBinary,940,Object
IssuedIdentityToken_Encoding_DefaultJson,15144,Object
IssuedIdentityToken_Encoding_DefaultXml,939,Object
JsonDataSetMessageContentMask,15658,DataType
JsonDataSetReaderMessageDataType,15665,DataType
JsonDataSetReaderMessageDataType_Encoding_DefaultBinary,15725,Object
JsonDataSetReaderMessageDataType_Encoding_DefaultJson,16404,Object
JsonDataSetReaderMessageDataType_Encoding_DefaultXml,16019,Object
JsonDataSetReaderMessageType,21130,ObjectType
JsonDataSetWriterMessageDataType,15664,DataType
JsonDataSetWriterMessageDataType_Encoding_DefaultBinary,15724,Object
JsonDataSetWriterMessageDataType_Encoding_DefaultJson,16394,Object
JsonDataSetWriterMessageDataType_Encoding_DefaultXml,16018,Object
JsonDataSetWriterMessageType,21128,ObjectType
JsonNetworkMessageContentMask,15654,DataType
JsonWriterGroupMessageDataType,15657,DataType
JsonWriterGroupMessageDataType_Encoding_DefaultBinary,15719,Object
JsonWriterGroupMessageDataType_Encoding_DefaultJson,16393,Object
JsonWriterGroupMessageDataType_Encoding_DefaultXml,16017,Object
JsonWriterGroupMessageType,21126,ObjectType
KeyCredentialAuditEventType,18011,ObjectType
KeyCredentialConfiguration,18155,Object
KeyCredentialConfigurationFolderType,17496,ObjectType
KeyCredentialConfigurationType,18001,ObjectType
KeyCredentialDeletedAuditEventType,18047,ObjectType
KeyCredentialUpdatedAuditEventType,18029,ObjectType
KeyValuePair,14533,DataType
KeyValuePair_Encoding_DefaultBinary,14846,Object
KeyValuePair_Encoding_DefaultJson,15041,Object
KeyValuePair_Encoding_DefaultXml,14802,Object
LimitAlarmType,2955,ObjectType
LiteralOperand,595,DataType
LiteralOperand_Encoding_DefaultBinary,597,Object
LiteralOperand_Encoding_DefaultJson,15208,Object
LiteralOperand_Encoding_DefaultXml,596,Object
LocaleId,295,DataType
LocalizedText,21,DataType
LocalTime,3069,Variable
MaintenanceConditionClassType,11165,ObjectType
MaxArrayLength,11512,Variable
MaxByteStringLength,12908,Variable
MaxCharacters,15002,Variable
MaxStringLength,11498,Variable
MdnsDiscoveryConfiguration,12891,DataType
MdnsDiscoveryConfiguration_Encoding_DefaultBinary,12901,Object
MdnsDiscoveryConfiguration_Encoding_DefaultJson,15106,Object
MdnsDiscoveryConfiguration_Encoding_DefaultXml,12893,Object
MessageSecurityMode,302,DataType
MethodAttributes,358,DataType
MethodAttributes_Encoding_DefaultBinary,360,Object
MethodAttributes_Encoding_DefaultJson,15157,Object
MethodAttributes_Encoding_DefaultXml,359,Object
MethodNode,276,DataType
MethodNode_Encoding_DefaultBinary,278,Object
MethodNode_Encoding_DefaultJson,15077,Object
MethodNode_Encoding_DefaultXml,277,Object
ModelChangeStructureDataType,877,DataType
ModelChangeStructureDataType_Encoding_DefaultBinary,879,Object
ModelChangeStructureDataType_Encoding_DefaultJson,15373,Object
ModelChangeStructureDataType_Encoding_DefaultXml,878,Object
ModelChangeStructureVerbMask,11941,DataType
ModellingRule_ExposesItsArray,83,Object
ModellingRule_Mandatory,78,Object
ModellingRule_MandatoryPlaceholder,11510,Object
ModellingRule_Optional,80,Object
ModellingRule_OptionalPlaceholder,11508,Object
ModellingRuleType,77,ObjectType
ModificationInfo,11216,DataType
ModificationInfo_Encoding_DefaultBinary,11226,Object
ModificationInfo_Encoding_DefaultJson,15271,Object
ModificationInfo_Encoding_DefaultXml,11218,Object
ModifyMonitoredItemsRequest,761,DataType
ModifyMonitoredItemsRequest_Encoding_DefaultBinary,763,Object
ModifyMonitoredItemsRequest_Encoding_DefaultJson,15327,Object
ModifyMonitoredItemsRequest_Encoding_DefaultXml,762,Object
ModifyMonitoredItemsResponse,764,DataType
ModifyMonitoredItemsResponse_Encoding_DefaultBinary,766,Object
ModifyMonitoredItemsResponse_Encoding_DefaultJson,15328,Object
ModifyMonitoredItemsResponse_Encoding_DefaultXml,765,Object
ModifySubscriptionRequest,791,DataType
ModifySubscriptionRequest_Encoding_DefaultBinary,793,Object
ModifySubscriptionRequest_Encoding_DefaultJson,15339,Object
ModifySubscriptionRequest_Encoding_DefaultXml,792,Object
ModifySubscriptionResponse,794,DataType
ModifySubscriptionResponse_Encoding_DefaultBinary,796,Object
ModifySubscriptionResponse_Encoding_DefaultJson,15340,Object
ModifySubscriptionResponse_Encoding_DefaultXml,795,Object
MonitoredItemCreateRequest,743,DataType
MonitoredItemCreateRequest_Encoding_DefaultBinary,745,Object
MonitoredItemCreateRequest_Encoding_DefaultJson,15321,Object
MonitoredItemCreateRequest_Encoding_DefaultXml,744,Object
MonitoredItemCreateResult,746,DataType
MonitoredItemCreateResult_Encoding_DefaultBinary,748,Object
MonitoredItemCreateResult_Encoding_DefaultJson,15322,Object
MonitoredItemCreateResult_Encoding_DefaultXml,747,Object
MonitoredItemModifyRequest,755,DataType
MonitoredItemModifyRequest_Encoding_DefaultBinary,757,Object
MonitoredItemModifyRequest_Encoding_DefaultJson,15325,Object
MonitoredItemModifyRequest_Encoding_DefaultXml,756,Object
MonitoredItemModifyResult,758,DataType
MonitoredItemModifyResult_Encoding_DefaultBinary,760,Object
MonitoredItemModifyResult_Encoding_DefaultJson,15326,Object
MonitoredItemModifyResult_Encoding_DefaultXml,759,Object
MonitoredItemNotification,806,DataType
MonitoredItemNotification_Encoding_DefaultBinary,808,Object
MonitoredItemNotification_Encoding_DefaultJson,15346,Object
MonitoredItemNotification_Encoding_DefaultXml,807,Object
MonitoringFilter,719,DataType
MonitoringFilter_Encoding_DefaultBinary,721,Object
MonitoringFilter_Encoding_DefaultJson,15293,Object
MonitoringFilter_Encoding_DefaultXml,720,Object
MonitoringFilterResult,731,DataType
MonitoringFilterResult_Encoding_DefaultBinary,733,Object
MonitoringFilterResult_Encoding_DefaultJson,15313,Object
MonitoringFilterResult_Encoding_DefaultXml,732,Object
MonitoringMode,716,DataType
MonitoringParameters,740,DataType
MonitoringParameters_Encoding_DefaultBinary,742,Object
MonitoringParameters_Encoding_DefaultJson,15320,Object
MonitoringParameters_Encoding_DefaultXml,741,Object
MultiStateDictionaryEntryDiscreteBaseType,19077,VariableType
MultiStateDictionaryEntryDiscreteType,19084,VariableType
MultiStateDiscreteType,2376,VariableType
MultiStateValueDiscreteType,11238,VariableType
NamespaceMetadataType,11616,ObjectType
NamespacesType,11645,ObjectType
NamingRuleType,120,DataType
NDimensionArrayItemType,12068,VariableType
NetworkAddressDataType,15502,DataType
NetworkAddressDataType_Encoding_DefaultBinary,21151,Object
NetworkAddressDataType_Encoding_DefaultJson,21199,Object
NetworkAddressDataType_Encoding_DefaultXml,21175,Object
NetworkAddressType,21145,ObjectType
NetworkAddressUrlDataType,15510,DataType
NetworkAddressUrlDataType_Encoding_DefaultBinary,21152,Object
NetworkAddressUrlDataType_Encoding_DefaultJson,21200,Object
NetworkAddressUrlDataType_Encoding_DefaultXml,21176,Object
NetworkAddressUrlType,21147,ObjectType
NetworkGroupDataType,11944,DataType
NetworkGroupDataType_Encoding_DefaultBinary,11958,Object
NetworkGroupDataType_Encoding_DefaultJson,15364,Object
NetworkGroupDataType_Encoding_DefaultXml,11950,Object
Node,258,DataType
Node_Encoding_DefaultBinary,260,Object
Node_Encoding_DefaultJson,15068,Object
Node_Encoding_DefaultXml,259,Object
NodeAttributes,349,DataType
NodeAttributes_Encoding_DefaultBinary,351,Object
NodeAttributes_Encoding_DefaultJson,15151,Object
NodeAttributes_Encoding_DefaultXml,350,Object
NodeAttributesMask,348,DataType
NodeClass,257,DataType
NodeId,17,DataType
NodeReference,580,DataType
NodeReference_Encoding_DefaultBinary,582,Object
NodeReference_Encoding_DefaultJson,15203,Object
NodeReference_Encoding_DefaultXml,581,Object
NodeTypeDescription,573,DataType
NodeTypeDescription_Encoding_DefaultBinary,575,Object
NodeTypeDescription_Encoding_DefaultJson,15201,Object
NodeTypeDescription_Encoding_DefaultXml,574,Object
NodeVersion,3068,Variable
NonExclusiveDeviationAlarmType,10368,ObjectType
NonExclusiveLevelAlarmType,10060,ObjectType
NonExclusiveLimitAlarmType,9906,ObjectType
NonExclusiveRateOfChangeAlarmType,10214,ObjectType
NonHierarchicalReferences,32,ReferenceType
NonTransparentNetworkRedundancyType,11945,ObjectType
NonTransparentRedundancyType,2039,ObjectType
NormalizedString,12877,DataType
NotificationData,945,DataType
NotificationData_Encoding_DefaultBinary,947,Object
NotificationData_Encoding_DefaultJson,15344,Object
NotificationData_Encoding_DefaultXml,946,Object
NotificationMessage,803,DataType
NotificationMessage_Encoding_DefaultBinary,805,Object
NotificationMessage_Encoding_DefaultJson,15343,Object
NotificationMessage_Encoding_DefaultXml,804,Object
Number,26,DataType
NumericRange,291,DataType
ObjectAttributes,352,DataType
ObjectAttributes_Encoding_DefaultBinary,354,Object
ObjectAttributes_Encoding_DefaultJson,15152,Object
ObjectAttributes_Encoding_DefaultXml,353,Object
ObjectNode,261,DataType
ObjectNode_Encoding_DefaultBinary,263,Object
ObjectNode_Encoding_DefaultJson,15071,Object
ObjectNode_Encoding_DefaultXml,262,Object
ObjectsFolder,85,Object
ObjectTypeAttributes,361,DataType
ObjectTypeAttributes_Encoding_DefaultBinary,363,Object
ObjectTypeAttributes_Encoding_DefaultJson,15158,Object
ObjectTypeAttributes_Encoding_DefaultXml,362,Object
ObjectTypeNode,264,DataType
ObjectTypeNode_Encoding_DefaultBinary,266,Object
ObjectTypeNode_Encoding_DefaultJson,15073,Object
ObjectTypeNode_Encoding_DefaultXml,265,Object
ObjectTypesFolder,88,Object
OffNormalAlarmType,10637,ObjectType
OPCBinarySchema_TypeSystem,93,Object
OpcUa_BinarySchema,7617,Variable
OpcUa_XmlSchema,8252,Variable
OPCUANamespaceMetadata,15957,Object
OpenFileMode,11939,DataType
OpenSecureChannelRequest,444,DataType
OpenSecureChannelRequest_Encoding_DefaultBinary,446,Object
OpenSecureChannelRequest_Encoding_DefaultJson,15132,Object
OpenSecureChannelRequest_Encoding_DefaultXml,445,Object
OpenSecureChannelResponse,447,DataType
OpenSecureChannelResponse_Encoding_DefaultBinary,449,Object
OpenSecureChannelResponse_Encoding_DefaultJson,15133,Object
OpenSecureChannelResponse_Encoding_DefaultXml,448,Object
OperationLimitsType,11564,ObjectType
OptionSet,12755,DataType
OptionSet_Encoding_DefaultBinary,12765,Object
OptionSet_Encoding_DefaultJson,15084,Object
OptionSet_Encoding_DefaultXml,12757,Object
OptionSetType,11487,VariableType
OptionSetValues,12745,Variable
OrderedListType,23518,ObjectType
Organizes,35,ReferenceType
Orientation,18811,DataType
Orientation_Encoding_DefaultBinary,18820,Object
Orientation_Encoding_DefaultJson,19069,Object
Orientation_Encoding_DefaultXml,18856,Object
OrientationType,18779,VariableType
OutputArguments,3073,Variable
OverrideValueHandling,15874,DataType
ParsingResult,610,DataType
ParsingResult_Encoding_DefaultBinary,612,Object
ParsingResult_Encoding_DefaultJson,15236,Object
ParsingResult_Encoding_DefaultXml,611,Object
PerformUpdateType,11293,DataType
PermissionType,94,DataType
ProcessConditionClassType,11164,ObjectType
ProgramDiagnostic2DataType,15396,DataType
ProgramDiagnostic2DataType_Encoding_DefaultBinary,15397,Object
ProgramDiagnostic2DataType_Encoding_DefaultJson,15405,Object
ProgramDiagnostic2DataType_Encoding_DefaultXml,15401,Object
ProgramDiagnostic2Type,15383,VariableType
ProgramDiagnosticDataType,894,DataType
ProgramDiagnosticDataType_Encoding_DefaultBinary,896,Object
ProgramDiagnosticDataType_Encoding_DefaultJson,15381,Object
ProgramDiagnosticDataType_Encoding_DefaultXml,895,Object
ProgramDiagnosticType,2380,VariableType
ProgramStateMachineType,2391,ObjectType
ProgramTransitionAuditEventType,3806,ObjectType
ProgramTransitionEventType,2378,ObjectType
ProgressEventType,11436,ObjectType
PropertyType,68,VariableType
PublishedDataItemsDataType,15581,DataType
PublishedDataItemsDataType_Encoding_DefaultBinary,15679,Object
PublishedDataItemsDataType_Encoding_DefaultJson,16154,Object
PublishedDataItemsDataType_Encoding_DefaultXml,15953,Object
PublishedDataItemsType,14534,ObjectType
PublishedDataSetDataType,15578,DataType
PublishedDataSetDataType_Encoding_DefaultBinary,15677,Object
PublishedDataSetDataType_Encoding_DefaultJson,16152,Object
PublishedDataSetDataType_Encoding_DefaultXml,15951,Object
PublishedDataSetSourceDataType,15580,DataType
PublishedDataSetSourceDataType_Encoding_DefaultBinary,15678,Object
PublishedDataSetSourceDataType_Encoding_DefaultJson,16153,Object
PublishedDataSetSourceDataType_Encoding_DefaultXml,15952,Object
PublishedDataSetType,14509,ObjectType
PublishedEventsDataType,15582,DataType
PublishedEventsDataType_Encoding_DefaultBinary,15681,Object
PublishedEventsDataType_Encoding_DefaultJson,16155,Object
PublishedEventsDataType_Encoding_DefaultXml,15954,Object
PublishedEventsType,14572,ObjectType
PublishedVariableDataType,14273,DataType
PublishedVariableDataType_Encoding_DefaultBinary,14323,Object
PublishedVariableDataType_Encoding_DefaultJson,15060,Object
PublishedVariableDataType_Encoding_DefaultXml,14319,Object
PublishRequest,824,DataType
PublishRequest_Encoding_DefaultBinary,826,Object
PublishRequest_Encoding_DefaultJson,15352,Object
PublishRequest_Encoding_DefaultXml,825,Object
PublishResponse,827,DataType
PublishResponse_Encoding_DefaultBinary,829,Object
PublishResponse_Encoding_DefaultJson,15353,Object
PublishResponse_Encoding_DefaultXml,828,Object
PublishSubscribe,14443,Object
PublishSubscribeType,14416,ObjectType
PubSubCommunicationFailureEventType,15563,ObjectType
PubSubConfigurationDataType,15530,DataType
PubSubConfigurationDataType_Encoding_DefaultBinary,21154,Object
PubSubConfigurationDataType_Encoding_DefaultJson,21202,Object
PubSubConfigurationDataType_Encoding_DefaultXml,21178,Object
PubSubConnectionDataType,15617,DataType
PubSubConnectionDataType_Encoding_DefaultBinary,15694,Object
PubSubConnectionDataType_Encoding_DefaultJson,16281,Object
PubSubConnectionDataType_Encoding_DefaultXml,15992,Object
PubSubConnectionType,14209,ObjectType
PubSubDiagnosticsConnectionType,19786,ObjectType
PubSubDiagnosticsCounterClassification,19730,DataType
PubSubDiagnosticsCounterType,19725,VariableType
PubSubDiagnosticsDataSetReaderType,20027,ObjectType
PubSubDiagnosticsDataSetWriterType,19968,ObjectType
PubSubDiagnosticsReaderGroupType,19903,ObjectType
PubSubDiagnosticsRootType,19732,ObjectType
PubSubDiagnosticsType,19677,ObjectType
PubSubDiagnosticsWriterGroupType,19834,ObjectType
PubSubGroupDataType,15609,DataType
PubSubGroupDataType_Encoding_DefaultBinary,15689,Object
PubSubGroupDataType_Encoding_DefaultJson,16159,Object
PubSubGroupDataType_Encoding_DefaultXml,15988,Object
PubSubGroupType,14232,ObjectType
PubSubKeyServiceType,15906,ObjectType
PubSubState,14647,DataType
PubSubStatusEventType,15535,ObjectType
PubSubStatusType,14643,ObjectType
PubSubTransportLimitsExceedEventType,15548,ObjectType
QualifiedName,20,DataType
QueryDataDescription,570,DataType
QueryDataDescription_Encoding_DefaultBinary,572,Object
QueryDataDescription_Encoding_DefaultJson,15200,Object
QueryDataDescription_Encoding_DefaultXml,571,Object
QueryDataSet,577,DataType
QueryDataSet_Encoding_DefaultBinary,579,Object
QueryDataSet_Encoding_DefaultJson,15202,Object
QueryDataSet_Encoding_DefaultXml,578,Object
QueryFirstRequest,613,DataType
QueryFirstRequest_Encoding_DefaultBinary,615,Object
QueryFirstRequest_Encoding_DefaultJson,15244,Object
QueryFirstRequest_Encoding_DefaultXml,614,Object
QueryFirstResponse,616,DataType
QueryFirstResponse_Encoding_DefaultBinary,618,Object
QueryFirstResponse_Encoding_DefaultJson,15252,Object
QueryFirstResponse_Encoding_DefaultXml,617,Object
QueryNextRequest,619,DataType
QueryNextRequest_Encoding_DefaultBinary,621,Object
QueryNextRequest_Encoding_DefaultJson,15254,Object
QueryNextRequest_Encoding_DefaultXml,620,Object
QueryNextResponse,622,DataType
QueryNextResponse_Encoding_DefaultBinary,624,Object
QueryNextResponse_Encoding_DefaultJson,15255,Object
QueryNextResponse_Encoding_DefaultXml,623,Object
Range,884,DataType
Range_Encoding_DefaultBinary,886,Object
Range_Encoding_DefaultJson,15375,Object
Range_Encoding_DefaultXml,885,Object
RationalNumber,18806,DataType
RationalNumber_Encoding_DefaultBinary,18815,Object
RationalNumber_Encoding_DefaultJson,19064,Object
RationalNumber_Encoding_DefaultXml,18851,Object
RationalNumberType,17709,VariableType
ReadAnnotationDataDetails,23497,DataType
ReadAnnotationDataDetails_Encoding_DefaultBinary,23500,Object
ReadAnnotationDataDetails_Encoding_DefaultJson,23512,Object
ReadAnnotationDataDetails_Encoding_DefaultXml,23506,Object
ReadAtTimeDetails,653,DataType
ReadAtTimeDetails_Encoding_DefaultBinary,655,Object
ReadAtTimeDetails_Encoding_DefaultJson,15269,Object
ReadAtTimeDetails_Encoding_DefaultXml,654,Object
ReaderGroupDataType,15520,DataType
ReaderGroupDataType_Encoding_DefaultBinary,21153,Object
ReaderGroupDataType_Encoding_DefaultJson,21201,Object
ReaderGroupDataType_Encoding_DefaultXml,21177,Object
ReaderGroupMessageDataType,15622,DataType
ReaderGroupMessageDataType_Encoding_DefaultBinary,15702,Object
ReaderGroupMessageDataType_Encoding_DefaultJson,16285,Object
ReaderGroupMessageDataType_Encoding_DefaultXml,15996,Object
ReaderGroupMessageType,21091,ObjectType
ReaderGroupTransportDataType,15621,DataType
ReaderGroupTransportDataType_Encoding_DefaultBinary,15701,Object
ReaderGroupTransportDataType_Encoding_DefaultJson,16284,Object
ReaderGroupTransportDataType_Encoding_DefaultXml,15995,Object
ReaderGroupTransportType,21090,ObjectType
ReaderGroupType,17999,ObjectType
ReadEventDetails,644,DataType
ReadEventDetails_Encoding_DefaultBinary,646,Object
ReadEventDetails_Encoding_DefaultJson,15262,Object
ReadEventDetails_Encoding_DefaultXml,645,Object
ReadProcessedDetails,650,DataType
ReadProcessedDetails_Encoding_DefaultBinary,652,Object
ReadProcessedDetails_Encoding_DefaultJson,15264,Object
ReadProcessedDetails_Encoding_DefaultXml,651,Object
ReadRawModifiedDetails,647,DataType
ReadRawModifiedDetails_Encoding_DefaultBinary,649,Object
ReadRawModifiedDetails_Encoding_DefaultJson,15263,Object
ReadRawModifiedDetails_Encoding_DefaultXml,648,Object
ReadRequest,629,DataType
ReadRequest_Encoding_DefaultBinary,631,Object
ReadRequest_Encoding_DefaultJson,15257,Object
ReadRequest_Encoding_DefaultXml,630,Object
ReadResponse,632,DataType
ReadResponse_Encoding_DefaultBinary,634,Object
ReadResponse_Encoding_DefaultJson,15258,Object
ReadResponse_Encoding_DefaultXml,633,Object
ReadValueId,626,DataType
ReadValueId_Encoding_DefaultBinary,628,Object
ReadValueId_Encoding_DefaultJson,15256,Object
ReadValueId_Encoding_DefaultXml,627,Object
RedundancySupport,851,DataType
RedundantServerDataType,853,DataType
RedundantServerDataType_Encoding_DefaultBinary,855,Object
RedundantServerDataType_Encoding_DefaultJson,15362,Object
RedundantServerDataType_Encoding_DefaultXml,854,Object
ReferenceDescription,518,DataType
ReferenceDescription_Encoding_DefaultBinary,520,Object
ReferenceDescription_Encoding_DefaultJson,15182,Object
ReferenceDescription_Encoding_DefaultXml,519,Object
ReferenceNode,285,DataType
ReferenceNode_Encoding_DefaultBinary,287,Object
ReferenceNode_Encoding_DefaultJson,15080,Object
ReferenceNode_Encoding_DefaultXml,286,Object
References,31,ReferenceType
ReferenceTypeAttributes,367,DataType
ReferenceTypeAttributes_Encoding_DefaultBinary,369,Object
ReferenceTypeAttributes_Encoding_DefaultJson,15160,Object
ReferenceTypeAttributes_Encoding_DefaultXml,368,Object
ReferenceTypeNode,273,DataType
ReferenceTypeNode_Encoding_DefaultBinary,275,Object
ReferenceTypeNode_Encoding_DefaultJson,15076,Object
ReferenceTypeNode_Encoding_DefaultXml,274,Object
ReferenceTypesFolder,91,Object
RefreshEndEventType,2788,ObjectType
RefreshRequiredEventType,2789,ObjectType
RefreshStartEventType,2787,ObjectType
RegisteredServer,432,DataType
RegisteredServer_Encoding_DefaultBinary,434,Object
RegisteredServer_Encoding_DefaultJson,15102,Object
RegisteredServer_Encoding_DefaultXml,433,Object
RegisterNodesRequest,558,DataType
RegisterNodesRequest_Encoding_DefaultBinary,560,Object
RegisterNodesRequest_Encoding_DefaultJson,15195,Object
RegisterNodesRequest_Encoding_DefaultXml,559,Object
RegisterNodesResponse,561,DataType
RegisterNodesResponse_Encoding_DefaultBinary,563,Object
RegisterNodesResponse_Encoding_DefaultJson,15196,Object
RegisterNodesResponse_Encoding_DefaultXml,562,Object
RegisterServer2Request,12193,DataType
RegisterServer2Request_Encoding_DefaultBinary,12211,Object
RegisterServer2Request_Encoding_DefaultJson,15107,Object
RegisterServer2Request_Encoding_DefaultXml,12199,Object
RegisterServer2Response,12194,DataType
RegisterServer2Response_Encoding_DefaultBinary,12212,Object
RegisterServer2Response_Encoding_DefaultJson,15130,Object
RegisterServer2Response_Encoding_DefaultXml,12200,Object
RegisterServerRequest,435,DataType
RegisterServerRequest_Encoding_DefaultBinary,437,Object
RegisterServerRequest_Encoding_DefaultJson,15103,Object
RegisterServerRequest_Encoding_DefaultXml,436,Object
RegisterServerResponse,438,DataType
RegisterServerResponse_Encoding_DefaultBinary,440,Object
RegisterServerResponse_Encoding_DefaultJson,15104,Object
RegisterServerResponse_Encoding_DefaultXml,439,Object
RelativePath,540,DataType
RelativePath_Encoding_DefaultBinary,542,Object
RelativePath_Encoding_DefaultJson,15189,Object
RelativePath_Encoding_DefaultXml,541,Object
RelativePathElement,537,DataType
RelativePathElement_Encoding_DefaultBinary,539,Object
RelativePathElement_Encoding_DefaultJson,15188,Object
RelativePathElement_Encoding_DefaultXml,538,Object
RepublishRequest,830,DataType
RepublishRequest_Encoding_DefaultBinary,832,Object
RepublishRequest_Encoding_DefaultJson,15354,Object
RepublishRequest_Encoding_DefaultXml,831,Object
RepublishResponse,833,DataType
RepublishResponse_Encoding_DefaultBinary,835,Object
RepublishResponse_Encoding_DefaultJson,15355,Object
RepublishResponse_Encoding_DefaultXml,834,Object
RequestHeader,389,DataType
RequestHeader_Encoding_DefaultBinary,391,Object
RequestHeader_Encoding_DefaultJson,15088,Object
RequestHeader_Encoding_DefaultXml,390,Object
ResponseHeader,392,DataType
ResponseHeader_Encoding_DefaultBinary,394,Object
ResponseHeader_Encoding_DefaultJson,15089,Object
ResponseHeader_Encoding_DefaultXml,393,Object
RoleMappingRuleChangedAuditEventType,17641,ObjectType
RolePermissionType,96,DataType
RolePermissionType_Encoding_DefaultBinary,128,Object
RolePermissionType_Encoding_DefaultJson,15062,Object
RolePermissionType_Encoding_DefaultXml,16126,Object
RoleSetType,15607,ObjectType
RoleType,15620,ObjectType
RootFolder,84,Object
RsaEncryptedSecret,17545,DataType
RsaMinApplicationCertificateType,12559,ObjectType
RsaSha256ApplicationCertificateType,12560,ObjectType
SafetyConditionClassType,17218,ObjectType
SamplingIntervalDiagnosticsArrayType,2164,VariableType
SamplingIntervalDiagnosticsDataType,856,DataType
SamplingIntervalDiagnosticsDataType_Encoding_DefaultBinary,858,Object
SamplingIntervalDiagnosticsDataType_Encoding_DefaultJson,15365,Object
SamplingIntervalDiagnosticsDataType_Encoding_DefaultXml,857,Object
SamplingIntervalDiagnosticsType,2165,VariableType
SByte,2,DataType
SecurityGroupFolderType,15452,ObjectType
SecurityGroupType,15471,ObjectType
SecurityTokenRequestType,315,DataType
SelectionListType,16309,VariableType
SemanticChangeEventType,2738,ObjectType
SemanticChangeStructureDataType,897,DataType
SemanticChangeStructureDataType_Encoding_DefaultBinary,899,Object
SemanticChangeStructureDataType_Encoding_DefaultJson,15374,Object
SemanticChangeStructureDataType_Encoding_DefaultXml,898,Object
Server,2253,Object
ServerCapabilitiesType,2013,ObjectType
ServerConfiguration,12637,Object
ServerConfigurationType,12581,ObjectType
ServerDiagnosticsSummaryDataType,859,DataType
ServerDiagnosticsSummaryDataType_Encoding_DefaultBinary,861,Object
ServerDiagnosticsSummaryDataType_Encoding_DefaultJson,15366,Object
ServerDiagnosticsSummaryDataType_Encoding_DefaultXml,860,Object
ServerDiagnosticsSummaryType,2150,VariableType
ServerDiagnosticsType,2020,ObjectType
ServerOnNetwork,12189,DataType
ServerOnNetwork_Encoding_DefaultBinary,12207,Object
ServerOnNetwork_Encoding_DefaultJson,15095,Object
ServerOnNetwork_Encoding_DefaultXml,12195,Object
ServerRedundancyType,2034,ObjectType
ServerState,852,DataType
ServerStatusDataType,862,DataType
ServerStatusDataType_Encoding_DefaultBinary,864,Object
ServerStatusDataType_Encoding_DefaultJson,15367,Object
ServerStatusDataType_Encoding_DefaultXml,863,Object
ServerStatusType,2138,VariableType
ServerType,2004,ObjectType
ServerVendorCapabilityType,2137,VariableType
ServiceCounterDataType,871,DataType
ServiceCounterDataType_Encoding_DefaultBinary,873,Object
ServiceCounterDataType_Encoding_DefaultJson,15370,Object
ServiceCounterDataType_Encoding_DefaultXml,872,Object
ServiceFault,395,DataType
ServiceFault_Encoding_DefaultBinary,397,Object
ServiceFault_Encoding_DefaultJson,15090,Object
ServiceFault_Encoding_DefaultXml,396,Object
SessionAuthenticationToken,388,DataType
SessionDiagnosticsArrayType,2196,VariableType
SessionDiagnosticsDataType,865,DataType
SessionDiagnosticsDataType_Encoding_DefaultBinary,867,Object
SessionDiagnosticsDataType_Encoding_DefaultJson,15368,Object
SessionDiagnosticsDataType_Encoding_DefaultXml,866,Object
SessionDiagnosticsObjectType,2029,ObjectType
SessionDiagnosticsVariableType,2197,VariableType
SessionlessInvokeRequestType,15901,DataType
SessionlessInvokeRequestType_Encoding_DefaultBinary,15903,Object
SessionlessInvokeRequestType_Encoding_DefaultJson,15091,Object
SessionlessInvokeRequestType_Encoding_DefaultXml,15902,Object
SessionlessInvokeResponseType,20999,DataType
SessionlessInvokeResponseType_Encoding_DefaultBinary,21001,Object
SessionlessInvokeResponseType_Encoding_DefaultJson,15092,Object
SessionlessInvokeResponseType_Encoding_DefaultXml,21000,Object
SessionsDiagnosticsSummaryType,2026,ObjectType
SessionSecurityDiagnosticsArrayType,2243,VariableType
SessionSecurityDiagnosticsDataType,868,DataType
SessionSecurityDiagnosticsDataType_Encoding_DefaultBinary,870,Object
SessionSecurityDiagnosticsDataType_Encoding_DefaultJson,15369,Object
SessionSecurityDiagnosticsDataType_Encoding_DefaultXml,869,Object
SessionSecurityDiagnosticsType,2244,VariableType
SetMonitoringModeRequest,767,DataType
SetMonitoringModeRequest_Encoding_DefaultBinary,769,Object
SetMonitoringModeRequest_Encoding_DefaultJson,15329,Object
SetMonitoringModeRequest_Encoding_DefaultXml,768,Object
SetMonitoringModeResponse,770,DataType
SetMonitoringModeResponse_Encoding_DefaultBinary,772,Object
SetMonitoringModeResponse_Encoding_DefaultJson,15331,Object
SetMonitoringModeResponse_Encoding_DefaultXml,771,Object
SetPublishingModeRequest,797,DataType
SetPublishingModeRequest_Encoding_DefaultBinary,799,Object
SetPublishingModeRequest_Encoding_DefaultJson,15341,Object
SetPublishingModeRequest_Encoding_DefaultXml,798,Object
SetPublishingModeResponse,800,DataType
SetPublishingModeResponse_Encoding_DefaultBinary,802,Object
SetPublishingModeResponse_Encoding_DefaultJson,15342,Object
SetPublishingModeResponse_Encoding_DefaultXml,801,Object
SetTriggeringRequest,773,DataType
SetTriggeringRequest_Encoding_DefaultBinary,775,Object
SetTriggeringRequest_Encoding_DefaultJson,15332,Object
SetTriggeringRequest_Encoding_DefaultXml,774,Object
SetTriggeringResponse,776,DataType
SetTriggeringResponse_Encoding_DefaultBinary,778,Object
SetTriggeringResponse_Encoding_DefaultJson,15333,Object
SetTriggeringResponse_Encoding_DefaultXml,777,Object
ShelvedStateMachineType,2929,ObjectType
SignatureData,456,DataType
SignatureData_Encoding_DefaultBinary,458,Object
SignatureData_Encoding_DefaultJson,15137,Object
SignatureData_Encoding_DefaultXml,457,Object
SignedSoftwareCertificate,344,DataType
SignedSoftwareCertificate_Encoding_DefaultBinary,346,Object
SignedSoftwareCertificate_Encoding_DefaultJson,15136,Object
SignedSoftwareCertificate_Encoding_DefaultXml,345,Object
SimpleAttributeOperand,601,DataType
SimpleAttributeOperand_Encoding_DefaultBinary,603,Object
SimpleAttributeOperand_Encoding_DefaultJson,15210,Object
SimpleAttributeOperand_Encoding_DefaultXml,602,Object
SimpleTypeDescription,15005,DataType
SimpleTypeDescription_Encoding_DefaultBinary,15421,Object
SimpleTypeDescription_Encoding_DefaultJson,15700,Object
SimpleTypeDescription_Encoding_DefaultXml,15529,Object
StateMachineType,2299,ObjectType
StateType,2307,ObjectType
StateVariableType,2755,VariableType
StatisticalConditionClassType,18665,ObjectType
StatusChangeNotification,818,DataType
StatusChangeNotification_Encoding_DefaultBinary,820,Object
StatusChangeNotification_Encoding_DefaultJson,15350,Object
StatusChangeNotification_Encoding_DefaultXml,819,Object
StatusCode,19,DataType
StatusResult,299,DataType
StatusResult_Encoding_DefaultBinary,301,Object
StatusResult_Encoding_DefaultJson,15371,Object
StatusResult_Encoding_DefaultXml,300,Object
String,12,DataType
Structure,22,DataType
StructureDefinition,99,DataType
StructureDefinition_Encoding_DefaultBinary,122,Object
StructureDefinition_Encoding_DefaultJson,15066,Object
StructureDefinition_Encoding_DefaultXml,14798,Object
StructureDescription,15487,DataType
StructureDescription_Encoding_DefaultBinary,126,Object
StructureDescription_Encoding_DefaultJson,15058,Object
StructureDescription_Encoding_DefaultXml,15589,Object
StructureField,101,DataType
StructureField_Encoding_DefaultBinary,14844,Object
StructureField_Encoding_DefaultJson,15065,Object
StructureField_Encoding_DefaultXml,14800,Object
StructureType,98,DataType
SubscribedDataSetDataType,15630,DataType
SubscribedDataSetDataType_Encoding_DefaultBinary,15707,Object
SubscribedDataSetDataType_Encoding_DefaultJson,16308,Object
SubscribedDataSetDataType_Encoding_DefaultXml,16010,Object
SubscribedDataSetMirrorDataType,15635,DataType
SubscribedDataSetMirrorDataType_Encoding_DefaultBinary,15713,Object
SubscribedDataSetMirrorDataType_Encoding_DefaultJson,16311,Object
SubscribedDataSetMirrorDataType_Encoding_DefaultXml,16012,Object
SubscribedDataSetMirrorType,15127,ObjectType
SubscribedDataSetType,15108,ObjectType
SubscriptionAcknowledgement,821,DataType
SubscriptionAcknowledgement_Encoding_DefaultBinary,823,Object
SubscriptionAcknowledgement_Encoding_DefaultJson,15351,Object
SubscriptionAcknowledgement_Encoding_DefaultXml,822,Object
SubscriptionDiagnosticsArrayType,2171,VariableType
SubscriptionDiagnosticsDataType,874,DataType
SubscriptionDiagnosticsDataType_Encoding_DefaultBinary,876,Object
SubscriptionDiagnosticsDataType_Encoding_DefaultJson,15372,Object
SubscriptionDiagnosticsDataType_Encoding_DefaultXml,875,Object
SubscriptionDiagnosticsType,2172,VariableType
SystemConditionClassType,11166,ObjectType
SystemDiagnosticAlarmType,18496,ObjectType
SystemEventType,2130,ObjectType
SystemOffNormalAlarmType,11753,ObjectType
SystemStatusChangeEventType,11446,ObjectType
TagVariables,23479,Object
TargetVariablesDataType,15631,DataType
TargetVariablesDataType_Encoding_DefaultBinary,15712,Object
TargetVariablesDataType_Encoding_DefaultJson,16310,Object
TargetVariablesDataType_Encoding_DefaultXml,16011,Object
TargetVariablesType,15111,ObjectType
TemporaryFileTransferType,15744,ObjectType
TestingConditionSubClassType,17221,ObjectType
ThreeDCartesianCoordinates,18810,DataType
ThreeDCartesianCoordinates_Encoding_DefaultBinary,18819,Object
ThreeDCartesianCoordinates_Encoding_DefaultJson,19068,Object
ThreeDCartesianCoordinates_Encoding_DefaultXml,18855,Object
ThreeDCartesianCoordinatesType,18774,VariableType
ThreeDFrame,18814,DataType
ThreeDFrame_Encoding_DefaultBinary,18823,Object
ThreeDFrame_Encoding_DefaultJson,19072,Object
ThreeDFrame_Encoding_DefaultXml,18859,Object
ThreeDFrameType,18791,VariableType
ThreeDOrientation,18812,DataType
ThreeDOrientation_Encoding_DefaultBinary,18821,Object
ThreeDOrientation_Encoding_DefaultJson,19070,Object
ThreeDOrientation_Encoding_DefaultXml,18857,Object
ThreeDOrientationType,18781,VariableType
ThreeDVector,18808,DataType
ThreeDVector_Encoding_DefaultBinary,18817,Object
ThreeDVector_Encoding_DefaultJson,19066,Object
ThreeDVector_Encoding_DefaultXml,18853,Object
ThreeDVectorType,17716,VariableType
Time,292,DataType
TimestampsToReturn,625,DataType
TimeString,12880,DataType
TimeZoneDataType,8912,DataType
TimeZoneDataType_Encoding_DefaultBinary,8917,Object
TimeZoneDataType_Encoding_DefaultJson,15086,Object
TimeZoneDataType_Encoding_DefaultXml,8913,Object
Topics,23488,Object
ToState,52,ReferenceType
TrainingConditionClassType,17220,ObjectType
TransferResult,836,DataType
TransferResult_Encoding_DefaultBinary,838,Object
TransferResult_Encoding_DefaultJson,15356,Object
TransferResult_Encoding_DefaultXml,837,Object
TransferSubscriptionsRequest,839,DataType
TransferSubscriptionsRequest_Encoding_DefaultBinary,841,Object
TransferSubscriptionsRequest_Encoding_DefaultJson,15357,Object
TransferSubscriptionsRequest_Encoding_DefaultXml,840,Object
TransferSubscriptionsResponse,842,DataType
TransferSubscriptionsResponse_Encoding_DefaultBinary,844,Object
TransferSubscriptionsResponse_Encoding_DefaultJson,15358,Object
TransferSubscriptionsResponse_Encoding_DefaultXml,843,Object
TransitionEventType,2311,ObjectType
TransitionType,2310,ObjectType
TransitionVariableType,2762,VariableType
TranslateBrowsePathsToNodeIdsRequest,552,DataType
TranslateBrowsePathsToNodeIdsRequest_Encoding_DefaultBinary,554,Object
TranslateBrowsePathsToNodeIdsRequest_Encoding_DefaultJson,15193,Object
TranslateBrowsePathsToNodeIdsRequest_Encoding_DefaultXml,553,Object
TranslateBrowsePathsToNodeIdsResponse,555,DataType
TranslateBrowsePathsToNodeIdsResponse_Encoding_DefaultBinary,557,Object
TranslateBrowsePathsToNodeIdsResponse_Encoding_DefaultJson,15194,Object
TranslateBrowsePathsToNodeIdsResponse_Encoding_DefaultXml,556,Object
TransparentRedundancyType,2036,ObjectType
TripAlarmType,10751,ObjectType
TrustListDataType,12554,DataType
TrustListDataType_Encoding_DefaultBinary,12680,Object
TrustListDataType_Encoding_DefaultJson,15044,Object
TrustListDataType_Encoding_DefaultXml,12676,Object
TrustListMasks,12552,DataType
TrustListOutOfDateAlarmType,19297,ObjectType
TrustListType,12522,ObjectType
TrustListUpdatedAuditEventType,12561,ObjectType
TwoStateDiscreteType,2373,VariableType
TwoStateVariableType,8995,VariableType
TypeNode,11880,DataType
TypeNode_Encoding_DefaultBinary,11890,Object
TypeNode_Encoding_DefaultJson,15070,Object
TypeNode_Encoding_DefaultXml,11888,Object
TypesFolder,86,Object
UABinaryFileDataType,15006,DataType
UABinaryFileDataType_Encoding_DefaultBinary,15422,Object
UABinaryFileDataType_Encoding_DefaultJson,15714,Object
UABinaryFileDataType_Encoding_DefaultXml,15531,Object
UadpDataSetMessageContentMask,15646,DataType
UadpDataSetReaderMessageDataType,15653,DataType
UadpDataSetReaderMessageDataType_Encoding_DefaultBinary,15718,Object
UadpDataSetReaderMessageDataType_Encoding_DefaultJson,16392,Object
UadpDataSetReaderMessageDataType_Encoding_DefaultXml,16016,Object
UadpDataSetReaderMessageType,21116,ObjectType
UadpDataSetWriterMessageDataType,15652,DataType
UadpDataSetWriterMessageDataType_Encoding_DefaultBinary,15717,Object
UadpDataSetWriterMessageDataType_Encoding_DefaultJson,16391,Object
UadpDataSetWriterMessageDataType_Encoding_DefaultXml,16015,Object
UadpDataSetWriterMessageType,21111,ObjectType
UadpNetworkMessageContentMask,15642,DataType
UadpWriterGroupMessageDataType,15645,DataType
UadpWriterGroupMessageDataType_Encoding_DefaultBinary,15715,Object
UadpWriterGroupMessageDataType_Encoding_DefaultJson,16323,Object
UadpWriterGroupMessageDataType_Encoding_DefaultXml,16014,Object
UadpWriterGroupMessageType,21105,ObjectType
UInt16,5,DataType
UInt32,7,DataType
UInt64,9,DataType
UInteger,28,DataType
Union,12756,DataType
Union_Encoding_DefaultBinary,12766,Object
Union_Encoding_DefaultJson,15085,Object
Union_Encoding_DefaultXml,12758,Object
UnregisterNodesRequest,564,DataType
UnregisterNodesRequest_Encoding_DefaultBinary,566,Object
UnregisterNodesRequest_Encoding_DefaultJson,15197,Object
UnregisterNodesRequest_Encoding_DefaultXml,565,Object
UnregisterNodesResponse,567,DataType
UnregisterNodesResponse_Encoding_DefaultBinary,569,Object
UnregisterNodesResponse_Encoding_DefaultJson,15198,Object
UnregisterNodesResponse_Encoding_DefaultXml,568,Object
UpdateDataDetails,680,DataType
UpdateDataDetails_Encoding_DefaultBinary,682,Object
UpdateDataDetails_Encoding_DefaultJson,15280,Object
UpdateDataDetails_Encoding_DefaultXml,681,Object
UpdateEventDetails,683,DataType
UpdateEventDetails_Encoding_DefaultBinary,685,Object
UpdateEventDetails_Encoding_DefaultJson,15282,Object
UpdateEventDetails_Encoding_DefaultXml,684,Object
UpdateStructureDataDetails,11295,DataType
UpdateStructureDataDetails_Encoding_DefaultBinary,11300,Object
UpdateStructureDataDetails_Encoding_DefaultJson,15281,Object
UpdateStructureDataDetails_Encoding_DefaultXml,11296,Object
UriDictionaryEntryType,17600,ObjectType
UserCredentialCertificateType,15181,ObjectType
UserIdentityToken,316,DataType
UserIdentityToken_Encoding_DefaultBinary,318,Object
UserIdentityToken_Encoding_DefaultJson,15140,Object
UserIdentityToken_Encoding_DefaultXml,317,Object
UserNameIdentityToken,322,DataType
UserNameIdentityToken_Encoding_DefaultBinary,324,Object
UserNameIdentityToken_Encoding_DefaultJson,15142,Object
UserNameIdentityToken_Encoding_DefaultXml,323,Object
UserTokenPolicy,304,DataType
UserTokenPolicy_Encoding_DefaultBinary,306,Object
UserTokenPolicy_Encoding_DefaultJson,15098,Object
UserTokenPolicy_Encoding_DefaultXml,305,Object
UserTokenType,303,DataType
UtcTime,294,DataType
ValueAsText,11433,Variable
VariableAttributes,355,DataType
VariableAttributes_Encoding_DefaultBinary,357,Object
VariableAttributes_Encoding_DefaultJson,15153,Object
VariableAttributes_Encoding_DefaultXml,356,Object
VariableNode,267,DataType
VariableNode_Encoding_DefaultBinary,269,Object
VariableNode_Encoding_DefaultJson,15074,Object
VariableNode_Encoding_DefaultXml,268,Object
VariableTypeAttributes,364,DataType
VariableTypeAttributes_Encoding_DefaultBinary,366,Object
VariableTypeAttributes_Encoding_DefaultJson,15159,Object
VariableTypeAttributes_Encoding_DefaultXml,365,Object
VariableTypeNode,270,DataType
VariableTypeNode_Encoding_DefaultBinary,272,Object
VariableTypeNode_Encoding_DefaultJson,15075,Object
VariableTypeNode_Encoding_DefaultXml,271,Object
VariableTypesFolder,89,Object
Vector,18807,DataType
Vector_Encoding_DefaultBinary,18816,Object
Vector_Encoding_DefaultJson,19065,Object
Vector_Encoding_DefaultXml,18852,Object
VectorType,17714,VariableType
VendorServerInfoType,2033,ObjectType
VersionTime,20998,DataType
ViewAttributes,373,DataType
ViewAttributes_Encoding_DefaultBinary,375,Object
ViewAttributes_Encoding_DefaultJson,15162,Object
ViewAttributes_Encoding_DefaultXml,374,Object
ViewDescription,511,DataType
ViewDescription_Encoding_DefaultBinary,513,Object
ViewDescription_Encoding_DefaultJson,15179,Object
ViewDescription_Encoding_DefaultXml,512,Object
ViewNode,279,DataType
ViewNode_Encoding_DefaultBinary,281,Object
ViewNode_Encoding_DefaultJson,15078,Object
ViewNode_Encoding_DefaultXml,280,Object
ViewsFolder,87,Object
ViewVersion,12170,Variable
WellKnownRole_Anonymous,15644,Object
WellKnownRole_AuthenticatedUser,15656,Object
WellKnownRole_ConfigureAdmin,15716,Object
WellKnownRole_Engineer,16036,Object
WellKnownRole_Observer,15668,Object
WellKnownRole_Operator,15680,Object
WellKnownRole_SecurityAdmin,15704,Object
WellKnownRole_Supervisor,15692,Object
WriteRequest,671,DataType
WriteRequest_Encoding_DefaultBinary,673,Object
WriteRequest_Encoding_DefaultJson,15277,Object
WriteRequest_Encoding_DefaultXml,672,Object
WriteResponse,674,DataType
WriteResponse_Encoding_DefaultBinary,676,Object
WriteResponse_Encoding_DefaultJson,15278,Object
WriteResponse_Encoding_DefaultXml,675,Object
WriterGroupDataType,15480,DataType
WriterGroupDataType_Encoding_DefaultBinary,21150,Object
WriterGroupDataType_Encoding_DefaultJson,21198,Object
WriterGroupDataType_Encoding_DefaultXml,21174,Object
WriterGroupMessageDataType,15616,DataType
WriterGroupMessageDataType_Encoding_DefaultBinary,15693,Object
WriterGroupMessageDataType_Encoding_DefaultJson,16280,Object
WriterGroupMessageDataType_Encoding_DefaultXml,15991,Object
WriterGroupMessageType,17998,ObjectType
WriterGroupTransportDataType,15611,DataType
WriterGroupTransportDataType_Encoding_DefaultBinary,15691,Object
WriterGroupTransportDataType_Encoding_DefaultJson,16161,Object
WriterGroupTransportDataType_Encoding_DefaultXml,15990,Object
WriterGroupTransportType,17997,ObjectType
WriterGroupType,17725,ObjectType
WriteValue,668,DataType
WriteValue_Encoding_DefaultBinary,670,Object
WriteValue_Encoding_DefaultJson,15276,Object
WriteValue_Encoding_DefaultXml,669,Object
X509IdentityToken,325,DataType
X509IdentityToken_Encoding_DefaultBinary,327,Object
X509IdentityToken_Encoding_DefaultJson,15143,Object
X509IdentityToken_Encoding_DefaultXml,326,Object
XmlElement,16,DataType
XmlSchema_TypeSystem,92,Object
XVType,12080,DataType
XVType_Encoding_DefaultBinary,12090,Object
XVType_Encoding_DefaultJson,15380,Object
XVType_Encoding_DefaultXml,12082,Object
XYArrayItemType,12038,VariableType
YArrayItemType,12029,VariableType
