Id,Name,Link,ConformanceUnits
1,Boolean,"https://reference.opcfoundation.org/v105/Core/docs/Part5/12.2.2","Base Info Base Types;"
2,SByte,"https://reference.opcfoundation.org/v105/Core/docs/Part5/12.2.9/#12.2.9.9","Base Info Base Types;"
3,Byte,"https://reference.opcfoundation.org/v105/Core/docs/Part5/12.2.9/#12.2.9.11","Base Info Base Types;"
4,Int16,"https://reference.opcfoundation.org/v105/Core/docs/Part5/12.2.9/#12.2.9.6","Base Info Base Types;"
5,UInt16,"https://reference.opcfoundation.org/v105/Core/docs/Part5/12.2.9/#12.2.9.12","Base Info Base Types;"
6,Int32,"https://reference.opcfoundation.org/v105/Core/docs/Part5/12.2.9/#12.2.9.7","Base Info Base Types;"
7,UInt32,"https://reference.opcfoundation.org/v105/Core/docs/Part5/12.2.9/#12.2.9.14","Base Info Base Types;"
8,Int64,"https://reference.opcfoundation.org/v105/Core/docs/Part5/12.2.9/#12.2.9.8","Base Info Base Types;"
9,UInt64,"https://reference.opcfoundation.org/v105/Core/docs/Part5/12.2.9/#12.2.9.15","Base Info Base Types;"
10,Float,"https://reference.opcfoundation.org/v105/Core/docs/Part5/12.2.9/#12.2.9.4","Base Info Base Types;"
11,Double,"https://reference.opcfoundation.org/v105/Core/docs/Part5/12.2.9/#12.2.9.2","Base Info Base Types;"
12,String,"https://reference.opcfoundation.org/v105/Core/docs/Part5/12.2.11","Base Info Base Types;"
13,DateTime,"https://reference.opcfoundation.org/v105/Core/docs/Part5/12.2.4","Base Info Base Types;"
14,Guid,"https://reference.opcfoundation.org/v105/Core/docs/Part5/12.2.6","Base Info Base Types;"
15,ByteString,"https://reference.opcfoundation.org/v105/Core/docs/Part5/12.2.3","Base Info Base Types;"
16,XmlElement,"https://reference.opcfoundation.org/v105/Core/docs/Part5/12.2.13","Base Info Base Types;"
17,NodeId,"https://reference.opcfoundation.org/v105/Core/docs/Part5/12.2.8","Base Info Base Types;"
18,ExpandedNodeId,"https://reference.opcfoundation.org/v105/Core/docs/Part5/12.3.9","Base Info Base Types;"
19,StatusCode,"https://reference.opcfoundation.org/v105/Core/docs/Part5/12.3.14","Base Info Base Types;"
20,QualifiedName,"https://reference.opcfoundation.org/v105/Core/docs/Part5/12.2.10","Base Info Base Types;"
21,LocalizedText,"https://reference.opcfoundation.org/v105/Core/docs/Part5/12.2.7","Base Info Base Types;"
22,Structure,"https://reference.opcfoundation.org/v105/Core/docs/Part5/12.2.12","Base Info Base Types;"
23,DataValue,"https://reference.opcfoundation.org/v105/Core/docs/Part5/12.3.5","Base Info Base Types;"
24,BaseDataType,"https://reference.opcfoundation.org/v105/Core/docs/Part5/12.2.1","Base Info Base Types;"
25,DiagnosticInfo,"https://reference.opcfoundation.org/v105/Core/docs/Part5/12.3.8","Base Info Base Types;"
26,Number,"https://reference.opcfoundation.org/v105/Core/docs/Part5/12.2.9","Base Info Base Types;"
27,Integer,"https://reference.opcfoundation.org/v105/Core/docs/Part5/12.2.9/#12.2.9.5","Base Info Base Types;"
28,UInteger,"https://reference.opcfoundation.org/v105/Core/docs/Part5/12.2.9/#12.2.9.10","Base Info Base Types;"
29,Enumeration,"https://reference.opcfoundation.org/v105/Core/docs/Part5/12.2.5","Base Info Base Types;"
30,Image,"https://reference.opcfoundation.org/v105/Core/docs/Part5/12.2.3/#12.2.3.2","Base Info Image DataTypes;"
31,References,"https://reference.opcfoundation.org/v105/Core/docs/Part5/11.1","Base Info Base Types;"
32,NonHierarchicalReferences,"https://reference.opcfoundation.org/v105/Core/docs/Part5/11.3","Base Info Base Types;"
33,HierarchicalReferences,"https://reference.opcfoundation.org/v105/Core/docs/Part5/11.2","Base Info Base Types;"
34,HasChild,"https://reference.opcfoundation.org/v105/Core/docs/Part5/11.4","Base Info Base Types;"
35,Organizes,"https://reference.opcfoundation.org/v105/Core/docs/Part5/11.6","Base Info Base Types;"
36,HasEventSource,"https://reference.opcfoundation.org/v105/Core/docs/Part5/11.14","Address Space Source Hierarchy;"
37,HasModellingRule,"https://reference.opcfoundation.org/v105/Core/docs/Part5/11.11","Base Info Base Types;"
38,HasEncoding,"https://reference.opcfoundation.org/v105/Core/docs/Part5/11.13","Base Info Base Types;"
39,HasDescription,"https://reference.opcfoundation.org/v104/Core/docs/Part5/D.5.1",""
40,HasTypeDefinition,"https://reference.opcfoundation.org/v105/Core/docs/Part5/11.12","Base Info Base Types;"
41,GeneratesEvent,"https://reference.opcfoundation.org/v105/Core/docs/Part5/11.16","Address Space Events 2;"
44,Aggregates,"https://reference.opcfoundation.org/v105/Core/docs/Part5/11.5","Base Info Base Types;"
45,HasSubtype,"https://reference.opcfoundation.org/v105/Core/docs/Part5/11.10","Base Info Base Types;"
46,HasProperty,"https://reference.opcfoundation.org/v105/Core/docs/Part5/11.9","Base Info Base Types;"
47,HasComponent,"https://reference.opcfoundation.org/v105/Core/docs/Part5/11.7","Base Info Base Types;"
48,HasNotifier,"https://reference.opcfoundation.org/v105/Core/docs/Part5/11.15","Address Space Notifier Hierarchy;"
49,HasOrderedComponent,"https://reference.opcfoundation.org/v105/Core/docs/Part5/11.8","Base Info HasOrderedComponent;"
50,Decimal,"https://reference.opcfoundation.org/v105/Core/docs/Part5/12.2.9/#12.2.9.1","Base Info Decimal DataType;"
51,FromState,"https://reference.opcfoundation.org/v105/Core/docs/Part16/4.4.11","Base Info Finite State Machine Instance;"
52,ToState,"https://reference.opcfoundation.org/v105/Core/docs/Part16/4.4.12","Base Info Finite State Machine Instance;"
53,HasCause,"https://reference.opcfoundation.org/v105/Core/docs/Part16/4.4.13","Base Info Finite State Machine Instance;"
54,HasEffect,"https://reference.opcfoundation.org/v105/Core/docs/Part16/4.4.14","Base Info Finite State Machine Instance;"
56,HasHistoricalConfiguration,"https://reference.opcfoundation.org/v104/Core/docs/Part11/5.2.3",""
58,BaseObjectType,"https://reference.opcfoundation.org/v105/Core/docs/Part5/6.2","Base Info Base Types;"
61,FolderType,"https://reference.opcfoundation.org/v105/Core/docs/Part5/6.6","Base Info Base Types;"
62,BaseVariableType,"https://reference.opcfoundation.org/v105/Core/docs/Part5/7.2","Base Info Base Types;"
63,BaseDataVariableType,"https://reference.opcfoundation.org/v105/Core/docs/Part5/7.4","Base Info Base Types;"
68,PropertyType,"https://reference.opcfoundation.org/v105/Core/docs/Part5/7.3","Base Info Base Types;"
69,DataTypeDescriptionType,"https://reference.opcfoundation.org/v104/Core/docs/Part5/D.5.3",""
72,DataTypeDictionaryType,"https://reference.opcfoundation.org/v104/Core/docs/Part5/D.5.2",""
75,DataTypeSystemType,"https://reference.opcfoundation.org/v104/Core/docs/Part5/D.5.4",""
76,DataTypeEncodingType,"https://reference.opcfoundation.org/v105/Core/docs/Part5/6.7","Base Info Base Types;"
77,ModellingRuleType,"https://reference.opcfoundation.org/v105/Core/docs/Part5/6.5","Base Info Base Types;"
78,Mandatory,"https://reference.opcfoundation.org/v105/Core/docs/Part5/8.3.4","Base Info Base Types;"
80,Optional,"https://reference.opcfoundation.org/v105/Core/docs/Part5/8.3.5","Base Info Base Types;"
83,ExposesItsArray,"https://reference.opcfoundation.org/v105/Core/docs/Part5/8.3.3","Base Info Base Types;"
84,Root,"https://reference.opcfoundation.org/v105/Core/docs/Part5/8.2.2","Base Info Core Structure 2;"
85,Objects,"https://reference.opcfoundation.org/v105/Core/docs/Part5/8.2.4","Base Info Core Structure 2;"
86,Types,"https://reference.opcfoundation.org/v105/Core/docs/Part5/8.2.5","Base Info Core Types Folders;"
87,Views,"https://reference.opcfoundation.org/v105/Core/docs/Part5/8.2.3","Base Info Core Views Folder;"
88,ObjectTypes,"https://reference.opcfoundation.org/v105/Core/docs/Part5/8.2.6","Base Info Core Types Folders;"
89,VariableTypes,"https://reference.opcfoundation.org/v105/Core/docs/Part5/8.2.7","Base Info Core Types Folders;"
90,DataTypes,"https://reference.opcfoundation.org/v105/Core/docs/Part5/8.2.9","Base Info Core Types Folders;"
91,ReferenceTypes,"https://reference.opcfoundation.org/v105/Core/docs/Part5/8.2.8","Base Info Core Types Folders;"
94,PermissionType,"https://reference.opcfoundation.org/v105/Core/docs/Part3/8.55",""
95,AccessRestrictionType,"https://reference.opcfoundation.org/v105/Core/docs/Part5/12.2.9/#12.2.9.13","Security Role Server Base;"
96,RolePermissionType,"https://reference.opcfoundation.org/v105/Core/docs/Part5/12.2.12/#12.2.12.9","Security Role Server Base;"
97,DataTypeDefinition,"https://reference.opcfoundation.org/v105/Core/docs/Part5/12.2.12/#12.2.12.3","Address Space DataTypeDefinition Attribute;"
98,StructureType,"https://reference.opcfoundation.org/v105/Core/docs/Part5/12.2.5/#12.2.5.3","Address Space DataTypeDefinition Attribute;"
99,StructureDefinition,"https://reference.opcfoundation.org/v105/Core/docs/Part5/12.2.12/#12.2.12.5","Address Space DataTypeDefinition Attribute;"
100,EnumDefinition,"https://reference.opcfoundation.org/v105/Core/docs/Part5/12.2.12/#12.2.12.4","Address Space DataTypeDefinition Attribute;"
101,StructureField,"https://reference.opcfoundation.org/v105/Core/docs/Part5/12.2.12/#12.2.12.10","Address Space DataTypeDefinition Attribute;"
102,EnumField,"https://reference.opcfoundation.org/v105/Core/docs/Part5/12.2.12/#12.2.12.7","Address Space DataTypeDefinition Attribute;"
117,HasSubStateMachine,"https://reference.opcfoundation.org/v105/Core/docs/Part16/4.4.15","Base Info Finite State Machine Instance;"
120,NamingRuleType,"https://reference.opcfoundation.org/v104/Core/docs/Part3/8.29",""
129,HasArgumentDescription,"https://reference.opcfoundation.org/v105/Core/docs/Part5/11.18","Address Space Method Meta Data;"
131,HasOptionalInputArgumentDescription,"https://reference.opcfoundation.org/v105/Core/docs/Part5/11.19","Address Space Method Meta Data;"
256,IdType,"https://reference.opcfoundation.org/v105/Core/docs/Part5/12.2.5/#12.2.5.1","Base Info Base Types;"
257,NodeClass,"https://reference.opcfoundation.org/v105/Core/docs/Part5/12.2.5/#12.2.5.2","Base Info Base Types;"
258,Node,"https://reference.opcfoundation.org/v105/Core/docs/Part3/4.3.1",""
261,ObjectNode,"",""
264,ObjectTypeNode,"",""
267,VariableNode,"",""
270,VariableTypeNode,"",""
273,ReferenceTypeNode,"",""
276,MethodNode,"",""
279,ViewNode,"",""
282,DataTypeNode,"",""
285,ReferenceNode,"",""
288,IntegerId,"https://reference.opcfoundation.org/v105/Core/docs/Part4/7.19",""
289,Counter,"https://reference.opcfoundation.org/v105/Core/docs/Part4/7.8",""
290,Duration,"https://reference.opcfoundation.org/v105/Core/docs/Part5/12.2.9/#12.2.9.3","Base Info Base Types;"
291,NumericRange,"https://reference.opcfoundation.org/v105/Core/docs/Part5/12.3.11","Base Info Base Types;"
294,UtcTime,"https://reference.opcfoundation.org/v105/Core/docs/Part5/12.2.4/#12.2.4.1","Base Info Base Types;"
295,LocaleId,"https://reference.opcfoundation.org/v105/Core/docs/Part5/12.2.11/#12.2.11.1","Base Info ServerType;"
296,Argument,"https://reference.opcfoundation.org/v105/Core/docs/Part5/12.2.12/#12.2.12.1","Base Info Method Argument DataType;"
299,StatusResult,"https://reference.opcfoundation.org/v105/Core/docs/Part5/12.14","Base Info StatusResult DataType;"
302,MessageSecurityMode,"https://reference.opcfoundation.org/v105/Core/docs/Part5/12.3.10","Base Info ServerType;"
303,UserTokenType,"https://reference.opcfoundation.org/v105/Core/docs/Part4/7.43",""
304,UserTokenPolicy,"https://reference.opcfoundation.org/v105/Core/docs/Part4/7.42",""
307,ApplicationType,"https://reference.opcfoundation.org/v105/Core/docs/Part4/7.4",""
308,ApplicationDescription,"https://reference.opcfoundation.org/v105/Core/docs/Part5/12.3.3","Base Info ServerType;"
311,ApplicationInstanceCertificate,"https://reference.opcfoundation.org/v105/Core/docs/Part4/7.3",""
312,EndpointDescription,"https://reference.opcfoundation.org/v105/Core/docs/Part4/7.14",""
315,SecurityTokenRequestType,"https://reference.opcfoundation.org/v105/Core/docs/Part5/12.3.12","Auditing Connections;"
316,UserIdentityToken,"https://reference.opcfoundation.org/v105/Core/docs/Part5/12.3.15","Auditing Connections;"
319,AnonymousIdentityToken,"https://reference.opcfoundation.org/v105/Core/docs/Part5/12.3.15/#12.3.15.1","Auditing Connections;"
322,UserNameIdentityToken,"https://reference.opcfoundation.org/v105/Core/docs/Part5/12.3.15/#12.3.15.3","Auditing Connections;"
325,X509IdentityToken,"https://reference.opcfoundation.org/v105/Core/docs/Part5/12.3.15/#12.3.15.4","Auditing Connections;"
331,EndpointConfiguration,"",""
338,BuildInfo,"https://reference.opcfoundation.org/v105/Core/docs/Part5/12.4","Base Info ServerType;"
344,SignedSoftwareCertificate,"https://reference.opcfoundation.org/v105/Core/docs/Part5/12.3.13","Auditing Connections;"
347,AttributeWriteMask,"https://reference.opcfoundation.org/v105/Core/docs/Part3/8.60",""
348,NodeAttributesMask,"",""
349,NodeAttributes,"https://reference.opcfoundation.org/v105/Core/docs/Part4/7.24.1",""
352,ObjectAttributes,"https://reference.opcfoundation.org/v105/Core/docs/Part4/7.24.2",""
355,VariableAttributes,"https://reference.opcfoundation.org/v105/Core/docs/Part4/7.24.3",""
358,MethodAttributes,"https://reference.opcfoundation.org/v105/Core/docs/Part4/7.24.4",""
361,ObjectTypeAttributes,"https://reference.opcfoundation.org/v105/Core/docs/Part4/7.24.5",""
364,VariableTypeAttributes,"https://reference.opcfoundation.org/v105/Core/docs/Part4/7.24.6",""
367,ReferenceTypeAttributes,"https://reference.opcfoundation.org/v105/Core/docs/Part4/7.24.7",""
370,DataTypeAttributes,"https://reference.opcfoundation.org/v105/Core/docs/Part4/7.24.8",""
373,ViewAttributes,"https://reference.opcfoundation.org/v105/Core/docs/Part4/7.24.9",""
376,AddNodesItem,"https://reference.opcfoundation.org/v105/Core/docs/Part5/12.3.1","Auditing NodeManagement;"
379,AddReferencesItem,"https://reference.opcfoundation.org/v105/Core/docs/Part5/12.3.2","Auditing NodeManagement;"
382,DeleteNodesItem,"https://reference.opcfoundation.org/v105/Core/docs/Part5/12.3.6","Auditing NodeManagement;"
385,DeleteReferencesItem,"https://reference.opcfoundation.org/v105/Core/docs/Part5/12.3.7","Auditing NodeManagement;"
388,SessionAuthenticationToken,"https://reference.opcfoundation.org/v105/Core/docs/Part4/7.36",""
389,RequestHeader,"https://reference.opcfoundation.org/v105/Core/docs/Part4/7.33",""
392,ResponseHeader,"https://reference.opcfoundation.org/v105/Core/docs/Part4/7.34",""
395,ServiceFault,"https://reference.opcfoundation.org/v105/Core/docs/Part4/7.35",""
420,FindServersRequest,"https://reference.opcfoundation.org/v105/Core/docs/Part4/5.4.2/#5.4.2.2",""
423,FindServersResponse,"https://reference.opcfoundation.org/v105/Core/docs/Part4/5.4.2/#5.4.2.2",""
426,GetEndpointsRequest,"https://reference.opcfoundation.org/v105/Core/docs/Part4/5.4.4/#5.4.4.2",""
429,GetEndpointsResponse,"https://reference.opcfoundation.org/v105/Core/docs/Part4/5.4.4/#5.4.4.2",""
432,RegisteredServer,"https://reference.opcfoundation.org/v105/Core/docs/Part4/7.32",""
435,RegisterServerRequest,"https://reference.opcfoundation.org/v105/Core/docs/Part4/5.4.5/#5.4.5.2",""
438,RegisterServerResponse,"https://reference.opcfoundation.org/v105/Core/docs/Part4/5.4.5/#5.4.5.2",""
441,ChannelSecurityToken,"https://reference.opcfoundation.org/v105/Core/docs/Part4/5.5.2/#5.5.2.2",""
444,OpenSecureChannelRequest,"https://reference.opcfoundation.org/v105/Core/docs/Part4/5.5.2/#5.5.2.2",""
447,OpenSecureChannelResponse,"https://reference.opcfoundation.org/v105/Core/docs/Part4/5.5.2/#5.5.2.2",""
450,CloseSecureChannelRequest,"https://reference.opcfoundation.org/v105/Core/docs/Part4/5.5.3/#5.5.3.2",""
453,CloseSecureChannelResponse,"https://reference.opcfoundation.org/v105/Core/docs/Part4/5.5.3/#5.5.3.2",""
456,SignatureData,"https://reference.opcfoundation.org/v105/Core/docs/Part4/7.37",""
459,CreateSessionRequest,"https://reference.opcfoundation.org/v105/Core/docs/Part4/5.6.2/#5.6.2.2",""
462,CreateSessionResponse,"https://reference.opcfoundation.org/v105/Core/docs/Part4/5.6.2/#5.6.2.2",""
465,ActivateSessionRequest,"https://reference.opcfoundation.org/v105/Core/docs/Part4/5.6.3/#5.6.3.2",""
468,ActivateSessionResponse,"https://reference.opcfoundation.org/v105/Core/docs/Part4/5.6.3/#5.6.3.2",""
471,CloseSessionRequest,"https://reference.opcfoundation.org/v105/Core/docs/Part4/5.6.4/#5.6.4.2",""
474,CloseSessionResponse,"https://reference.opcfoundation.org/v105/Core/docs/Part4/5.6.4/#5.6.4.2",""
477,CancelRequest,"https://reference.opcfoundation.org/v105/Core/docs/Part4/5.6.5/#5.6.5.2",""
480,CancelResponse,"https://reference.opcfoundation.org/v105/Core/docs/Part4/5.6.5/#5.6.5.2",""
483,AddNodesResult,"https://reference.opcfoundation.org/v105/Core/docs/Part4/5.7.2/#5.7.2.2",""
486,AddNodesRequest,"https://reference.opcfoundation.org/v105/Core/docs/Part4/5.7.2/#5.7.2.2",""
489,AddNodesResponse,"https://reference.opcfoundation.org/v105/Core/docs/Part4/5.7.2/#5.7.2.2",""
492,AddReferencesRequest,"https://reference.opcfoundation.org/v105/Core/docs/Part4/5.7.3/#5.7.3.2",""
495,AddReferencesResponse,"https://reference.opcfoundation.org/v105/Core/docs/Part4/5.7.3/#5.7.3.2",""
498,DeleteNodesRequest,"https://reference.opcfoundation.org/v105/Core/docs/Part4/5.7.4/#5.7.4.2",""
501,DeleteNodesResponse,"https://reference.opcfoundation.org/v105/Core/docs/Part4/5.7.4/#5.7.4.2",""
504,DeleteReferencesRequest,"https://reference.opcfoundation.org/v105/Core/docs/Part4/5.7.5/#5.7.5.1",""
507,DeleteReferencesResponse,"https://reference.opcfoundation.org/v105/Core/docs/Part4/5.7.5/#5.7.5.1",""
510,BrowseDirection,"https://reference.opcfoundation.org/v105/Core/docs/Part4/7.5",""
511,ViewDescription,"https://reference.opcfoundation.org/v105/Core/docs/Part4/7.45",""
514,BrowseDescription,"https://reference.opcfoundation.org/v105/Core/docs/Part4/5.8.2/#5.8.2.2",""
517,BrowseResultMask,"",""
518,ReferenceDescription,"https://reference.opcfoundation.org/v105/Core/docs/Part4/7.30",""
521,ContinuationPoint,"https://reference.opcfoundation.org/v105/Core/docs/Part4/7.9",""
522,BrowseResult,"https://reference.opcfoundation.org/v105/Core/docs/Part4/7.6",""
525,BrowseRequest,"https://reference.opcfoundation.org/v105/Core/docs/Part4/5.8.2/#5.8.2.2",""
528,BrowseResponse,"https://reference.opcfoundation.org/v105/Core/docs/Part4/5.8.2/#5.8.2.2",""
531,BrowseNextRequest,"https://reference.opcfoundation.org/v105/Core/docs/Part4/5.8.3/#5.8.3.2",""
534,BrowseNextResponse,"https://reference.opcfoundation.org/v105/Core/docs/Part4/5.8.3/#5.8.3.2",""
537,RelativePathElement,"https://reference.opcfoundation.org/v105/Core/docs/Part4/7.31",""
540,RelativePath,"https://reference.opcfoundation.org/v105/Core/docs/Part4/7.31",""
543,BrowsePath,"https://reference.opcfoundation.org/v105/Core/docs/Part3/6.2.5",""
546,BrowsePathTarget,"https://reference.opcfoundation.org/v105/Core/docs/Part4/5.8.4/#5.8.4.2",""
549,BrowsePathResult,"https://reference.opcfoundation.org/v105/Core/docs/Part4/5.8.4/#5.8.4.2",""
552,TranslateBrowsePathsToNodeIdsRequest,"https://reference.opcfoundation.org/v105/Core/docs/Part4/5.8.4/#5.8.4.2",""
555,TranslateBrowsePathsToNodeIdsResponse,"https://reference.opcfoundation.org/v105/Core/docs/Part4/5.8.4/#5.8.4.2",""
558,RegisterNodesRequest,"https://reference.opcfoundation.org/v105/Core/docs/Part4/5.8.5/#5.8.5.2",""
561,RegisterNodesResponse,"https://reference.opcfoundation.org/v105/Core/docs/Part4/5.8.5/#5.8.5.2",""
564,UnregisterNodesRequest,"https://reference.opcfoundation.org/v105/Core/docs/Part4/5.8.6/#5.8.6.2",""
567,UnregisterNodesResponse,"https://reference.opcfoundation.org/v105/Core/docs/Part4/5.8.6/#5.8.6.2",""
570,QueryDataDescription,"https://reference.opcfoundation.org/v105/Core/docs/Part4/5.9.3/#5.9.3.1",""
573,NodeTypeDescription,"https://reference.opcfoundation.org/v105/Core/docs/Part4/5.9.3/#5.9.3.1",""
576,FilterOperator,"https://reference.opcfoundation.org/v105/Core/docs/Part4/7.7.3",""
577,QueryDataSet,"https://reference.opcfoundation.org/v105/Core/docs/Part4/7.28",""
580,NodeReference,"",""
583,ContentFilterElement,"https://reference.opcfoundation.org/v105/Core/docs/Part4/7.7.1",""
586,ContentFilter,"https://reference.opcfoundation.org/v105/Core/docs/Part5/12.3.4","Base Info ContentFilter;"
589,FilterOperand,"https://reference.opcfoundation.org/v105/Core/docs/Part4/7.7.4",""
592,ElementOperand,"https://reference.opcfoundation.org/v105/Core/docs/Part4/7.7.4/#7.7.4.2",""
595,LiteralOperand,"https://reference.opcfoundation.org/v105/Core/docs/Part4/7.7.4/#7.7.4.3",""
598,AttributeOperand,"https://reference.opcfoundation.org/v105/Core/docs/Part4/7.7.4/#7.7.4.4",""
601,SimpleAttributeOperand,"https://reference.opcfoundation.org/v105/Core/docs/Part4/7.7.4/#7.7.4.5",""
604,ContentFilterElementResult,"https://reference.opcfoundation.org/v105/Core/docs/Part4/7.7.2",""
607,ContentFilterResult,"https://reference.opcfoundation.org/v105/Core/docs/Part4/7.7.2",""
610,ParsingResult,"https://reference.opcfoundation.org/v105/Core/docs/Part4/5.9.3/#5.9.3.1",""
613,QueryFirstRequest,"https://reference.opcfoundation.org/v105/Core/docs/Part4/5.9.3/#5.9.3.1",""
616,QueryFirstResponse,"https://reference.opcfoundation.org/v105/Core/docs/Part4/5.9.3/#5.9.3.1",""
619,QueryNextRequest,"https://reference.opcfoundation.org/v105/Core/docs/Part4/5.9.4/#5.9.4.2",""
622,QueryNextResponse,"https://reference.opcfoundation.org/v105/Core/docs/Part4/5.9.4/#5.9.4.2",""
625,TimestampsToReturn,"https://reference.opcfoundation.org/v105/Core/docs/Part4/7.40",""
626,ReadValueId,"https://reference.opcfoundation.org/v105/Core/docs/Part4/7.29",""
629,ReadRequest,"https://reference.opcfoundation.org/v105/Core/docs/Part4/5.10.2/#5.10.2.2",""
632,ReadResponse,"https://reference.opcfoundation.org/v105/Core/docs/Part4/5.10.2/#5.10.2.2",""
635,HistoryReadValueId,"https://reference.opcfoundation.org/v105/Core/docs/Part4/5.10.3/#5.10.3.2",""
638,HistoryReadResult,"https://reference.opcfoundation.org/v105/Core/docs/Part4/5.10.3/#5.10.3.2",""
641,HistoryReadDetails,"https://reference.opcfoundation.org/v104/Core/docs/Part11/6.4.1",""
644,ReadEventDetails,"https://reference.opcfoundation.org/v104/Core/docs/Part11/6.4.2/#6.4.2.1",""
647,ReadRawModifiedDetails,"https://reference.opcfoundation.org/v104/Core/docs/Part11/6.4.3/#6.4.3.1",""
650,ReadProcessedDetails,"https://reference.opcfoundation.org/v104/Core/docs/Part11/6.4.4/#6.4.4.1",""
653,ReadAtTimeDetails,"https://reference.opcfoundation.org/v104/Core/docs/Part11/6.4.5/#6.4.5.1",""
656,HistoryData,"https://reference.opcfoundation.org/v104/Core/docs/Part11/6.5.2",""
659,HistoryEvent,"https://reference.opcfoundation.org/v104/Core/docs/Part11/6.5.4",""
662,HistoryReadRequest,"https://reference.opcfoundation.org/v105/Core/docs/Part4/5.10.3/#5.10.3.2",""
665,HistoryReadResponse,"https://reference.opcfoundation.org/v105/Core/docs/Part4/5.10.3/#5.10.3.2",""
668,WriteValue,"https://reference.opcfoundation.org/v105/Core/docs/Part4/5.10.4/#5.10.4.2",""
671,WriteRequest,"https://reference.opcfoundation.org/v105/Core/docs/Part4/5.10.4/#5.10.4.2",""
674,WriteResponse,"https://reference.opcfoundation.org/v105/Core/docs/Part4/5.10.4/#5.10.4.2",""
677,HistoryUpdateDetails,"https://reference.opcfoundation.org/v104/Core/docs/Part11/6.8.1",""
680,UpdateDataDetails,"https://reference.opcfoundation.org/v104/Core/docs/Part11/6.8.2/#6.8.2.1",""
683,UpdateEventDetails,"https://reference.opcfoundation.org/v104/Core/docs/Part11/6.8.4/#6.8.4.1",""
686,DeleteRawModifiedDetails,"https://reference.opcfoundation.org/v104/Core/docs/Part11/6.8.5/#6.8.5.1",""
689,DeleteAtTimeDetails,"https://reference.opcfoundation.org/v104/Core/docs/Part11/6.8.6/#6.8.6.1",""
692,DeleteEventDetails,"https://reference.opcfoundation.org/v104/Core/docs/Part11/6.8.7/#6.8.7.1",""
695,HistoryUpdateResult,"https://reference.opcfoundation.org/v105/Core/docs/Part4/5.10.5/#5.10.5.2",""
698,HistoryUpdateRequest,"https://reference.opcfoundation.org/v105/Core/docs/Part4/5.10.5/#5.10.5.2",""
701,HistoryUpdateResponse,"https://reference.opcfoundation.org/v105/Core/docs/Part4/5.10.5/#5.10.5.2",""
704,CallMethodRequest,"https://reference.opcfoundation.org/v105/Core/docs/Part4/5.11.2/#5.11.2.2",""
707,CallMethodResult,"https://reference.opcfoundation.org/v105/Core/docs/Part4/5.11.2/#5.11.2.2",""
710,CallRequest,"https://reference.opcfoundation.org/v105/Core/docs/Part4/5.11.2/#5.11.2.2",""
713,CallResponse,"https://reference.opcfoundation.org/v105/Core/docs/Part4/5.11.2/#5.11.2.2",""
716,MonitoringMode,"https://reference.opcfoundation.org/v105/Core/docs/Part4/7.23",""
717,DataChangeTrigger,"https://reference.opcfoundation.org/v105/Core/docs/Part4/7.10",""
718,DeadbandType,"",""
719,MonitoringFilter,"https://reference.opcfoundation.org/v105/Core/docs/Part4/7.22.1",""
722,DataChangeFilter,"https://reference.opcfoundation.org/v105/Core/docs/Part4/7.22.2",""
725,EventFilter,"https://reference.opcfoundation.org/v105/Core/docs/Part4/7.22.3",""
728,AggregateFilter,"https://reference.opcfoundation.org/v105/Core/docs/Part4/7.22.4",""
731,MonitoringFilterResult,"",""
734,EventFilterResult,"https://reference.opcfoundation.org/v105/Core/docs/Part4/7.22.3",""
737,AggregateFilterResult,"https://reference.opcfoundation.org/v105/Core/docs/Part4/7.22.4",""
740,MonitoringParameters,"https://reference.opcfoundation.org/v105/Core/docs/Part4/7.21",""
743,MonitoredItemCreateRequest,"https://reference.opcfoundation.org/v105/Core/docs/Part4/5.12.2/#5.12.2.2",""
746,MonitoredItemCreateResult,"https://reference.opcfoundation.org/v105/Core/docs/Part4/5.12.2/#5.12.2.2",""
749,CreateMonitoredItemsRequest,"https://reference.opcfoundation.org/v105/Core/docs/Part4/5.12.2/#5.12.2.2",""
752,CreateMonitoredItemsResponse,"https://reference.opcfoundation.org/v105/Core/docs/Part4/5.12.2/#5.12.2.2",""
755,MonitoredItemModifyRequest,"https://reference.opcfoundation.org/v105/Core/docs/Part4/5.12.3/#5.12.3.2",""
758,MonitoredItemModifyResult,"https://reference.opcfoundation.org/v105/Core/docs/Part4/5.12.3/#5.12.3.2",""
761,ModifyMonitoredItemsRequest,"https://reference.opcfoundation.org/v105/Core/docs/Part4/5.12.3/#5.12.3.2",""
764,ModifyMonitoredItemsResponse,"https://reference.opcfoundation.org/v105/Core/docs/Part4/5.12.3/#5.12.3.2",""
767,SetMonitoringModeRequest,"https://reference.opcfoundation.org/v105/Core/docs/Part4/5.12.4/#5.12.4.2",""
770,SetMonitoringModeResponse,"https://reference.opcfoundation.org/v105/Core/docs/Part4/5.12.4/#5.12.4.2",""
773,SetTriggeringRequest,"https://reference.opcfoundation.org/v105/Core/docs/Part4/5.12.5/#5.12.5.2",""
776,SetTriggeringResponse,"https://reference.opcfoundation.org/v105/Core/docs/Part4/5.12.5/#5.12.5.2",""
779,DeleteMonitoredItemsRequest,"https://reference.opcfoundation.org/v105/Core/docs/Part4/5.12.6/#5.12.6.2",""
782,DeleteMonitoredItemsResponse,"https://reference.opcfoundation.org/v105/Core/docs/Part4/5.12.6/#5.12.6.2",""
785,CreateSubscriptionRequest,"https://reference.opcfoundation.org/v105/Core/docs/Part4/5.13.2/#5.13.2.2",""
788,CreateSubscriptionResponse,"https://reference.opcfoundation.org/v105/Core/docs/Part4/5.13.2/#5.13.2.2",""
791,ModifySubscriptionRequest,"https://reference.opcfoundation.org/v105/Core/docs/Part4/5.13.3/#5.13.3.2",""
794,ModifySubscriptionResponse,"https://reference.opcfoundation.org/v105/Core/docs/Part4/5.13.3/#5.13.3.2",""
797,SetPublishingModeRequest,"https://reference.opcfoundation.org/v105/Core/docs/Part4/5.13.4/#5.13.4.2",""
800,SetPublishingModeResponse,"https://reference.opcfoundation.org/v105/Core/docs/Part4/5.13.4/#5.13.4.2",""
803,NotificationMessage,"https://reference.opcfoundation.org/v105/Core/docs/Part4/7.26",""
806,MonitoredItemNotification,"https://reference.opcfoundation.org/v105/Core/docs/Part4/7.25.2",""
809,DataChangeNotification,"https://reference.opcfoundation.org/v105/Core/docs/Part4/7.25.2",""
818,StatusChangeNotification,"https://reference.opcfoundation.org/v105/Core/docs/Part4/7.25.4",""
821,SubscriptionAcknowledgement,"https://reference.opcfoundation.org/v105/Core/docs/Part4/5.13.5/#5.13.5.2",""
824,PublishRequest,"https://reference.opcfoundation.org/v105/Core/docs/Part4/5.13.5/#5.13.5.2",""
827,PublishResponse,"https://reference.opcfoundation.org/v105/Core/docs/Part4/5.13.5/#5.13.5.2",""
830,RepublishRequest,"https://reference.opcfoundation.org/v105/Core/docs/Part4/5.13.6/#5.13.6.2",""
833,RepublishResponse,"https://reference.opcfoundation.org/v105/Core/docs/Part4/5.13.6/#5.13.6.2",""
836,TransferResult,"https://reference.opcfoundation.org/v105/Core/docs/Part4/5.13.7/#5.13.7.2",""
839,TransferSubscriptionsRequest,"https://reference.opcfoundation.org/v105/Core/docs/Part4/5.13.7/#5.13.7.2",""
842,TransferSubscriptionsResponse,"https://reference.opcfoundation.org/v105/Core/docs/Part4/5.13.7/#5.13.7.2",""
845,DeleteSubscriptionsRequest,"https://reference.opcfoundation.org/v105/Core/docs/Part4/5.13.8/#5.13.8.2",""
848,DeleteSubscriptionsResponse,"https://reference.opcfoundation.org/v105/Core/docs/Part4/5.13.8/#5.13.8.2",""
851,RedundancySupport,"https://reference.opcfoundation.org/v105/Core/docs/Part5/12.5","Base Info ServerType;"
852,ServerState,"https://reference.opcfoundation.org/v105/Core/docs/Part5/12.6","Base Info ServerType;"
853,RedundantServerDataType,"https://reference.opcfoundation.org/v105/Core/docs/Part5/12.7","Redundancy Server Transparent;"
856,SamplingIntervalDiagnosticsDataType,"https://reference.opcfoundation.org/v105/Core/docs/Part5/12.8","Base Info ServerType;"
859,ServerDiagnosticsSummaryDataType,"https://reference.opcfoundation.org/v105/Core/docs/Part5/12.9","Base Info ServerType;"
862,ServerStatusDataType,"https://reference.opcfoundation.org/v105/Core/docs/Part5/12.10","Base Info ServerType;"
865,SessionDiagnosticsDataType,"https://reference.opcfoundation.org/v105/Core/docs/Part5/12.11","Base Info ServerType;"
868,SessionSecurityDiagnosticsDataType,"https://reference.opcfoundation.org/v105/Core/docs/Part5/12.12","Base Info ServerType;"
871,ServiceCounterDataType,"https://reference.opcfoundation.org/v105/Core/docs/Part5/12.13","Base Info ServerType;"
874,SubscriptionDiagnosticsDataType,"https://reference.opcfoundation.org/v105/Core/docs/Part5/12.15","Base Info ServerType;"
877,ModelChangeStructureDataType,"https://reference.opcfoundation.org/v105/Core/docs/Part5/12.16","Base Info Model Change General;"
884,Range,"https://reference.opcfoundation.org/v105/Core/docs/Part8/5.6.2","Base Info Range DataType;"
887,EUInformation,"https://reference.opcfoundation.org/v105/Core/docs/Part8/5.6.3/#5.6.3.2","Base Info EUInformation;"
890,ExceptionDeviationFormat,"https://reference.opcfoundation.org/v104/Core/docs/Part11/5.2.2",""
891,Annotation,"https://reference.opcfoundation.org/v104/Core/docs/Part11/5.5",""
894,ProgramDiagnosticDataType,"",""
897,SemanticChangeStructureDataType,"https://reference.opcfoundation.org/v105/Core/docs/Part5/12.17","Base Info SemanticChange;"
914,EventNotificationList,"https://reference.opcfoundation.org/v105/Core/docs/Part4/7.25.3",""
917,EventFieldList,"https://reference.opcfoundation.org/v105/Core/docs/Part4/7.25.3",""
920,HistoryEventFieldList,"",""
938,IssuedIdentityToken,"https://reference.opcfoundation.org/v105/Core/docs/Part5/12.3.15/#12.3.15.2","Auditing Connections;"
945,NotificationData,"https://reference.opcfoundation.org/v105/Core/docs/Part4/7.25.1",""
948,AggregateConfiguration,"https://reference.opcfoundation.org/v105/Core/docs/Part4/7.22.4",""
2000,ImageBMP,"https://reference.opcfoundation.org/v105/Core/docs/Part5/12.2.3/#12.2.3.3","Base Info Image DataTypes;"
2001,ImageGIF,"https://reference.opcfoundation.org/v105/Core/docs/Part5/12.2.3/#12.2.3.4","Base Info Image DataTypes;"
2002,ImageJPG,"https://reference.opcfoundation.org/v105/Core/docs/Part5/12.2.3/#12.2.3.5","Base Info Image DataTypes;"
2003,ImagePNG,"https://reference.opcfoundation.org/v105/Core/docs/Part5/12.2.3/#12.2.3.6","Base Info Image DataTypes;"
2004,ServerType,"https://reference.opcfoundation.org/v105/Core/docs/Part5/6.3.1","Base Info ServerType;"
2013,ServerCapabilitiesType,"https://reference.opcfoundation.org/v105/Core/docs/Part5/6.3.2","Base Info ServerType;"
2020,ServerDiagnosticsType,"https://reference.opcfoundation.org/v105/Core/docs/Part5/6.3.3","Base Info ServerType;"
2026,SessionsDiagnosticsSummaryType,"https://reference.opcfoundation.org/v105/Core/docs/Part5/6.3.4","Base Info ServerType;"
2029,SessionDiagnosticsObjectType,"https://reference.opcfoundation.org/v105/Core/docs/Part5/6.3.5","Base Info ServerType;"
2033,VendorServerInfoType,"https://reference.opcfoundation.org/v105/Core/docs/Part5/6.3.6","Base Info ServerType;"
2034,ServerRedundancyType,"https://reference.opcfoundation.org/v105/Core/docs/Part5/6.3.7","Base Info ServerType;"
2036,TransparentRedundancyType,"https://reference.opcfoundation.org/v105/Core/docs/Part5/6.3.8","Redundancy Server Transparent;"
2039,NonTransparentRedundancyType,"https://reference.opcfoundation.org/v105/Core/docs/Part5/6.3.9","Redundancy Server;"
2041,BaseEventType,"https://reference.opcfoundation.org/v105/Core/docs/Part5/6.4.2","Address Space Events;"
2052,AuditEventType,"https://reference.opcfoundation.org/v105/Core/docs/Part5/6.4.3","Auditing Connections;Auditing NodeManagement;Auditing History Services;Auditing Write;Auditing Method;"
2058,AuditSecurityEventType,"https://reference.opcfoundation.org/v105/Core/docs/Part5/6.4.4","Auditing Connections;"
2059,AuditChannelEventType,"https://reference.opcfoundation.org/v105/Core/docs/Part5/6.4.5","Auditing Connections;"
2060,AuditOpenSecureChannelEventType,"https://reference.opcfoundation.org/v105/Core/docs/Part5/6.4.6","Auditing Connections;"
2069,AuditSessionEventType,"https://reference.opcfoundation.org/v105/Core/docs/Part5/6.4.7","Auditing Connections;"
2071,AuditCreateSessionEventType,"https://reference.opcfoundation.org/v105/Core/docs/Part5/6.4.8","Auditing Connections;"
2075,AuditActivateSessionEventType,"https://reference.opcfoundation.org/v105/Core/docs/Part5/6.4.10","Auditing Connections;"
2078,AuditCancelEventType,"https://reference.opcfoundation.org/v105/Core/docs/Part5/6.4.11","Auditing Connections;"
2080,AuditCertificateEventType,"https://reference.opcfoundation.org/v105/Core/docs/Part5/6.4.12","Auditing Connections;"
2082,AuditCertificateDataMismatchEventType,"https://reference.opcfoundation.org/v105/Core/docs/Part5/6.4.13","Auditing Connections;"
2085,AuditCertificateExpiredEventType,"https://reference.opcfoundation.org/v105/Core/docs/Part5/6.4.14","Auditing Connections;"
2086,AuditCertificateInvalidEventType,"https://reference.opcfoundation.org/v105/Core/docs/Part5/6.4.15","Auditing Connections;"
2087,AuditCertificateUntrustedEventType,"https://reference.opcfoundation.org/v105/Core/docs/Part5/6.4.16","Auditing Connections;"
2088,AuditCertificateRevokedEventType,"https://reference.opcfoundation.org/v105/Core/docs/Part5/6.4.17","Auditing Connections;"
2089,AuditCertificateMismatchEventType,"https://reference.opcfoundation.org/v105/Core/docs/Part5/6.4.18","Auditing Connections;"
2090,AuditNodeManagementEventType,"https://reference.opcfoundation.org/v105/Core/docs/Part5/6.4.19","Auditing NodeManagement;"
2091,AuditAddNodesEventType,"https://reference.opcfoundation.org/v105/Core/docs/Part5/6.4.20","Auditing NodeManagement;"
2093,AuditDeleteNodesEventType,"https://reference.opcfoundation.org/v105/Core/docs/Part5/6.4.21","Auditing NodeManagement;"
2095,AuditAddReferencesEventType,"https://reference.opcfoundation.org/v105/Core/docs/Part5/6.4.22","Auditing NodeManagement;"
2097,AuditDeleteReferencesEventType,"https://reference.opcfoundation.org/v105/Core/docs/Part5/6.4.23","Auditing NodeManagement;"
2099,AuditUpdateEventType,"https://reference.opcfoundation.org/v105/Core/docs/Part5/6.4.24","Auditing History Services;Auditing Write;"
2100,AuditWriteUpdateEventType,"https://reference.opcfoundation.org/v105/Core/docs/Part5/6.4.25","Auditing Write;"
2104,AuditHistoryUpdateEventType,"https://reference.opcfoundation.org/v105/Core/docs/Part5/6.4.26","Auditing History Services;"
2127,AuditUpdateMethodEventType,"https://reference.opcfoundation.org/v105/Core/docs/Part5/6.4.27","Auditing Method;"
2130,SystemEventType,"https://reference.opcfoundation.org/v105/Core/docs/Part5/6.4.28","Base Info Device Failure;Base Info System Status Underlying System;Base Info System Status;"
2131,DeviceFailureEventType,"https://reference.opcfoundation.org/v105/Core/docs/Part5/6.4.29","Base Info Device Failure;"
2132,BaseModelChangeEventType,"https://reference.opcfoundation.org/v105/Core/docs/Part5/6.4.31","Base Info Model Change;"
2133,GeneralModelChangeEventType,"https://reference.opcfoundation.org/v105/Core/docs/Part5/6.4.32","Base Info Model Change General;"
2137,ServerVendorCapabilityType,"https://reference.opcfoundation.org/v105/Core/docs/Part5/7.5","Base Info ServerType;"
2138,ServerStatusType,"https://reference.opcfoundation.org/v105/Core/docs/Part5/7.6","Base Info ServerType;"
2150,ServerDiagnosticsSummaryType,"https://reference.opcfoundation.org/v105/Core/docs/Part5/7.8","Base Info ServerType;"
2164,SamplingIntervalDiagnosticsArrayType,"https://reference.opcfoundation.org/v105/Core/docs/Part5/7.9","Base Info ServerType;"
2165,SamplingIntervalDiagnosticsType,"https://reference.opcfoundation.org/v105/Core/docs/Part5/7.10","Base Info ServerType;"
2171,SubscriptionDiagnosticsArrayType,"https://reference.opcfoundation.org/v105/Core/docs/Part5/7.11","Base Info ServerType;"
2172,SubscriptionDiagnosticsType,"https://reference.opcfoundation.org/v105/Core/docs/Part5/7.12","Base Info ServerType;"
2196,SessionDiagnosticsArrayType,"https://reference.opcfoundation.org/v105/Core/docs/Part5/7.13","Base Info ServerType;"
2197,SessionDiagnosticsVariableType,"https://reference.opcfoundation.org/v105/Core/docs/Part5/7.14","Base Info ServerType;"
2243,SessionSecurityDiagnosticsArrayType,"https://reference.opcfoundation.org/v105/Core/docs/Part5/7.15","Base Info ServerType;"
2244,SessionSecurityDiagnosticsType,"https://reference.opcfoundation.org/v105/Core/docs/Part5/7.16","Base Info ServerType;"
2253,Server,"https://reference.opcfoundation.org/v105/Core/docs/Part5/8.3.2","Base Info Core Structure 2;Address Space Events 2;"
2299,StateMachineType,"https://reference.opcfoundation.org/v105/Core/docs/Part16/4.4.2","Base Info State Machine Instance;"
2307,StateType,"https://reference.opcfoundation.org/v105/Core/docs/Part16/4.4.8","Base Info Finite State Machine Instance;"
2309,InitialStateType,"https://reference.opcfoundation.org/v105/Core/docs/Part16/4.4.9","Base Info Finite State Machine Instance;"
2310,TransitionType,"https://reference.opcfoundation.org/v105/Core/docs/Part16/4.4.10","Base Info Finite State Machine Instance;"
2311,TransitionEventType,"https://reference.opcfoundation.org/v105/Core/docs/Part16/4.4.16","Base Info Finite State Machine Instance;"
2315,AuditUpdateStateEventType,"https://reference.opcfoundation.org/v105/Core/docs/Part16/4.4.17","Auditing Base;"
2318,HistoricalDataConfigurationType,"https://reference.opcfoundation.org/v104/Core/docs/Part11/5.2.2",""
2330,HistoryServerCapabilitiesType,"https://reference.opcfoundation.org/v104/Core/docs/Part11/5.4.2",""
2340,AggregateFunctionType,"https://reference.opcfoundation.org/v105/Core/docs/Part5/6.8","Base Info ServerType;"
2357,Start,"https://reference.opcfoundation.org/v105/Core/docs/Part10/A.2.6/#A.2.6.2",""
2365,DataItemType,"https://reference.opcfoundation.org/v105/Core/docs/Part8/5.3.1","Data Access DataItems;"
2368,AnalogItemType,"https://reference.opcfoundation.org/v105/Core/docs/Part8/5.3.2/#5.3.2.3","Data Access AnalogItemType;"
2372,DiscreteItemType,"https://reference.opcfoundation.org/v105/Core/docs/Part8/5.3.3/#5.3.3.1","Data Access DiscreteItemType;"
2373,TwoStateDiscreteType,"https://reference.opcfoundation.org/v105/Core/docs/Part8/5.3.3/#5.3.3.2","Data Access TwoState;"
2376,MultiStateDiscreteType,"https://reference.opcfoundation.org/v105/Core/docs/Part8/5.3.3/#5.3.3.3","Data Access MultiState;"
2378,ProgramTransitionEventType,"https://reference.opcfoundation.org/v105/Core/docs/Part10/5.2.5/#5.2.5.2","Program Basic;"
2380,ProgramDiagnosticType,"",""
2391,ProgramStateMachineType,"https://reference.opcfoundation.org/v105/Core/docs/Part10/5.2.1","Program Basic;"
2738,SemanticChangeEventType,"https://reference.opcfoundation.org/v105/Core/docs/Part5/6.4.33","Base Info SemanticChange;"
2748,AuditUrlMismatchEventType,"https://reference.opcfoundation.org/v105/Core/docs/Part5/6.4.9","Auditing Connections;"
2755,StateVariableType,"https://reference.opcfoundation.org/v105/Core/docs/Part16/4.4.3","Base Info State Machine Instance;"
2760,FiniteStateVariableType,"https://reference.opcfoundation.org/v105/Core/docs/Part16/4.4.6","Base Info Finite State Machine Instance;"
2762,TransitionVariableType,"https://reference.opcfoundation.org/v105/Core/docs/Part16/4.4.4","Base Info State Machine Instance;"
2767,FiniteTransitionVariableType,"https://reference.opcfoundation.org/v105/Core/docs/Part16/4.4.7","Base Info Finite State Machine Instance;"
2771,FiniteStateMachineType,"https://reference.opcfoundation.org/v105/Core/docs/Part16/4.4.5","Base Info Finite State Machine Instance;Base Info Available States and Transitions;"
2782,ConditionType,"https://reference.opcfoundation.org/v105/Core/docs/Part9/5.5.2","A & C Basic;"
2787,RefreshStartEventType,"https://reference.opcfoundation.org/v105/Core/docs/Part9/5.11.2","A & C Refresh;A & C Refresh2;"
2788,RefreshEndEventType,"https://reference.opcfoundation.org/v105/Core/docs/Part9/5.11.3","A & C Refresh;A & C Refresh2;"
2789,RefreshRequiredEventType,"https://reference.opcfoundation.org/v105/Core/docs/Part9/5.11.4","A & C Refresh;A & C Refresh2;"
2790,AuditConditionEventType,"https://reference.opcfoundation.org/v105/Core/docs/Part9/5.10.2","A & C Auditing;"
2803,AuditConditionEnableEventType,"https://reference.opcfoundation.org/v105/Core/docs/Part9/5.10.3","A & C Auditing;"
2829,AuditConditionCommentEventType,"https://reference.opcfoundation.org/v105/Core/docs/Part9/5.10.4","A & C Auditing;"
2830,DialogConditionType,"https://reference.opcfoundation.org/v105/Core/docs/Part9/5.6.2","A & C Dialog;"
2881,AcknowledgeableConditionType,"https://reference.opcfoundation.org/v105/Core/docs/Part9/5.7.2","A & C Acknowledge;"
2915,AlarmConditionType,"https://reference.opcfoundation.org/v105/Core/docs/Part9/5.8.2","A & C Alarm;"
2929,ShelvedStateMachineType,"https://reference.opcfoundation.org/v105/Core/docs/Part9/5.8.16/#5.8.16.1","A & C Shelving;"
2947,Unshelve,"https://reference.opcfoundation.org/v105/Core/docs/Part9/5.8.16/#5.8.16.2","A & C Shelving;"
2948,OneShotShelve,"https://reference.opcfoundation.org/v105/Core/docs/Part9/5.8.16/#5.8.16.6","A & C Shelving;"
2949,TimedShelve,"https://reference.opcfoundation.org/v105/Core/docs/Part9/5.8.16/#5.8.16.4","A & C Shelving;"
2955,LimitAlarmType,"https://reference.opcfoundation.org/v105/Core/docs/Part9/5.8.17","A & C Exclusive Limit;A & C Non-Exclusive Limit;"
2999,AuditHistoryEventUpdateEventType,"https://reference.opcfoundation.org/v104/Core/docs/Part11/5.6.2",""
3006,AuditHistoryValueUpdateEventType,"https://reference.opcfoundation.org/v104/Core/docs/Part11/5.6.3",""
3012,AuditHistoryDeleteEventType,"https://reference.opcfoundation.org/v104/Core/docs/Part11/5.6.5",""
3014,AuditHistoryRawModifyDeleteEventType,"https://reference.opcfoundation.org/v104/Core/docs/Part11/5.6.6",""
3019,AuditHistoryAtTimeDeleteEventType,"https://reference.opcfoundation.org/v104/Core/docs/Part11/5.6.7",""
3022,AuditHistoryEventDeleteEventType,"https://reference.opcfoundation.org/v104/Core/docs/Part11/5.6.8",""
3035,EventQueueOverflowEventType,"https://reference.opcfoundation.org/v105/Core/docs/Part5/6.4.34","Base Info EventQueueOverflow EventType;"
3048,EventTypes,"https://reference.opcfoundation.org/v105/Core/docs/Part5/8.2.10","Address Space Events 2;"
3051,BuildInfoType,"https://reference.opcfoundation.org/v105/Core/docs/Part5/7.7","Base Info ServerType;"
3065,AlwaysGeneratesEvent,"https://reference.opcfoundation.org/v105/Core/docs/Part5/11.17","Address Space Events 2;"
3806,ProgramTransitionAuditEventType,"",""
3850,FinalResultData,"https://reference.opcfoundation.org/v105/Core/docs/Part10/A.2.6/#A.2.6.2",""
3875,ConditionRefresh,"https://reference.opcfoundation.org/v105/Core/docs/Part9/5.5.7","A & C Refresh;"
7594,EnumValueType,"https://reference.opcfoundation.org/v105/Core/docs/Part5/12.2.12/#12.2.12.6","Base Info Base Types;"
8912,TimeZoneDataType,"https://reference.opcfoundation.org/v105/Core/docs/Part5/12.2.12/#12.2.12.11","Base Info LocalTime;"
8927,AuditConditionRespondEventType,"https://reference.opcfoundation.org/v105/Core/docs/Part9/5.10.5","A & C Dialog Auditing;"
8944,AuditConditionAcknowledgeEventType,"https://reference.opcfoundation.org/v105/Core/docs/Part9/5.10.6","A & C Acknowledge Auditing;"
8961,AuditConditionConfirmEventType,"https://reference.opcfoundation.org/v105/Core/docs/Part9/5.10.7","A & C Confirm Auditing;"
8995,TwoStateVariableType,"https://reference.opcfoundation.org/v105/Core/docs/Part9/5.2","A & C Basic;"
9002,ConditionVariableType,"https://reference.opcfoundation.org/v105/Core/docs/Part9/5.3","A & C Basic;"
9004,HasTrueSubState,"https://reference.opcfoundation.org/v105/Core/docs/Part9/5.4.2","A & C Basic;"
9005,HasFalseSubState,"https://reference.opcfoundation.org/v105/Core/docs/Part9/5.4.3","A & C Basic;"
9006,HasCondition,"https://reference.opcfoundation.org/v105/Core/docs/Part9/5.12","A & C Basic;"
9027,Enable,"https://reference.opcfoundation.org/v105/Core/docs/Part9/5.5.5","A & C Enable;"
9028,Disable,"https://reference.opcfoundation.org/v105/Core/docs/Part9/5.5.4","A & C Enable;"
9029,AddComment,"https://reference.opcfoundation.org/v105/Core/docs/Part9/5.5.6","A & C Comment;"
9069,Respond,"https://reference.opcfoundation.org/v105/Core/docs/Part9/5.6.3","A & C Dialog;"
9111,Acknowledge,"https://reference.opcfoundation.org/v105/Core/docs/Part9/5.7.3","A & C Acknowledge;"
9113,Confirm,"https://reference.opcfoundation.org/v105/Core/docs/Part9/5.7.4","A & C Confirm;"
9318,ExclusiveLimitStateMachineType,"https://reference.opcfoundation.org/v105/Core/docs/Part9/5.8.18/#5.8.18.2","A & C Exclusive Limit;"
9341,ExclusiveLimitAlarmType,"https://reference.opcfoundation.org/v105/Core/docs/Part9/5.8.18/#5.8.18.3","A & C Exclusive Limit;"
9482,ExclusiveLevelAlarmType,"https://reference.opcfoundation.org/v105/Core/docs/Part9/5.8.20/#5.8.20.3","A & C Exclusive Level;"
9623,ExclusiveRateOfChangeAlarmType,"https://reference.opcfoundation.org/v105/Core/docs/Part9/5.8.22/#5.8.22.3","A & C Exclusive RateOfChange;"
9764,ExclusiveDeviationAlarmType,"https://reference.opcfoundation.org/v105/Core/docs/Part9/5.8.21/#5.8.21.3","A & C Exclusive Deviation;"
9906,NonExclusiveLimitAlarmType,"https://reference.opcfoundation.org/v105/Core/docs/Part9/5.8.19","A & C Non-Exclusive Limit;"
10060,NonExclusiveLevelAlarmType,"https://reference.opcfoundation.org/v105/Core/docs/Part9/5.8.20/#5.8.20.2","A & C Non-Exclusive Level;"
10214,NonExclusiveRateOfChangeAlarmType,"https://reference.opcfoundation.org/v105/Core/docs/Part9/5.8.22/#5.8.22.2","A & C Non-Exclusive RateOfChange;"
10368,NonExclusiveDeviationAlarmType,"https://reference.opcfoundation.org/v105/Core/docs/Part9/5.8.21/#5.8.21.2","A & C Non-Exclusive Deviation;"
10523,DiscreteAlarmType,"https://reference.opcfoundation.org/v105/Core/docs/Part9/5.8.23/#5.8.23.1","A & C Discrete;"
10637,OffNormalAlarmType,"https://reference.opcfoundation.org/v105/Core/docs/Part9/5.8.23/#5.8.23.2","A & C OffNormal;"
10751,TripAlarmType,"https://reference.opcfoundation.org/v105/Core/docs/Part9/5.8.23/#5.8.23.4","A & C Trip;"
11093,AuditConditionShelvingEventType,"https://reference.opcfoundation.org/v105/Core/docs/Part9/5.10.8","A & C Shelving Auditing;"
11163,BaseConditionClassType,"https://reference.opcfoundation.org/v105/Core/docs/Part9/5.9.2","A & C ConditionClasses;"
11164,ProcessConditionClassType,"https://reference.opcfoundation.org/v105/Core/docs/Part9/5.9.3","A & C ConditionClasses;"
11165,MaintenanceConditionClassType,"https://reference.opcfoundation.org/v105/Core/docs/Part9/5.9.4","A & C ConditionClasses;"
11166,SystemConditionClassType,"https://reference.opcfoundation.org/v105/Core/docs/Part9/5.9.5","A & C ConditionClasses;"
11187,AggregateConfigurationType,"",""
11216,ModificationInfo,"https://reference.opcfoundation.org/v104/Core/docs/Part11/6.5.3",""
11217,HistoryModifiedData,"https://reference.opcfoundation.org/v104/Core/docs/Part11/6.5.3",""
11234,HistoryUpdateType,"https://reference.opcfoundation.org/v104/Core/docs/Part11/6.6",""
11238,MultiStateValueDiscreteType,"https://reference.opcfoundation.org/v105/Core/docs/Part8/5.3.3/#5.3.3.4","Data Access MultiStateValueDiscrete;"
11293,PerformUpdateType,"https://reference.opcfoundation.org/v104/Core/docs/Part11/6.7",""
11295,UpdateStructureDataDetails,"https://reference.opcfoundation.org/v104/Core/docs/Part11/6.8.3/#6.8.3.1",""
11436,ProgressEventType,"https://reference.opcfoundation.org/v105/Core/docs/Part5/6.4.35","Base Info Progress Events;"
11446,SystemStatusChangeEventType,"https://reference.opcfoundation.org/v105/Core/docs/Part5/6.4.30","Base Info System Status Underlying System;Base Info System Status;"
11487,OptionSetType,"https://reference.opcfoundation.org/v105/Core/docs/Part5/7.17","Base Info OptionSet;"
11492,GetMonitoredItems,"https://reference.opcfoundation.org/v105/Core/docs/Part5/9.1","Base Info ServerType;"
11508,OptionalPlaceholder,"https://reference.opcfoundation.org/v105/Core/docs/Part5/8.3.6","Base Info Base Types;"
11510,MandatoryPlaceholder,"https://reference.opcfoundation.org/v105/Core/docs/Part5/8.3.7","Base Info Base Types;"
11564,OperationLimitsType,"https://reference.opcfoundation.org/v105/Core/docs/Part5/6.3.11","Base Info ServerType;"
11575,FileType,"https://reference.opcfoundation.org/v105/Core/docs/Part20/4.2.1","Base Info FileType Base;"
11595,AddressSpaceFileType,"https://reference.opcfoundation.org/v105/Core/docs/Part5/6.3.12","Base Info ServerType;"
11616,NamespaceMetadataType,"https://reference.opcfoundation.org/v105/Core/docs/Part5/6.3.13","Base Info ServerType;"
11645,NamespacesType,"https://reference.opcfoundation.org/v105/Core/docs/Part5/6.3.14","Base Info ServerType;"
11737,BitFieldMaskDataType,"https://reference.opcfoundation.org/v105/Core/docs/Part5/12.18","Base Info BitFieldMaskDataType;"
11753,SystemOffNormalAlarmType,"https://reference.opcfoundation.org/v105/Core/docs/Part9/5.8.23/#5.8.23.3","A & C SystemOffNormal;"
11856,AuditProgramTransitionEventType,"https://reference.opcfoundation.org/v105/Core/docs/Part10/5.2.6","Program Auditing;"
11879,InstanceNode,"",""
11880,TypeNode,"",""
11939,OpenFileMode,"",""
11941,ModelChangeStructureVerbMask,"",""
11943,EndpointUrlListDataType,"https://reference.opcfoundation.org/v105/Core/docs/Part5/12.20","Redundancy Server;"
11944,NetworkGroupDataType,"https://reference.opcfoundation.org/v105/Core/docs/Part5/12.19","Redundancy Server;"
11945,NonTransparentNetworkRedundancyType,"https://reference.opcfoundation.org/v105/Core/docs/Part5/6.3.10","Redundancy Server;"
12021,ArrayItemType,"https://reference.opcfoundation.org/v105/Core/docs/Part8/5.3.4/#5.3.4.1","Data Access ArrayItem2Type;"
12029,YArrayItemType,"https://reference.opcfoundation.org/v105/Core/docs/Part8/5.3.4/#5.3.4.2","Data Access YArrayItemType;"
12038,XYArrayItemType,"https://reference.opcfoundation.org/v105/Core/docs/Part8/5.3.4/#5.3.4.3","Data Access XYArrayItemType;"
12047,ImageItemType,"https://reference.opcfoundation.org/v105/Core/docs/Part8/5.3.4/#5.3.4.4","Data Access ImageItemType;"
12057,CubeItemType,"https://reference.opcfoundation.org/v105/Core/docs/Part8/5.3.4/#5.3.4.5","Data Access CubeItemType;"
12068,NDimensionArrayItemType,"https://reference.opcfoundation.org/v105/Core/docs/Part8/5.3.4/#5.3.4.6","Data Access NDimensionArrayItemType;"
12077,AxisScaleEnumeration,"https://reference.opcfoundation.org/v105/Core/docs/Part8/5.6.7","Data Access ArrayItem2Type;"
12079,AxisInformation,"https://reference.opcfoundation.org/v105/Core/docs/Part8/5.6.6","Data Access AxisInformationType;"
12080,XVType,"https://reference.opcfoundation.org/v105/Core/docs/Part8/5.6.8","Data Access XYArrayItemType;"
12171,ComplexNumberType,"https://reference.opcfoundation.org/v105/Core/docs/Part8/5.6.4","Data Access Complex Number;"
12172,DoubleComplexNumberType,"https://reference.opcfoundation.org/v105/Core/docs/Part8/5.6.5","Data Access DoubleComplex Number;"
12189,ServerOnNetwork,"https://reference.opcfoundation.org/v105/Core/docs/Part4/5.4.3/#5.4.3.2",""
12190,FindServersOnNetworkRequest,"https://reference.opcfoundation.org/v105/Core/docs/Part4/5.4.3/#5.4.3.2",""
12191,FindServersOnNetworkResponse,"https://reference.opcfoundation.org/v105/Core/docs/Part4/5.4.3/#5.4.3.2",""
12193,RegisterServer2Request,"https://reference.opcfoundation.org/v105/Core/docs/Part4/5.4.6/#5.4.6.2",""
12194,RegisterServer2Response,"https://reference.opcfoundation.org/v105/Core/docs/Part4/5.4.6/#5.4.6.2",""
12522,TrustListType,"",""
12552,TrustListMasks,"",""
12554,TrustListDataType,"",""
12555,CertificateGroupType,"",""
12556,CertificateType,"",""
12557,ApplicationCertificateType,"",""
12558,HttpsCertificateType,"",""
12559,RsaMinApplicationCertificateType,"",""
12560,RsaSha256ApplicationCertificateType,"",""
12561,TrustListUpdatedAuditEventType,"",""
12581,ServerConfigurationType,"",""
12620,CertificateUpdatedAuditEventType,"",""
12647,Open,"https://reference.opcfoundation.org/v105/Core/docs/Part20/4.2.2","Base Info FileType Base;"
12650,Close,"https://reference.opcfoundation.org/v105/Core/docs/Part20/4.2.3","Base Info FileType Base;"
12652,Read,"https://reference.opcfoundation.org/v105/Core/docs/Part20/4.2.4","Base Info FileType Base;"
12655,Write,"https://reference.opcfoundation.org/v105/Core/docs/Part20/4.2.5","Base Info FileType Base;"
12657,GetPosition,"https://reference.opcfoundation.org/v105/Core/docs/Part20/4.2.6","Base Info FileType Base;"
12660,SetPosition,"https://reference.opcfoundation.org/v105/Core/docs/Part20/4.2.7","Base Info FileType Base;"
12749,SetSubscriptionDurable,"https://reference.opcfoundation.org/v105/Core/docs/Part5/9.3","Base Info ServerType;"
12755,OptionSet,"https://reference.opcfoundation.org/v105/Core/docs/Part5/12.2.12/#12.2.12.8","Base Info OptionSet DataType;"
12756,Union,"https://reference.opcfoundation.org/v105/Core/docs/Part5/12.2.12/#12.2.12.12","Base Info OptionSet DataType;"
12873,ResendData,"https://reference.opcfoundation.org/v105/Core/docs/Part5/9.2","Base Info ServerType;"
12877,NormalizedString,"https://reference.opcfoundation.org/v105/Core/docs/Part5/12.2.11/#12.2.11.2","Base Info NormalizedString DataType;"
12878,DecimalString,"https://reference.opcfoundation.org/v105/Core/docs/Part5/12.2.11/#12.2.11.3","Base Info DecimalString DataType;"
12879,DurationString,"https://reference.opcfoundation.org/v105/Core/docs/Part5/12.2.11/#12.2.11.4","Base Info Date DataTypes;"
12880,TimeString,"https://reference.opcfoundation.org/v105/Core/docs/Part5/12.2.11/#12.2.11.5","Base Info Date DataTypes;"
12881,DateString,"https://reference.opcfoundation.org/v105/Core/docs/Part5/12.2.11/#12.2.11.6","Base Info Date DataTypes;"
12886,RequestServerStateChange,"https://reference.opcfoundation.org/v105/Core/docs/Part5/9.4","Base Info ServerType;"
12890,DiscoveryConfiguration,"https://reference.opcfoundation.org/v105/Core/docs/Part4/7.13.1",""
12891,MdnsDiscoveryConfiguration,"https://reference.opcfoundation.org/v105/Core/docs/Part4/7.13.2",""
12912,ConditionRefresh2,"https://reference.opcfoundation.org/v105/Core/docs/Part9/5.5.8","A & C Refresh2;"
13225,CertificateExpirationAlarmType,"https://reference.opcfoundation.org/v105/Core/docs/Part9/5.8.23/#5.8.23.7","A & C CertificateExpiration;"
13353,FileDirectoryType,"https://reference.opcfoundation.org/v105/Core/docs/Part20/4.3.1","Base Info FileDirectoryType Base;"
13813,CertificateGroupFolderType,"",""
14209,PubSubConnectionType,"https://reference.opcfoundation.org/v105/Core/docs/Part14/9.1.5/#9.1.5.2","PubSub Model Base;"
14232,PubSubGroupType,"https://reference.opcfoundation.org/v105/Core/docs/Part14/9.1.6/#9.1.6.2","PubSub Model Base;"
14273,PublishedVariableDataType,"https://reference.opcfoundation.org/v105/Core/docs/Part14/6.2.3/#6.2.3.7.1","PubSub Parameters PublishedDataSet;"
14416,PublishSubscribeType,"https://reference.opcfoundation.org/v105/Core/docs/Part14/9.1.3/#9.1.3.2","PubSub Model Base;"
14443,PublishSubscribe,"https://reference.opcfoundation.org/v105/Core/docs/Part14/8.2","PubSub Model SKS;"
14476,HasPubSubConnection,"https://reference.opcfoundation.org/v105/Core/docs/Part14/9.1.3/#9.1.3.6","PubSub Model Base;"
14477,DataSetFolderType,"https://reference.opcfoundation.org/v105/Core/docs/Part14/9.1.4/#9.1.4.5.1","PubSub Model Base;"
14509,PublishedDataSetType,"https://reference.opcfoundation.org/v105/Core/docs/Part14/9.1.4/#9.1.4.2.1","PubSub Model Base;"
14523,DataSetMetaDataType,"https://reference.opcfoundation.org/v105/Core/docs/Part14/6.2.3/#6.2.3.2.2","PubSub Parameters Discovery;"
14524,FieldMetaData,"https://reference.opcfoundation.org/v105/Core/docs/Part14/6.2.3/#6.2.3.2.3","PubSub Parameters Discovery;"
14525,DataTypeDescription,"https://reference.opcfoundation.org/v105/Core/docs/Part5/12.32","Base Info UaBinary File;"
14533,KeyValuePair,"https://reference.opcfoundation.org/v105/Core/docs/Part5/12.21","Base Info KeyValuePair;"
14534,PublishedDataItemsType,"https://reference.opcfoundation.org/v105/Core/docs/Part14/9.1.4/#9.1.4.3.1","PubSub Model PublishedDataSet;"
14572,PublishedEventsType,"https://reference.opcfoundation.org/v105/Core/docs/Part14/9.1.4/#9.1.4.4.1","PubSub Model PublishedDataSet Events;"
14593,ConfigurationVersionDataType,"https://reference.opcfoundation.org/v105/Core/docs/Part14/6.2.3/#6.2.3.2.5","PubSub Parameters Discovery;"
14643,PubSubStatusType,"https://reference.opcfoundation.org/v105/Core/docs/Part14/9.1.10/#9.1.10.1","PubSub Model Base;"
14647,PubSubState,"https://reference.opcfoundation.org/v105/Core/docs/Part14/6.2.1","PubSub Model Base;"
14744,FieldTargetDataType,"https://reference.opcfoundation.org/v105/Core/docs/Part14/6.2.10/#6.2.10.2.3","PubSub Parameters SubscribedDataSet;"
14936,DataSetToWriter,"https://reference.opcfoundation.org/v105/Core/docs/Part14/9.1.4/#9.1.4.2.5","PubSub Model Base;"
15005,SimpleTypeDescription,"https://reference.opcfoundation.org/v105/Core/docs/Part5/12.35","Base Info UaBinary File;"
15006,UABinaryFileDataType,"https://reference.opcfoundation.org/v105/Core/docs/Part5/12.36","Base Info UaBinary File;"
15007,BrokerConnectionTransportDataType,"https://reference.opcfoundation.org/v105/Core/docs/Part14/6.4.2/#6.4.2.2.3","PubSub Parameters Broker;"
15008,BrokerTransportQualityOfService,"https://reference.opcfoundation.org/v105/Core/docs/Part14/6.4.2/#6.4.2.1","PubSub Parameters Broker;"
15013,AuditConditionResetEventType,"https://reference.opcfoundation.org/v105/Core/docs/Part9/5.10.11","A & C Latching Auditing;"
15031,AccessLevelType,"https://reference.opcfoundation.org/v105/Core/docs/Part3/8.57",""
15033,EventNotifierType,"https://reference.opcfoundation.org/v105/Core/docs/Part3/8.59",""
15064,DatagramConnectionTransportType,"https://reference.opcfoundation.org/v105/Core/docs/Part14/9.3.1/#9.3.1.1","PubSub Model Datagram;"
15108,SubscribedDataSetType,"https://reference.opcfoundation.org/v105/Core/docs/Part14/9.1.9/#9.1.9.1","PubSub Model Base;"
15109,ChoiceStateType,"https://reference.opcfoundation.org/v105/Core/docs/Part16/4.6.2","Base Info Choice States;"
15111,TargetVariablesType,"https://reference.opcfoundation.org/v105/Core/docs/Part14/9.1.9/#9.1.9.2.1","PubSub Model SubscribedDataSet;"
15112,HasGuard,"https://reference.opcfoundation.org/v105/Core/docs/Part16/4.6.3","Base Info Choice States;"
15113,GuardVariableType,"https://reference.opcfoundation.org/v105/Core/docs/Part16/4.6.4","Base Info Choice States;"
15127,SubscribedDataSetMirrorType,"https://reference.opcfoundation.org/v105/Core/docs/Part14/9.1.9/#9.1.9.3","PubSub Model SubscribedDataSet Mirror;"
15128,ExpressionGuardVariableType,"https://reference.opcfoundation.org/v105/Core/docs/Part16/4.6.5","Base Info Choice States;"
15155,BrokerConnectionTransportType,"https://reference.opcfoundation.org/v105/Core/docs/Part14/9.3.2/#9.3.2.1","PubSub Model Broker;"
15181,UserCredentialCertificateType,"",""
15296,HasDataSetWriter,"https://reference.opcfoundation.org/v105/Core/docs/Part14/9.1.6/#9.1.6.6","PubSub Model Base;"
15297,HasDataSetReader,"https://reference.opcfoundation.org/v105/Core/docs/Part14/9.1.6/#9.1.6.12","PubSub Model Base;"
15298,DataSetWriterType,"https://reference.opcfoundation.org/v105/Core/docs/Part14/9.1.7/#9.1.7.2","PubSub Model Base;"
15305,DataSetWriterTransportType,"https://reference.opcfoundation.org/v105/Core/docs/Part14/9.1.7/#9.1.7.3","PubSub Model Base;"
15306,DataSetReaderType,"https://reference.opcfoundation.org/v105/Core/docs/Part14/9.1.8/#9.1.8.2","PubSub Model Base;"
15317,ElseGuardVariableType,"https://reference.opcfoundation.org/v105/Core/docs/Part16/4.6.6","Base Info Choice States;"
15318,BaseAnalogType,"https://reference.opcfoundation.org/v105/Core/docs/Part8/5.3.2/#5.3.2.2","Data Access BaseAnalogType;"
15319,DataSetReaderTransportType,"https://reference.opcfoundation.org/v105/Core/docs/Part14/9.1.8/#9.1.8.3","PubSub Model Base;"
15383,ProgramDiagnostic2Type,"https://reference.opcfoundation.org/v105/Core/docs/Part10/5.2.9","Program Basic;"
15406,AccessLevelExType,"https://reference.opcfoundation.org/v105/Core/docs/Part3/8.58",""
15452,SecurityGroupFolderType,"https://reference.opcfoundation.org/v105/Core/docs/Part14/8.5.1","PubSub Model SKS;"
15471,SecurityGroupType,"https://reference.opcfoundation.org/v105/Core/docs/Part14/8.4.1","PubSub Model SKS;"
15480,WriterGroupDataType,"https://reference.opcfoundation.org/v105/Core/docs/Part14/6.2.6/#6.2.6.7.1","PubSub Parameters Discovery;"
15487,StructureDescription,"https://reference.opcfoundation.org/v105/Core/docs/Part5/12.33","Base Info UaBinary File;"
15488,EnumDescription,"https://reference.opcfoundation.org/v105/Core/docs/Part5/12.34","Base Info UaBinary File;"
15489,ExtensionFieldsType,"https://reference.opcfoundation.org/v105/Core/docs/Part14/9.1.4/#9.1.4.2.2","PubSub Model Base;"
15502,NetworkAddressDataType,"https://reference.opcfoundation.org/v105/Core/docs/Part14/6.2.7/#6.2.7.5.3","PubSub Parameters Discovery Extended;"
15510,NetworkAddressUrlDataType,"https://reference.opcfoundation.org/v105/Core/docs/Part14/6.2.7/#6.2.7.5.4","PubSub Parameters Discovery Extended;"
15520,ReaderGroupDataType,"https://reference.opcfoundation.org/v105/Core/docs/Part14/6.2.8/#6.2.8.2.1","PubSub Parameters Discovery Extended;"
15528,EndpointType,"https://reference.opcfoundation.org/v105/Core/docs/Part18/4.4.2","Base Info ServerType;"
15530,PubSubConfigurationDataType,"https://reference.opcfoundation.org/v105/Core/docs/Part14/6.2.12/#6.2.12.1","PubSub Parameters Configuration;"
15532,DatagramWriterGroupTransportDataType,"https://reference.opcfoundation.org/v105/Core/docs/Part14/6.4.1/#6.4.1.3.3","PubSub Parameters Datagram;"
15534,DataTypeSchemaHeader,"https://reference.opcfoundation.org/v105/Core/docs/Part5/12.31","Base Info UaBinary File;"
15535,PubSubStatusEventType,"https://reference.opcfoundation.org/v105/Core/docs/Part14/9.1.13/#9.1.13.1","PubSub Model Status Event;"
15548,PubSubTransportLimitsExceedEventType,"https://reference.opcfoundation.org/v105/Core/docs/Part14/9.1.13/#9.1.13.2","PubSub Model Diagnostics Events;"
15563,PubSubCommunicationFailureEventType,"https://reference.opcfoundation.org/v105/Core/docs/Part14/9.1.13/#9.1.13.3","PubSub Model Diagnostics Events;"
15578,PublishedDataSetDataType,"https://reference.opcfoundation.org/v105/Core/docs/Part14/6.2.3/#6.2.3.5","PubSub Parameters PublishedDataSet;"
15580,PublishedDataSetSourceDataType,"https://reference.opcfoundation.org/v105/Core/docs/Part14/6.2.3/#6.2.3.6","PubSub Parameters PublishedDataSet;"
15581,PublishedDataItemsDataType,"https://reference.opcfoundation.org/v105/Core/docs/Part14/6.2.3/#6.2.3.7.2","PubSub Parameters PublishedDataSet;"
15582,PublishedEventsDataType,"https://reference.opcfoundation.org/v105/Core/docs/Part14/6.2.3/#6.2.3.8.4","PubSub Parameters PublishedDataSet Events;"
15583,DataSetFieldContentMask,"https://reference.opcfoundation.org/v105/Core/docs/Part14/6.2.4/#6.2.4.2","PubSub Parameters Discovery;"
15597,DataSetWriterDataType,"https://reference.opcfoundation.org/v105/Core/docs/Part14/6.2.4/#6.2.4.5.1","PubSub Parameters Discovery;"
15598,DataSetWriterTransportDataType,"https://reference.opcfoundation.org/v105/Core/docs/Part14/6.2.4/#6.2.4.5.2","PubSub Parameters Discovery;"
15605,DataSetWriterMessageDataType,"https://reference.opcfoundation.org/v105/Core/docs/Part14/6.2.4/#6.2.4.5.3","PubSub Parameters Discovery;"
15606,RoleSet,"https://reference.opcfoundation.org/v105/Core/docs/Part18/4.3","Security Role Server Base 2;"
15607,RoleSetType,"https://reference.opcfoundation.org/v105/Core/docs/Part18/4.2.1","Base Info ServerType;"
15609,PubSubGroupDataType,"https://reference.opcfoundation.org/v105/Core/docs/Part14/6.2.5/#6.2.5.7","PubSub Parameters Discovery;"
15611,WriterGroupTransportDataType,"https://reference.opcfoundation.org/v105/Core/docs/Part14/6.2.6/#6.2.6.7.2","PubSub Parameters Discovery;"
15616,WriterGroupMessageDataType,"https://reference.opcfoundation.org/v105/Core/docs/Part14/6.2.6/#6.2.6.7.3","PubSub Parameters Discovery;"
15617,PubSubConnectionDataType,"https://reference.opcfoundation.org/v105/Core/docs/Part14/6.2.7/#6.2.7.5.1","PubSub Parameters Discovery Extended;"
15618,ConnectionTransportDataType,"https://reference.opcfoundation.org/v105/Core/docs/Part14/6.2.7/#6.2.7.5.2","PubSub Parameters Discovery Extended;"
15620,RoleType,"https://reference.opcfoundation.org/v105/Core/docs/Part18/4.4.1","Base Info ServerType;"
15621,ReaderGroupTransportDataType,"https://reference.opcfoundation.org/v105/Core/docs/Part14/6.2.8/#6.2.8.2.2","PubSub Parameters Discovery Extended;"
15622,ReaderGroupMessageDataType,"https://reference.opcfoundation.org/v105/Core/docs/Part14/6.2.8/#6.2.8.2.3","PubSub Parameters Discovery Extended;"
15623,DataSetReaderDataType,"https://reference.opcfoundation.org/v105/Core/docs/Part14/6.2.9/#6.2.9.13.1","PubSub Parameters Discovery Extended;"
15628,DataSetReaderTransportDataType,"https://reference.opcfoundation.org/v105/Core/docs/Part14/6.2.9/#6.2.9.13.2","PubSub Parameters Discovery Extended;"
15629,DataSetReaderMessageDataType,"https://reference.opcfoundation.org/v105/Core/docs/Part14/6.2.9/#6.2.9.13.3","PubSub Parameters Discovery Extended;"
15630,SubscribedDataSetDataType,"https://reference.opcfoundation.org/v105/Core/docs/Part14/6.2.10/#6.2.10.1","PubSub Parameters Discovery Extended;"
15631,TargetVariablesDataType,"https://reference.opcfoundation.org/v105/Core/docs/Part14/6.2.10/#6.2.10.2.2","PubSub Parameters SubscribedDataSet;"
15632,IdentityCriteriaType,"https://reference.opcfoundation.org/v105/Core/docs/Part18/4.4.4","Base Info ServerType;"
15634,IdentityMappingRuleType,"https://reference.opcfoundation.org/v105/Core/docs/Part18/4.4.3","Base Info ServerType;"
15635,SubscribedDataSetMirrorDataType,"https://reference.opcfoundation.org/v105/Core/docs/Part14/6.2.10/#6.2.10.3.4","PubSub Parameters SubscribedDataSet Mirror;"
15642,UadpNetworkMessageContentMask,"https://reference.opcfoundation.org/v105/Core/docs/Part14/6.3.1/#6.3.1.1.4","PubSub Parameters UADP;"
15645,UadpWriterGroupMessageDataType,"https://reference.opcfoundation.org/v105/Core/docs/Part14/6.3.1/#6.3.1.1.7","PubSub Parameters UADP;"
15646,UadpDataSetMessageContentMask,"https://reference.opcfoundation.org/v105/Core/docs/Part14/6.3.1/#6.3.1.3.2","PubSub Parameters UADP;"
15652,UadpDataSetWriterMessageDataType,"https://reference.opcfoundation.org/v105/Core/docs/Part14/6.3.1/#6.3.1.3.6","PubSub Parameters UADP;"
15653,UadpDataSetReaderMessageDataType,"https://reference.opcfoundation.org/v105/Core/docs/Part14/6.3.1/#6.3.1.4.10","PubSub Parameters UADP;"
15654,JsonNetworkMessageContentMask,"https://reference.opcfoundation.org/v105/Core/docs/Part14/6.3.2/#6.3.2.1.1","PubSub Parameters JSON;"
15657,JsonWriterGroupMessageDataType,"https://reference.opcfoundation.org/v105/Core/docs/Part14/6.3.2/#6.3.2.1.2","PubSub Parameters JSON;"
15658,JsonDataSetMessageContentMask,"https://reference.opcfoundation.org/v105/Core/docs/Part14/6.3.2/#6.3.2.3.1","PubSub Parameters JSON;"
15664,JsonDataSetWriterMessageDataType,"https://reference.opcfoundation.org/v105/Core/docs/Part14/6.3.2/#6.3.2.3.2","PubSub Parameters JSON;"
15665,JsonDataSetReaderMessageDataType,"https://reference.opcfoundation.org/v105/Core/docs/Part14/6.3.2/#6.3.2.4.3","PubSub Parameters JSON;"
15667,BrokerWriterGroupTransportDataType,"https://reference.opcfoundation.org/v105/Core/docs/Part14/6.4.2/#6.4.2.3.5","PubSub Parameters Broker;"
15669,BrokerDataSetWriterTransportDataType,"https://reference.opcfoundation.org/v105/Core/docs/Part14/6.4.2/#6.4.2.5.7","PubSub Parameters Broker;"
15670,BrokerDataSetReaderTransportDataType,"https://reference.opcfoundation.org/v105/Core/docs/Part14/6.4.2/#6.4.2.6.6","PubSub Parameters Broker;"
15744,TemporaryFileTransferType,"https://reference.opcfoundation.org/v105/Core/docs/Part20/4.4.1","Base Info TemporaryFileTransferType Base;"
15746,GenerateFileForRead,"https://reference.opcfoundation.org/v105/Core/docs/Part20/4.4.3","Base Info TemporaryFileTransferType Base;"
15749,GenerateFileForWrite,"https://reference.opcfoundation.org/v105/Core/docs/Part20/4.4.4","Base Info TemporaryFileTransferType Base;"
15751,CloseAndCommit,"https://reference.opcfoundation.org/v105/Core/docs/Part20/4.4.5","Base Info TemporaryFileTransferType Base;"
15803,FileTransferStateMachineType,"https://reference.opcfoundation.org/v105/Core/docs/Part20/4.4.6","Base Info TemporaryFileTransferType Base;"
15874,OverrideValueHandling,"https://reference.opcfoundation.org/v105/Core/docs/Part14/6.2.10/#6.2.10.2.4","PubSub Parameters SubscribedDataSet;"
15901,SessionlessInvokeRequestType,"https://reference.opcfoundation.org/v105/Core/docs/Part4/6.3.2",""
15904,DataSetFieldFlags,"https://reference.opcfoundation.org/v105/Core/docs/Part14/6.2.3/#6.2.3.2.4","PubSub Parameters Discovery;"
15906,PubSubKeyServiceType,"https://reference.opcfoundation.org/v105/Core/docs/Part14/8.3.1","PubSub Model SKS;"
16307,AudioDataType,"https://reference.opcfoundation.org/v105/Core/docs/Part5/12.2.3/#12.2.3.1","Base Info Audio Type;"
16309,SelectionListType,"https://reference.opcfoundation.org/v105/Core/docs/Part5/7.18","Base Info Selection List;"
16313,AdditionalParametersType,"https://reference.opcfoundation.org/v105/Core/docs/Part4/7.1",""
16348,CreateDirectory,"https://reference.opcfoundation.org/v105/Core/docs/Part20/4.3.3","Base Info FileDirectoryType Base;"
16351,CreateFile,"https://reference.opcfoundation.org/v105/Core/docs/Part20/4.3.4","Base Info FileDirectoryType Base;"
16354,Delete,"https://reference.opcfoundation.org/v105/Core/docs/Part20/4.3.5","Base Info FileDirectoryType Base;"
16356,MoveOrCopy,"https://reference.opcfoundation.org/v105/Core/docs/Part20/4.3.6","Base Info FileDirectoryType Base;"
16361,HasAlarmSuppressionGroup,"https://reference.opcfoundation.org/v105/Core/docs/Part9/5.4.4","A & C Suppression Group;"
16362,AlarmGroupMember,"https://reference.opcfoundation.org/v105/Core/docs/Part9/5.4.5","A & C Suppression Group;A & C First in Group Alarm;"
16402,Silence,"https://reference.opcfoundation.org/v105/Core/docs/Part9/5.8.6","A & C Silencing;"
16403,Suppress,"https://reference.opcfoundation.org/v105/Core/docs/Part9/5.8.7","A & C Suppression by Operator;"
16405,AlarmGroupType,"https://reference.opcfoundation.org/v105/Core/docs/Part9/5.8.3","A & C First in Group Alarm;A & C Suppression Group;"
17080,DiscrepancyAlarmType,"https://reference.opcfoundation.org/v105/Core/docs/Part9/5.8.24","A & C Discrepancy;"
17218,SafetyConditionClassType,"https://reference.opcfoundation.org/v105/Core/docs/Part9/5.9.6","A & C ConditionClasses;"
17219,HighlyManagedAlarmConditionClassType,"https://reference.opcfoundation.org/v105/Core/docs/Part9/5.9.7","A & C ConditionClasses;"
17220,TrainingConditionClassType,"https://reference.opcfoundation.org/v105/Core/docs/Part9/5.9.8","A & C ConditionClasses;"
17221,TestingConditionClassType,"https://reference.opcfoundation.org/v105/Core/docs/Part9/5.9.10","A & C ConditionClasses;"
17225,AuditConditionSuppressionEventType,"https://reference.opcfoundation.org/v105/Core/docs/Part9/5.10.9","A & C Suppression Auditing;"
17242,AuditConditionSilenceEventType,"https://reference.opcfoundation.org/v105/Core/docs/Part9/5.10.10","A & C Silencing Auditing;"
17259,AuditConditionOutOfServiceEventType,"https://reference.opcfoundation.org/v105/Core/docs/Part9/5.10.12","A & C OutOfService Auditing;"
17276,HasEffectDisable,"https://reference.opcfoundation.org/v105/Core/docs/Part9/7.2","A & C StateMachine Trigger;"
17277,AlarmRateVariableType,"https://reference.opcfoundation.org/v105/Core/docs/Part9/8.3","A & C Alarm Metrics;"
17279,AlarmMetricsType,"https://reference.opcfoundation.org/v105/Core/docs/Part9/8.2","A & C Alarm Metrics;"
17421,Reset,"https://reference.opcfoundation.org/v105/Core/docs/Part20/1","Base Info TemporaryFileTransferType Base;"
17467,DatagramConnectionTransportDataType,"https://reference.opcfoundation.org/v105/Core/docs/Part14/6.4.1/#6.4.1.2.2","PubSub Parameters Datagram;"
17496,KeyCredentialConfigurationFolderType,"",""
17497,AnalogUnitType,"https://reference.opcfoundation.org/v105/Core/docs/Part8/5.3.2/#5.3.2.4","Data Access AnalogUnitType;"
17545,RsaEncryptedSecret,"https://reference.opcfoundation.org/v105/Core/docs/Part4/7.41.2/#7.41.2.4",""
17546,EccEncryptedSecret,"https://reference.opcfoundation.org/v105/Core/docs/Part4/7.41.2/#7.41.2.5",""
17548,EphemeralKeyType,"https://reference.opcfoundation.org/v105/Core/docs/Part4/7.15",""
17570,AnalogUnitRangeType,"https://reference.opcfoundation.org/v105/Core/docs/Part8/5.3.2/#5.3.2.5","Data Access AnalogUnitRangeType;"
17588,Index,"https://reference.opcfoundation.org/v105/Core/docs/Part4/7.18",""
17589,DictionaryEntryType,"https://reference.opcfoundation.org/v105/Core/docs/Part19/5.1","Address Space Dictionary Entries;"
17591,DictionaryFolderType,"https://reference.opcfoundation.org/v105/Core/docs/Part19/5.2","Address Space Dictionary Entries;"
17597,HasDictionaryEntry,"https://reference.opcfoundation.org/v105/Core/docs/Part19/6.1","Address Space Dictionary Entries;"
17598,IrdiDictionaryEntryType,"https://reference.opcfoundation.org/v105/Core/docs/Part19/5.3","Address Space Dictionary IRDI;"
17600,UriDictionaryEntryType,"https://reference.opcfoundation.org/v105/Core/docs/Part19/5.4","Address Space Dictionary URI;"
17602,BaseInterfaceType,"https://reference.opcfoundation.org/v105/Core/docs/Part5/6.9","Address Space Interfaces;"
17603,HasInterface,"https://reference.opcfoundation.org/v105/Core/docs/Part5/11.20","Address Space Interfaces;"
17604,HasAddIn,"https://reference.opcfoundation.org/v105/Core/docs/Part5/11.21","Address Space AddIn Reference;"
17606,GenericAttributeValue,"https://reference.opcfoundation.org/v105/Core/docs/Part4/7.24.10",""
17607,GenericAttributes,"https://reference.opcfoundation.org/v105/Core/docs/Part4/7.24.10",""
17641,RoleMappingRuleChangedAuditEventType,"https://reference.opcfoundation.org/v105/Core/docs/Part18/4.5","Security Role Server Base Eventing;"
17708,InterfaceTypes,"https://reference.opcfoundation.org/v105/Core/docs/Part5/8.2.11","Address Space Interfaces;"
17709,RationalNumberType,"https://reference.opcfoundation.org/v105/Core/docs/Part5/7.20","Base Info Rational Number;"
17714,VectorType,"https://reference.opcfoundation.org/v105/Core/docs/Part5/7.21","Base Info Spatial Data;"
17716,3DVectorType,"https://reference.opcfoundation.org/v105/Core/docs/Part5/7.22","Base Info Spatial Data;"
17721,ConnectionTransportType,"https://reference.opcfoundation.org/v105/Core/docs/Part14/9.1.5/#9.1.5.8","PubSub Model Base;"
17725,WriterGroupType,"https://reference.opcfoundation.org/v105/Core/docs/Part14/9.1.6/#9.1.6.3","PubSub Model Base;"
17852,AuthorizationServiceConfigurationType,"",""
17861,DecimalDataType,"",""
17868,Unsuppress,"https://reference.opcfoundation.org/v105/Core/docs/Part9/5.8.9","A & C Suppression by Operator;"
17869,RemoveFromService,"https://reference.opcfoundation.org/v105/Core/docs/Part9/5.8.11","A & C OutOfService;"
17870,PlaceInService,"https://reference.opcfoundation.org/v105/Core/docs/Part9/5.8.13","A & C OutOfService;"
17983,HasEffectEnable,"https://reference.opcfoundation.org/v105/Core/docs/Part9/7.3","A & C Statemachine Trigger;"
17984,HasEffectSuppressed,"https://reference.opcfoundation.org/v105/Core/docs/Part9/7.4","A & C Statemachine Suppression Trigger;"
17985,HasEffectUnsuppressed,"https://reference.opcfoundation.org/v105/Core/docs/Part9/7.5","A & C Statemachine Suppression Trigger;"
17986,AudioVariableType,"https://reference.opcfoundation.org/v105/Core/docs/Part5/7.19","Base Info Audio Type;"
17997,WriterGroupTransportType,"https://reference.opcfoundation.org/v105/Core/docs/Part14/9.1.6/#9.1.6.7","PubSub Model Base;"
17998,WriterGroupMessageType,"https://reference.opcfoundation.org/v105/Core/docs/Part14/9.1.6/#9.1.6.8","PubSub Model Base;"
17999,ReaderGroupType,"https://reference.opcfoundation.org/v105/Core/docs/Part14/9.1.6/#9.1.6.9","PubSub Model Base;"
18001,KeyCredentialConfigurationType,"https://reference.opcfoundation.org/v104/Core/docs/Amendment4/8.5.7",""
18011,KeyCredentialAuditEventType,"",""
18029,KeyCredentialUpdatedAuditEventType,"",""
18047,KeyCredentialDeletedAuditEventType,"",""
18199,Reset,"https://reference.opcfoundation.org/v105/Core/docs/Part9/5.8.4","A & C LatchedState;"
18347,InstrumentDiagnosticAlarmType,"https://reference.opcfoundation.org/v105/Core/docs/Part9/5.8.23/#5.8.23.5","A & C InstrumentDiagnostic;"
18496,SystemDiagnosticAlarmType,"https://reference.opcfoundation.org/v105/Core/docs/Part9/5.8.23/#5.8.23.6","A & C SystemDiagnostic;"
18665,StatisticalConditionClassType,"https://reference.opcfoundation.org/v105/Core/docs/Part9/5.9.9","A & C ConditionClasses;"
18666,Reset,"https://reference.opcfoundation.org/v105/Core/docs/Part9/8.4","A & C Alarm Metrics;"
18772,CartesianCoordinatesType,"https://reference.opcfoundation.org/v105/Core/docs/Part5/7.23","Base Info Spatial Data;"
18774,3DCartesianCoordinatesType,"https://reference.opcfoundation.org/v105/Core/docs/Part5/7.24","Base Info Spatial Data;"
18779,OrientationType,"https://reference.opcfoundation.org/v105/Core/docs/Part5/7.25","Base Info Spatial Data;"
18781,3DOrientationType,"https://reference.opcfoundation.org/v105/Core/docs/Part5/7.26","Base Info Spatial Data;"
18786,FrameType,"https://reference.opcfoundation.org/v105/Core/docs/Part5/7.27","Base Info Spatial Data;"
18791,3DFrameType,"https://reference.opcfoundation.org/v105/Core/docs/Part5/7.28","Base Info Spatial Data;"
18804,HasWriterGroup,"https://reference.opcfoundation.org/v105/Core/docs/Part14/9.1.5/#9.1.5.9","PubSub Model Base;"
18805,HasReaderGroup,"https://reference.opcfoundation.org/v105/Core/docs/Part14/9.1.5/#9.1.5.10","PubSub Model Base;"
18806,RationalNumber,"https://reference.opcfoundation.org/v105/Core/docs/Part5/12.22","Base Info Rational Number;"
18807,Vector,"https://reference.opcfoundation.org/v105/Core/docs/Part5/12.23","Base Info Spatial Data;"
18808,3DVector,"https://reference.opcfoundation.org/v105/Core/docs/Part5/12.24","Base Info Spatial Data;"
18809,CartesianCoordinates,"https://reference.opcfoundation.org/v105/Core/docs/Part5/12.25","Base Info Spatial Data;"
18810,3DCartesianCoordinates,"https://reference.opcfoundation.org/v105/Core/docs/Part5/12.26","Base Info Spatial Data;"
18811,Orientation,"https://reference.opcfoundation.org/v105/Core/docs/Part5/12.27","Base Info Spatial Data;"
18812,3DOrientation,"https://reference.opcfoundation.org/v105/Core/docs/Part5/12.28","Base Info Spatial Data;"
18813,Frame,"https://reference.opcfoundation.org/v105/Core/docs/Part5/12.29","Base Info Spatial Data;"
18814,3DFrame,"https://reference.opcfoundation.org/v105/Core/docs/Part5/12.30","Base Info Spatial Data;"
19077,MultiStateDictionaryEntryDiscreteBaseType,"https://reference.opcfoundation.org/v105/Core/docs/Part19/7.1","Data Access MultiStateDictionaryEntryDBT;Data Access ValueAsDictionaryEntries Property;"
19084,MultiStateDictionaryEntryDiscreteType,"https://reference.opcfoundation.org/v105/Core/docs/Part19/7.2","Data Access MultiStateDictionaryEntryDBT;"
19095,AuditHistoryAnnotationUpdateEventType,"https://reference.opcfoundation.org/v104/Core/docs/Part11/5.6.4",""
19297,TrustListOutOfDateAlarmType,"",""
19677,PubSubDiagnosticsType,"https://reference.opcfoundation.org/v105/Core/docs/Part14/9.1.11/#9.1.11.2","PubSub Model Diagnostics;"
19723,DiagnosticsLevel,"https://reference.opcfoundation.org/v105/Core/docs/Part14/9.1.11/#9.1.11.4",""
19725,PubSubDiagnosticsCounterType,"https://reference.opcfoundation.org/v105/Core/docs/Part14/9.1.11/#9.1.11.5","PubSub Model Diagnostics;"
19730,PubSubDiagnosticsCounterClassification,"https://reference.opcfoundation.org/v105/Core/docs/Part14/9.1.11/#9.1.11.6",""
19732,PubSubDiagnosticsRootType,"https://reference.opcfoundation.org/v105/Core/docs/Part14/9.1.11/#9.1.11.7","PubSub Model Diagnostics;"
19786,PubSubDiagnosticsConnectionType,"https://reference.opcfoundation.org/v105/Core/docs/Part14/9.1.11/#9.1.11.8","PubSub Model Diagnostics;"
19834,PubSubDiagnosticsWriterGroupType,"https://reference.opcfoundation.org/v105/Core/docs/Part14/9.1.11/#9.1.11.9","PubSub Model Diagnostics;"
19903,PubSubDiagnosticsReaderGroupType,"https://reference.opcfoundation.org/v105/Core/docs/Part14/9.1.11/#9.1.11.10","PubSub Model Diagnostics;"
19968,PubSubDiagnosticsDataSetWriterType,"https://reference.opcfoundation.org/v105/Core/docs/Part14/9.1.11/#9.1.11.11","PubSub Model Diagnostics;"
20027,PubSubDiagnosticsDataSetReaderType,"https://reference.opcfoundation.org/v105/Core/docs/Part14/9.1.11/#9.1.11.12","PubSub Model Diagnostics;"
20408,DataSetOrderingType,"https://reference.opcfoundation.org/v105/Core/docs/Part14/6.3.1/#6.3.1.1.3","PubSub Parameters UADP;"
20998,VersionTime,"https://reference.opcfoundation.org/v105/Core/docs/Part5/12.3.16","Base Info ServerType;"
20999,SessionlessInvokeResponseType,"https://reference.opcfoundation.org/v105/Core/docs/Part4/6.3.2",""
21090,ReaderGroupTransportType,"https://reference.opcfoundation.org/v105/Core/docs/Part14/9.1.6/#9.1.6.13","PubSub Model Base;"
21091,ReaderGroupMessageType,"https://reference.opcfoundation.org/v105/Core/docs/Part14/9.1.6/#9.1.6.14","PubSub Model Base;"
21096,DataSetWriterMessageType,"https://reference.opcfoundation.org/v105/Core/docs/Part14/9.1.7/#9.1.7.4","PubSub Model Base;"
21104,DataSetReaderMessageType,"https://reference.opcfoundation.org/v105/Core/docs/Part14/9.1.8/#9.1.8.4","PubSub Model Base;"
21105,UadpWriterGroupMessageType,"https://reference.opcfoundation.org/v105/Core/docs/Part14/9.2.1/#9.2.1.1","PubSub Model UADP;"
21111,UadpDataSetWriterMessageType,"https://reference.opcfoundation.org/v105/Core/docs/Part14/9.2.1/#9.2.1.2","PubSub Model UADP;"
21116,UadpDataSetReaderMessageType,"https://reference.opcfoundation.org/v105/Core/docs/Part14/9.2.1/#9.2.1.3","PubSub Model UADP;"
21126,JsonWriterGroupMessageType,"https://reference.opcfoundation.org/v105/Core/docs/Part14/9.2.2/#9.2.2.1","PubSub Model JSON;"
21128,JsonDataSetWriterMessageType,"https://reference.opcfoundation.org/v105/Core/docs/Part14/9.2.2/#9.2.2.2","PubSub Model JSON;"
21130,JsonDataSetReaderMessageType,"https://reference.opcfoundation.org/v105/Core/docs/Part14/9.2.2/#9.2.2.3","PubSub Model JSON;"
21133,DatagramWriterGroupTransportType,"https://reference.opcfoundation.org/v105/Core/docs/Part14/9.3.1/#9.3.1.2","PubSub Model Datagram;"
21136,BrokerWriterGroupTransportType,"https://reference.opcfoundation.org/v105/Core/docs/Part14/9.3.2/#9.3.2.2","PubSub Model Broker;"
21138,BrokerDataSetWriterTransportType,"https://reference.opcfoundation.org/v105/Core/docs/Part14/9.3.2/#9.3.2.3","PubSub Model Broker;"
21142,BrokerDataSetReaderTransportType,"https://reference.opcfoundation.org/v105/Core/docs/Part14/9.3.2/#9.3.2.4","PubSub Model Broker;"
21145,NetworkAddressType,"https://reference.opcfoundation.org/v105/Core/docs/Part14/9.1.5/#9.1.5.6","PubSub Model Base;"
21147,NetworkAddressUrlType,"https://reference.opcfoundation.org/v105/Core/docs/Part14/9.1.5/#9.1.5.7","PubSub Model Base;"
23455,AliasNameType,"https://reference.opcfoundation.org/v105/Core/docs/Part17/6.2","AliasName Base;"
23456,AliasNameCategoryType,"https://reference.opcfoundation.org/v105/Core/docs/Part17/6.3.1","AliasName Base;"
23468,AliasNameDataType,"https://reference.opcfoundation.org/v105/Core/docs/Part17/7.2","AliasName Base;"
23469,AliasFor,"https://reference.opcfoundation.org/v105/Core/docs/Part17/8.2","AliasName Base;"
23497,ReadAnnotationDataDetails,"https://reference.opcfoundation.org/v104/Core/docs/Part11/6.4.6/#6.4.6.1",""
23498,CurrencyUnitType,"https://reference.opcfoundation.org/v105/Core/docs/Part5/12.2.12/#12.2.12.2","Base Info Currency;"
23513,IOrderedObjectType,"https://reference.opcfoundation.org/v105/Core/docs/Part5/6.11","Base Info OrderedList;"
23518,OrderedListType,"https://reference.opcfoundation.org/v105/Core/docs/Part5/6.10","Base Info OrderedList;"
23537,EccApplicationCertificateType,"https://reference.opcfoundation.org/v104/Core/docs/Amendment4/8.5.7",""
23538,EccNistP256ApplicationCertificateType,"https://reference.opcfoundation.org/v104/Core/docs/Amendment4/8.5.7",""
23539,EccNistP384ApplicationCertificateType,"https://reference.opcfoundation.org/v104/Core/docs/Amendment4/8.5.7",""
23540,EccBrainpoolP256r1ApplicationCertificateType,"https://reference.opcfoundation.org/v104/Core/docs/Amendment4/8.5.7",""
23541,EccBrainpoolP384r1ApplicationCertificateType,"https://reference.opcfoundation.org/v104/Core/docs/Amendment4/8.5.7",""
23542,EccCurve25519ApplicationCertificateType,"https://reference.opcfoundation.org/v104/Core/docs/Amendment4/8.5.7",""
23543,EccCurve448ApplicationCertificateType,"https://reference.opcfoundation.org/v104/Core/docs/Amendment4/8.5.7",""
23556,AuthorizationServicesConfigurationFolderType,"",""
23562,IsDeprecated,"https://reference.opcfoundation.org/v105/Core/docs/Part5/11.22","Base Info Deprecated Information;"
23599,StandaloneSubscribedDataSetRefDataType,"https://reference.opcfoundation.org/v105/Core/docs/Part14/6.2.10/#6.2.10.4","PubSub Parameters SubscribedDataSet Standalone;"
23600,StandaloneSubscribedDataSetDataType,"https://reference.opcfoundation.org/v105/Core/docs/Part14/6.2.10/#6.2.10.5","PubSub Parameters SubscribedDataSet Standalone;"
23601,SecurityGroupDataType,"https://reference.opcfoundation.org/v105/Core/docs/Part14/6.2.12/#6.2.12.2","PubSub Parameters Configuration2;"
23602,PubSubConfiguration2DataType,"https://reference.opcfoundation.org/v105/Core/docs/Part14/6.2.12/#6.2.12.4","PubSub Parameters Configuration2;"
23603,QosDataType,"https://reference.opcfoundation.org/v105/Core/docs/Part14/6.4.1/#6.4.1.1.2","PubSub Parameters QoS;"
23604,TransmitQosDataType,"https://reference.opcfoundation.org/v105/Core/docs/Part14/6.4.1/#6.4.1.1.3","PubSub Parameters QoS;"
23605,TransmitQosPriorityDataType,"https://reference.opcfoundation.org/v105/Core/docs/Part14/6.4.1/#6.4.1.1.4.2","PubSub Parameters QoS;"
23606,AuditClientEventType,"https://reference.opcfoundation.org/v105/Core/docs/Part5/6.4.36","Base Info Client Events;"
23608,ReceiveQosDataType,"https://reference.opcfoundation.org/v105/Core/docs/Part14/6.4.1/#6.4.1.1.5","PubSub Parameters QoS;"
23609,ReceiveQosPriorityDataType,"https://reference.opcfoundation.org/v105/Core/docs/Part14/6.4.1/#6.4.1.1.6.2","PubSub Parameters QoS;"
23612,DatagramConnectionTransport2DataType,"https://reference.opcfoundation.org/v105/Core/docs/Part14/6.4.1/#6.4.1.2.7","PubSub Parameters Datagram;"
23613,DatagramWriterGroupTransport2DataType,"https://reference.opcfoundation.org/v105/Core/docs/Part14/6.4.1/#6.4.1.3.9","PubSub Parameters Datagram;"
23614,DatagramDataSetReaderTransportDataType,"https://reference.opcfoundation.org/v105/Core/docs/Part14/6.4.1/#6.4.1.6.5","PubSub Parameters Datagram;"
23649,DataSetClasses,"https://reference.opcfoundation.org/v105/Core/docs/Part14/9.1.3/#9.1.3.2",""
23751,UriString,"https://reference.opcfoundation.org/v105/Core/docs/Part5/12.39","Base Info UriString;"
23795,SubscribedDataSetFolderType,"https://reference.opcfoundation.org/v105/Core/docs/Part14/9.1.9/#9.1.9.4.1","PubSub Model SubscribedDataSet Standalone;"
23828,StandaloneSubscribedDataSetType,"https://reference.opcfoundation.org/v105/Core/docs/Part14/9.1.9/#9.1.9.5","PubSub Model SubscribedDataSet Standalone;"
23832,PubSubCapabilitiesType,"https://reference.opcfoundation.org/v105/Core/docs/Part14/9.1.12","PubSub Model Base;"
23926,AuditClientUpdateMethodResultEventType,"https://reference.opcfoundation.org/v105/Core/docs/Part5/6.4.37","Base Info Client Events;"
24016,DatagramDataSetReaderTransportType,"https://reference.opcfoundation.org/v105/Core/docs/Part14/9.3.1/#9.3.1.4","PubSub Model Datagram;"
24033,ProgramDiagnostic2DataType,"https://reference.opcfoundation.org/v105/Core/docs/Part10/5.2.8","Program Basic;"
24105,PortableQualifiedName,"https://reference.opcfoundation.org/v105/Core/docs/Part5/12.37","Base Info Portable IDs;"
24106,PortableNodeId,"https://reference.opcfoundation.org/v105/Core/docs/Part5/12.38","Base Info Portable IDs;"
24107,UnsignedRationalNumber,"https://reference.opcfoundation.org/v105/Core/docs/Part5/12.40","Base Info Rational Number;"
24136,HasStructuredComponent,"https://reference.opcfoundation.org/v105/Core/docs/Part5/11.23","Base Info Subvariables of Structures;"
24137,AssociatedWith,"https://reference.opcfoundation.org/v105/Core/docs/Part5/11.24","Base Info AssociatedWith;"
24148,IIetfBaseNetworkInterfaceType,"https://reference.opcfoundation.org/v105/Core/docs/Part22/5.2.1","BNM Ethernet Base Info;"
24158,IIeeeBaseEthernetPortType,"https://reference.opcfoundation.org/v105/Core/docs/Part22/5.2.2","BNM Ethernet Base Info;"
24167,IBaseEthernetCapabilitiesType,"https://reference.opcfoundation.org/v105/Core/docs/Part22/5.2.4","BNM VLAN Capabilities;"
24169,ISrClassType,"https://reference.opcfoundation.org/v105/Core/docs/Part22/5.2.6","BNM TSN Base Info;"
24173,IIeeeBaseTsnStreamType,"https://reference.opcfoundation.org/v105/Core/docs/Part22/5.2.7","BNM TSN Base Info;"
24179,IIeeeBaseTsnTrafficSpecificationType,"https://reference.opcfoundation.org/v105/Core/docs/Part22/5.2.8","BNM TSN Config;"
24183,IIeeeBaseTsnStatusStreamType,"https://reference.opcfoundation.org/v105/Core/docs/Part22/5.2.9","BNM TSN Base Info;"
24188,IIeeeTsnInterfaceConfigurationType,"https://reference.opcfoundation.org/v105/Core/docs/Part22/5.2.10","BNM TSN Config;"
24191,IIeeeTsnInterfaceConfigurationTalkerType,"https://reference.opcfoundation.org/v105/Core/docs/Part22/5.2.11","BNM TSN Config;"
24195,IIeeeTsnInterfaceConfigurationListenerType,"https://reference.opcfoundation.org/v105/Core/docs/Part22/5.2.12","BNM TSN Config;"
24199,IIeeeTsnMacAddressType,"https://reference.opcfoundation.org/v105/Core/docs/Part22/5.2.13","BNM TSN Config;"
24202,IIeeeTsnVlanTagType,"https://reference.opcfoundation.org/v105/Core/docs/Part22/5.2.14","BNM TSN Config;"
24205,IPriorityMappingEntryType,"https://reference.opcfoundation.org/v105/Core/docs/Part22/5.2.15","BNM Priority Mapping;"
24210,Duplex,"https://reference.opcfoundation.org/v105/Core/docs/Part22/5.3.1/#5.3.1.1","BNM Ethernet Base Info;"
24212,InterfaceAdminStatus,"https://reference.opcfoundation.org/v105/Core/docs/Part22/5.3.1/#5.3.1.2","BNM Ethernet Base Info;"
24214,InterfaceOperStatus,"https://reference.opcfoundation.org/v105/Core/docs/Part22/5.3.1/#5.3.1.3","BNM Ethernet Base Info;"
24216,NegotiationStatus,"https://reference.opcfoundation.org/v105/Core/docs/Part22/5.3.1/#5.3.1.4","BNM AutoNeg;"
24218,TsnFailureCode,"https://reference.opcfoundation.org/v105/Core/docs/Part22/5.3.1/#5.3.1.5","BNM TSN Base Info;"
24220,TsnStreamState,"https://reference.opcfoundation.org/v105/Core/docs/Part22/5.3.1/#5.3.1.6","BNM TSN Base Info;"
24222,TsnTalkerStatus,"https://reference.opcfoundation.org/v105/Core/docs/Part22/5.3.1/#5.3.1.7","BNM TSN Base Info;"
24224,TsnListenerStatus,"https://reference.opcfoundation.org/v105/Core/docs/Part22/5.3.1/#5.3.1.8","BNM TSN Base Info;"
24226,Resources,"https://reference.opcfoundation.org/v105/Core/docs/Part22/5.4.1","BNM Entry Points;"
24227,Communication,"https://reference.opcfoundation.org/v105/Core/docs/Part22/5.4.2","BNM Entry Points;"
24228,MappingTables,"https://reference.opcfoundation.org/v105/Core/docs/Part22/5.4.3","BNM Mapping Entry Points;"
24229,NetworkInterfaces,"https://reference.opcfoundation.org/v105/Core/docs/Part22/5.4.4","BNM Entry Points;"
24230,Streams,"https://reference.opcfoundation.org/v105/Core/docs/Part22/5.4.5","BNM TSN Entry Points;"
24231,TalkerStreams,"https://reference.opcfoundation.org/v105/Core/docs/Part22/5.4.6","BNM TSN Entry Points;"
24232,ListenerStreams,"https://reference.opcfoundation.org/v105/Core/docs/Part22/5.4.7","BNM TSN Entry Points;"
24233,IIeeeAutoNegotiationStatusType,"https://reference.opcfoundation.org/v105/Core/docs/Part22/5.2.3","BNM AutoNeg;"
24263,SemanticVersionString,"https://reference.opcfoundation.org/v105/Core/docs/Part5/12.41","Base Info SemanticVersionString;"
24264,UserManagementType,"https://reference.opcfoundation.org/v105/Core/docs/Part18/5.2.1","Security User Management Server;"
24277,PasswordOptionsMask,"https://reference.opcfoundation.org/v105/Core/docs/Part18/5.2.2","Security User Management Server;"
24279,UserConfigurationMask,"https://reference.opcfoundation.org/v105/Core/docs/Part18/5.2.3","Security User Management Server;"
24281,UserManagementDataType,"https://reference.opcfoundation.org/v105/Core/docs/Part18/5.2.4","Security User Management Server;"
24290,UserManagement,"https://reference.opcfoundation.org/v105/Core/docs/Part18/1","Security User Management Server;"
24312,Respond2,"https://reference.opcfoundation.org/v105/Core/docs/Part9/5.6.4","A & C Dialog;"
24316,Suppress2,"https://reference.opcfoundation.org/v105/Core/docs/Part9/5.8.8","A & C Suppression2 by Operator;"
24318,Unsuppress2,"https://reference.opcfoundation.org/v105/Core/docs/Part9/5.8.10","A & C Suppression2 by Operator;"
24320,RemoveFromService2,"https://reference.opcfoundation.org/v105/Core/docs/Part9/5.8.12","A & C OutOfService 2;"
24322,PlaceInService2,"https://reference.opcfoundation.org/v105/Core/docs/Part9/5.8.14","A & C Out Of Service2;"
24324,Reset2,"https://reference.opcfoundation.org/v105/Core/docs/Part9/5.8.5","A & C LatchedState;"
24744,GetGroupMemberships,"https://reference.opcfoundation.org/v105/Core/docs/Part9/5.8.15","A & C GetGroupMemberships;"
24756,TimedShelve2,"https://reference.opcfoundation.org/v105/Core/docs/Part9/5.8.16/#5.8.16.5","A & C Shelving2;"
24758,Unshelve2,"https://reference.opcfoundation.org/v105/Core/docs/Part9/5.8.16/#5.8.16.3","A & C Shelving2;"
24760,OneShotShelve2,"https://reference.opcfoundation.org/v105/Core/docs/Part9/5.8.16/#5.8.16.7","A & C Shelving2;"
25218,IVlanIdType,"https://reference.opcfoundation.org/v105/Core/docs/Part22/5.2.5","BNM IETF Interface Vlan Info;"
25220,PriorityMappingEntryType,"https://reference.opcfoundation.org/v105/Core/docs/Part22/5.3.2/#5.3.2.1","BNM Priority Mapping 2;"
25221,IetfBaseNetworkInterfaceType,"https://reference.opcfoundation.org/v105/Core/docs/Part22/5.5.1/#5.5.1.2","BNM IETF Interface Base Info;"
25227,PriorityMappingTableType,"https://reference.opcfoundation.org/v105/Core/docs/Part22/5.5.2/#5.5.2.2","BNM Priority Mapping 2;"
25229,AddPriorityMappingEntry,"https://reference.opcfoundation.org/v105/Core/docs/Part22/5.5.2/#5.5.2.3",""
25231,DeletePriorityMappingEntry,"https://reference.opcfoundation.org/v105/Core/docs/Part22/5.5.2/#5.5.2.4",""
25237,UsesPriorityMappingTable,"https://reference.opcfoundation.org/v105/Core/docs/Part22/5.6.1","BNM Priority Mapping 2;"
25238,HasLowerLayerInterface,"https://reference.opcfoundation.org/v105/Core/docs/Part22/5.6.2","BNM IETF Interface Base Info;"
25253,IsExecutableOn,"https://reference.opcfoundation.org/v105/Core/docs/Part23/4.2.2","Base Info IsExecutableOn;"
25254,Controls,"https://reference.opcfoundation.org/v105/Core/docs/Part23/4.4.2","Base Info Controls;"
25255,Utilizes,"https://reference.opcfoundation.org/v105/Core/docs/Part23/4.5.2","Base Info Utilizes;"
25256,Requires,"https://reference.opcfoundation.org/v105/Core/docs/Part23/4.6.2","Base Info Requires;"
25257,IsPhysicallyConnectedTo,"https://reference.opcfoundation.org/v105/Core/docs/Part23/4.7.2","Base Info IsPhysicallyConnectedTo;"
25258,RepresentsSameEntityAs,"https://reference.opcfoundation.org/v105/Core/docs/Part23/4.8.2","Base Info RepresentsSameEntityAs;"
25259,RepresentsSameHardwareAs,"https://reference.opcfoundation.org/v105/Core/docs/Part23/4.9.2","Base Info RepresentsSameHardwareAs;"
25260,RepresentsSameFunctionalityAs,"https://reference.opcfoundation.org/v105/Core/docs/Part23/4.10.2","Base Info RepresentsSameFunctionalityAs;"
25261,IsHostedBy,"https://reference.opcfoundation.org/v105/Core/docs/Part23/4.11.2","Base Info IsHostedBy;"
25262,HasPhysicalComponent,"https://reference.opcfoundation.org/v105/Core/docs/Part23/4.12.2","Base Info HasPhysicalComponent;"
25263,HasContainedComponent,"https://reference.opcfoundation.org/v105/Core/docs/Part23/4.13.2","Base Info HasContainedComponent;"
25264,HasAttachedComponent,"https://reference.opcfoundation.org/v105/Core/docs/Part23/1","Base Info HasAttachedComponent;"
25265,IsExecutingOn,"https://reference.opcfoundation.org/v105/Core/docs/Part23/4.3.2","Base Info IsExecutingOn;"
25269,PublishedDataSetCustomSourceDataType,"https://reference.opcfoundation.org/v105/Core/docs/Part14/6.2.3/#6.2.3.9.2","PubSub Parameters PublishedDataSet Custom;"
25270,PubSubKeyPushTargetDataType,"https://reference.opcfoundation.org/v105/Core/docs/Part14/6.2.12/#6.2.12.3","PubSub Parameters Configuration2;"
25337,PubSubKeyPushTargetType,"https://reference.opcfoundation.org/v105/Core/docs/Part14/8.6.1","PubSub Model SKS Push;"
25345,HasPushedSecurityGroup,"https://reference.opcfoundation.org/v105/Core/docs/Part14/8.6.6","PubSub Model SKS Push;"
25346,PubSubKeyPushTargetFolderType,"https://reference.opcfoundation.org/v105/Core/docs/Part14/8.7.1","PubSub Model SKS Push;"
25482,PubSubConfigurationType,"https://reference.opcfoundation.org/v105/Core/docs/Part14/9.1.3/#9.1.3.7.1","PubSub Model Base;"
25517,PubSubConfigurationRefMask,"https://reference.opcfoundation.org/v105/Core/docs/Part14/9.1.3/#9.1.3.7.2","PubSub Model Base;"
25519,PubSubConfigurationRefDataType,"https://reference.opcfoundation.org/v105/Core/docs/Part14/9.1.3/#9.1.3.7.3","PubSub Model Base;"
25520,PubSubConfigurationValueDataType,"https://reference.opcfoundation.org/v105/Core/docs/Part14/9.1.3/#9.1.3.7.4","PubSub Model Base;"
