UNECECode,UnitId,DisplayName,Description
C81,4405297,"rad","radian"
C25,4403765,"mrad","milliradian"
B97,4340023,"µrad","microradian"
DD,17476,"°","degree [unit of angle]"
D61,4470321,"'","minute [unit of angle]"
D62,4470322,"""","second [unit of angle]"
A91,4274481,"gon","gon"
M43,5059635,"mil","mil"
M44,5059636,"rev","revolution"
D27,4469303,"sr","steradian"
H57,4732215,"in/revolution","inch per two pi radiant"
MTR,5067858,"m","metre"
E96,4536630,"°/s","degree per second"
H27,4731447,"°/m","degree per metre"
M55,5059893,"m/rad","metre per radiant"
DMT,4476244,"dm","decimetre"
CMT,4410708,"cm","centimetre"
4H,13384,"µm","micrometre (micron)"
MMT,5066068,"mm","millimetre"
HMT,4738388,"hm","hectometre"
KMT,4934996,"km","kilometre"
C45,4404277,"nm","nanometre"
C52,4404530,"pm","picometre"
A71,4273969,"fm","femtometre"
A45,4273205,"dam","decametre"
NMI,5131593,"n mile","nautical mile"
A11,4272433,"Å","angstrom"
A12,4272434,"ua","astronomical unit"
C63,4404787,"pc","parsec"
F52,4601138,"m/K","metre per kelvin"
F50,4601136,"µm/K","micrometre per kelvin"
F51,4601137,"cm/K","centimetre per kelvin"
G06,4665398,"mm/bar","millimetre per bar"
H84,4732980,"g·mm","gram millimetre"
G04,4665396,"cm/bar","centimetre per bar"
G05,4665397,"m/bar","metre per bar"
H79,4732729,"Fg","French gauge"
AK,16715,"fth","fathom"
X1,22577,"ch (UK)","Gunter's chain"
INH,4804168,"in","inch"
M7,19767,"µin","micro-inch"
FOT,4607828,"ft","foot"
YRD,5853764,"yd","yard"
SMI,5459273,"mile","mile (statute mile)"
77,14135,"mil","milli-inch"
B57,4338999,"ly","light year"
F49,4600889,"rd (US)","rod [unit of distance]"
MAM,5062989,"Mm","megametre"
K13,4927795,"ft/°F","foot per degree Fahrenheit"
K17,4927799,"ft/psi","foot per psi"
K45,4928565,"in/°F","inch per degree Fahrenheit"
K46,4928566,"in/psi","inch per psi"
L98,4995384,"yd/°F","yard per degree Fahrenheit"
L99,4995385,"yd/psi","yard per psi"
M49,5059641,"ch (US survey)","chain (based on U.S. survey foot)"
M50,5059888,"fur","furlong"
M51,5059889,"ft (US survey)","foot (U.S. survey)"
M52,5059890,"mi (US survey)","mile (based on U.S. survey foot)"
M53,5059891,"m/Pa","metre per pascal"
MTK,5067851,"m²","square metre"
KMK,4934987,"km²","square kilometre"
H30,4731696,"µm²","square micrometre (square micron)"
H59,4732217,"m²/N","square metre per newton"
DAA,4473153,"daa","decare"
CMK,4410699,"cm²","square centimetre"
DMK,4476235,"dm²","square decimetre"
H16,4731190,"dam²","square decametre"
H18,4731192,"hm²","square hectometre"
MMK,5066059,"mm²","square millimetre"
ARE,4280901,"a","are"
HAR,4735314,"ha","hectare"
INK,4804171,"in²","square inch"
FTK,4609099,"ft²","square foot"
YDK,5850187,"yd²","square yard"
MIK,5065035,"mi²","square mile (statute mile)"
M48,5059640,"mi² (US survey)","square mile (based on U.S. survey foot)"
ACR,4277074,"acre","acre"
M47,5059639,"cmil","circular mil"
MTQ,5067857,"m³","cubic metre"
MAL,5062988,"Ml","megalitre"
LTR,5002322,"l","litre"
MMQ,5066065,"mm³","cubic millimetre"
CMQ,4410705,"cm³","cubic centimetre"
DMQ,4476241,"dm³","cubic decimetre"
MLT,5065812,"ml","millilitre"
HLT,4738132,"hl","hectolitre"
CLT,4410452,"cl","centilitre"
DMA,4476225,"dam³","cubic decametre"
H19,4731193,"hm³","cubic hectometre"
H20,4731440,"km³","cubic kilometre"
M71,5060401,"m³/Pa","cubic metre per pascal"
DLT,4475988,"dl","decilitre"
4G,13383,"µl","microlitre"
K6,19254,"kl","kilolitre"
A44,4273204,"dal","decalitre"
G94,4667700,"cm³/bar","cubic centimetre per bar"
G95,4667701,"l/bar","litre per bar"
G96,4667702,"m³/bar","cubic metre per bar"
G97,4667703,"ml/bar","millilitre per bar"
INQ,4804177,"in³","cubic inch"
FTQ,4609105,"ft³","cubic foot"
YDQ,5850193,"yd³","cubic yard"
GLI,4672585,"gal (UK)","gallon (UK)"
GLL,4672588,"gal (US)","gallon (US)"
PT,20564,"pt (US)","pint (US)"
PTI,5264457,"pt (UK)","pint (UK)"
QTI,5329993,"qt (UK)","quart (UK)"
PTL,5264460,"liq pt (US)","liquid pint (US)"
QTL,5329996,"liq qt (US)","liquid quart (US)"
PTD,5264452,"dry pt (US)","dry pint (US)"
OZI,5200457,"fl oz (UK)","fluid ounce (UK)"
QT,20820,"qt (US)","quart (US)"
J57,4863287,"bbl (UK liq.)","barrel (UK petroleum)"
K21,4928049,"ft³/°F","cubic foot per degree Fahrenheit"
K23,4928051,"ft³/psi","cubic foot per psi"
L43,4994099,"pk (UK)","peck (UK)"
L84,4995124,"British shipping ton","ton (UK shipping)"
L86,4995126,"(US) shipping ton","ton (US shipping)"
M11,5058865,"yd³/°F","cubic yard per degree Fahrenheit"
M14,5058868,"yd³/psi","cubic yard per psi"
OZA,5200449,"fl oz (US)","fluid ounce (US)"
BUI,4347209,"bushel (UK)","bushel (UK)"
BUA,4347201,"bu (US)","bushel (US)"
BLL,4344908,"barrel (US)","barrel (US)"
BLD,4344900,"bbl (US)","dry barrel (US)"
GLD,4672580,"dry gal (US)","dry gallon (US)"
QTD,5329988,"dry qt (US)","dry quart (US)"
G26,4665910,"st","stere"
G21,4665905,"cup (US)","cup [unit of volume]"
G24,4665908,"tablespoon (US)","tablespoon (US)"
G25,4665909,"teaspoon (US)","teaspoon (US)"
G23,4665907,"pk (US)","peck"
M67,5060151,"acre-ft (US survey)","acre-foot (based on U.S. survey foot)"
M68,5060152,"cord","cord (128 ft3)"
M69,5060153,"mi³","cubic mile (UK statute)"
M70,5060400,"RT","ton, register"
G27,4665911,"cm³/K","cubic centimetre per kelvin"
G29,4665913,"m³/K","cubic metre per kelvin"
G28,4665912,"l/K","litre per kelvin"
G30,4666160,"ml/K","millilitre per kelvin"
J36,4862774,"µl/l","microlitre per litre"
J87,4864055,"cm³/m³","cubic centimetre per cubic metre"
J91,4864305,"dm³/m³","cubic decimetre per cubic metre"
K62,4929074,"l/l","litre per litre"
L19,4993337,"ml/l","millilitre per litre"
L21,4993585,"mm³/m³","cubic millimetre per cubic metre"
SEC,5457219,"s","second [unit of time]"
MIN,5065038,"min","minute [unit of time]"
HUR,4740434,"h","hour"
DAY,4473177,"d","day"
B52,4338994,"ks","kilosecond"
C26,4403766,"ms","millisecond"
H70,4732720,"ps","picosecond"
B98,4340024,"µs","microsecond"
C47,4404279,"ns","nanosecond"
WEE,5719365,"wk","week"
MON,5066574,"mo","month"
ANN,4279886,"y","year"
D42,4469810,"y (tropical)","tropical year"
L95,4995381,"y (365 days)","common year"
L96,4995382,"y (sidereal)","sidereal year"
M56,5059894,"shake","shake"
2A,12865,"rad/s","radian per second"
M46,5059638,"r/min","revolution per minute"
2B,12866,"rad/s²","radian per second squared"
M45,5059637,"°/s²","degree [unit of angle] per second squared"
MTS,5067859,"m/s","metre per second"
KNT,4935252,"kn","knot"
KMH,4934984,"km/h","kilometre per hour"
C16,4403510,"mm/s","millimetre per second"
2M,12877,"cm/s","centimetre per second"
H49,4731961,"cm/h","centimetre per hour"
H81,4732977,"mm/min","millimetre per minute"
2X,12888,"m/min","metre per minute"
M59,5059897,"(m/s)/Pa","metre per second pascal"
H66,4732470,"mm/y","millimetre per year"
H67,4732471,"mm/h","millimetre per hour"
FR,18002,"ft/min","foot per minute"
IU,18773,"in/s","inch per second"
FS,18003,"ft/s","foot per second"
HM,18509,"mile/h","mile per hour (statute mile)"
J84,4864052,"(cm/s)/K","centimetre per second kelvin"
J85,4864053,"(cm/s)/bar","centimetre per second bar"
K14,4927796,"ft/h","foot per hour"
K18,4927800,"(ft/s)/°F","foot per second degree Fahrenheit"
K19,4927801,"(ft/s)/psi","foot per second psi"
K47,4928567,"(in/s)/°F","inch per second degree Fahrenheit"
K48,4928568,"(in/s)/psi","inch per second psi"
L12,4993330,"(m/s)/K","metre per second kelvin"
L13,4993331,"(m/s)/bar","metre per second bar"
M22,5059122,"(ml/min)/cm²","millilitre per square centimetre minute"
M57,5059895,"mi/min","mile per minute"
M58,5059896,"mi/s","mile per second"
M60,5060144,"m/h","metre per hour"
M61,5060145,"in/y","inch per year"
M62,5060146,"km/s","kilometre per second"
M63,5060147,"in/min","inch per minute"
M64,5060148,"yd/s","yard per second"
M65,5060149,"yd/min","yard per minute"
M66,5060150,"yd/h","yard per hour"
MSK,5067595,"m/s²","metre per second squared"
A76,4273974,"Gal","gal"
C11,4403505,"mGal","milligal"
M38,5059384,"km/s²","kilometre per second squared"
M39,5059385,"cm/s²","centimetre per second squared"
M41,5059633,"mm/s²","millimetre per second squared"
A73,4273971,"ft/s²","foot per second squared"
IV,18774,"in/s²","inch per second squared"
K40,4928560,"gn","standard acceleration of free fall"
M40,5059632,"yd/s²","yard per second squared"
M42,5059634,"mi/s²","mile (statute mile) per second squared"
C92,4405554,"m⁻¹","reciprocal metre"
Q32,5321522,"fl","femtolitre"
Q33,5321523,"pl","picolitre"
Q34,5321524,"nl","nanolitre"
AWG,4282183,"AWG","american wire gauge"
HTZ,4740186,"Hz","hertz"
KHZ,4933722,"kHz","kilohertz"
MHZ,5064794,"MHz","megahertz"
D29,4469305,"THz","terahertz"
A86,4274230,"GHz","gigahertz"
H10,4731184,"1/h","reciprocal hour"
H11,4731185,"1/mo","reciprocal month"
H09,4730937,"1/y","reciprocal year"
H85,4732981,"1/wk","reciprocal week"
C97,4405559,"s⁻¹","reciprocal second"
RPS,5394515,"r/s","revolutions per second"
RPM,5394509,"r/min","revolutions per minute"
C94,4405556,"min⁻¹","reciprocal minute"
C50,4404528,"Np","neper"
2N,12878,"dB","decibel"
M72,5060402,"B","bel"
C51,4404529,"Np/s","neper per second"
KGM,4933453,"kg","kilogram"
MC,19779,"µg","microgram"
DJ,17482,"dag","decagram"
DG,17479,"dg","decigram"
GRM,4674125,"g","gram"
CGM,4409165,"cg","centigram"
TNE,5525061,"t","tonne (metric ton)"
DTN,4478030,"dt or dtn","decitonne"
MGM,5064525,"mg","milligram"
HGM,4736845,"hg","hectogram"
KTN,4936782,"kt","kilotonne"
2U,12885,"Mg","megagram"
LBR,4997714,"lb","pound"
GRN,4674126,"gr","grain"
ONZ,5197402,"oz","ounce (avoirdupois)"
CWI,4413257,"cwt (UK)","hundred weight (UK)"
CWA,4413249,"cwt (US)","hundred pound (cwt) / hundred weight (US)"
LTN,5002318,"ton (UK)","ton (UK) or long ton (US)"
STI,5461065,"st","stone (UK)"
STN,5461070,"ton (US)","ton (US) or short ton (UK/US)"
APZ,4280410,"tr oz","troy ounce or apothecary ounce"
F13,4600115,"slug","slug"
K64,4929076,"lb/°F","pound (avoirdupois) per degree Fahrenheit"
L69,4994617,"t/K","tonne per kelvin"
L87,4995127,"ton (US)/°F","ton short per degree Fahrenheit"
M86,5060662,"pfd","pfund"
KMQ,4934993,"kg/m³","kilogram per cubic metre"
23,12851,"g/cm³","gram per cubic centimetre"
D41,4469809,"t/m³","tonne per cubic metre"
GJ,18250,"g/ml","gram per millilitre"
B35,4338485,"kg/l or kg/L","kilogram per litre"
GL,18252,"g/l","gram per litre"
A93,4274483,"g/m³","gram per cubic metre"
GP,18256,"mg/m³","milligram per cubic metre"
B72,4339506,"Mg/m³","megagram per cubic metre"
B34,4338484,"kg/dm³","kilogram per cubic decimetre"
H64,4732468,"mg/g","milligram per gram"
H29,4731449,"µg/l","microgram per litre"
M1,19761,"mg/l","milligram per litre"
GQ,18257,"µg/m³","microgram per cubic metre"
G11,4665649,"g/(cm³·bar)","gram per cubic centimetre bar"
G33,4666163,"g/(cm³·K)","gram per cubic centimetre kelvin"
F23,4600371,"g/dm³","gram per cubic decimetre"
G12,4665650,"g/(dm³·bar)","gram per cubic decimetre bar"
G34,4666164,"g/(dm³·K)","gram per cubic decimetre kelvin"
G14,4665652,"g/(m³·bar)","gram per cubic metre bar"
G36,4666166,"g/(m³·K)","gram per cubic metre kelvin"
G13,4665651,"g/(l·bar)","gram per litre bar"
G35,4666165,"g/(l·K)","gram per litre kelvin"
G15,4665653,"g/(ml·bar)","gram per millilitre bar"
G37,4666167,"g/(ml·K)","gram per millilitre kelvin"
G31,4666161,"kg/cm³","kilogram per cubic centimetre"
G16,4665654,"kg/(cm³·bar)","kilogram per cubic centimetre bar"
G38,4666168,"kg/(cm³·K)","kilogram per cubic centimetre kelvin"
G18,4665656,"kg/(m³·bar)","kilogram per cubic metre bar"
G40,4666416,"kg/(m³·K)","kilogram per cubic metre kelvin"
H54,4732212,"(kg/dm³)/K","kilogram per cubic decimetre kelvin"
H55,4732213,"(kg/dm³)/bar","kilogram per cubic decimetre bar"
F14,4600116,"g/K","gram per kelvin"
F15,4600117,"kg/K","kilogram per kelvin"
F24,4600372,"kg/kmol","kilogram per kilomol"
G17,4665655,"kg/(l·bar)","kilogram per litre bar"
G39,4666169,"kg/(l·K)","kilogram per litre kelvin"
H53,4732211,"kg/bar","kilogram per bar"
F18,4600120,"kg·cm²","kilogram square centimetre"
F19,4600121,"kg·mm²","kilogram square millimetre"
F74,4601652,"g/bar","gram per bar"
F75,4601653,"mg/bar","milligram per bar"
F16,4600118,"mg/K","milligram per kelvin"
M73,5060403,"(kg/m³)/Pa","kilogram per cubic metre pascal"
87,14391,"lb/ft³","pound per cubic foot"
GE,18245,"lb/gal (US)","pound per gallon (US)"
LA,19521,"lb/in³","pound per cubic inch"
G32,4666162,"oz/yd³","ounce (avoirdupois) per cubic yard"
J34,4862772,"(µg/m³)/K","microgram per cubic metre kelvin"
J35,4862773,"(µg/m³)/bar","microgram per cubic metre bar"
K41,4928561,"gr/gal (US)","grain per gallon (US)"
K69,4929081,"(lb/ft³)/°F","pound (avoirdupois) per cubic foot degree Fahrenheit"
K70,4929328,"(lb/ft³)/psi","pound (avoirdupois) per cubic foot psi"
K71,4929329,"lb/gal (UK)","pound (avoirdupois) per gallon (UK)"
K75,4929333,"(lb/in³)/°F","pound (avoirdupois) per cubic inch degree Fahrenheit"
K76,4929334,"(lb/in³)/psi","pound (avoirdupois) per cubic inch psi"
K84,4929588,"lb/yd³","pound per cubic yard"
L17,4993335,"(mg/m³)/K","milligram per cubic metre kelvin"
L18,4993336,"(mg/m³)/bar","milligram per cubic metre bar"
L37,4993847,"oz/gal (UK)","ounce (avoirdupois) per gallon (UK)"
L38,4993848,"oz/gal (US)","ounce (avoirdupois) per gallon (US)"
L39,4993849,"oz/in³","ounce (avoirdupois) per cubic inch"
L65,4994613,"slug/ft³","slug per cubic foot"
L76,4994870,"(t/m³)/K","tonne per cubic metre kelvin"
L77,4994871,"(t/m³)/bar","tonne per cubic metre bar"
L92,4995378,"ton.l/yd³ (UK)","ton (UK long) per cubic yard"
L93,4995379,"ton.s/yd³ (US)","ton (US short) per cubic yard"
K77,4929335,"lb/psi","pound (avoirdupois) per psi"
L70,4994864,"t/bar","tonne per bar"
L91,4995377,"ton (US)/psi","ton short per psi"
M74,5060404,"kg/Pa","kilogram per pascal"
C62,4404786,"1","one"
A39,4272953,"m³/kg","cubic metre per kilogram"
22,12850,"dl/g","decilitre per gram"
H65,4732469,"ml/m³","millilitre per cubic metre"
H83,4732979,"l/kg","litre per kilogram"
KX,19288,"ml/kg","millilitre per kilogram"
H15,4731189,"cm²/g","square centimetre per gram"
N28,5124664,"dm³/kg","cubic decimetre per kilogram"
N29,5124665,"ft³/lb","cubic foot per pound"
N30,5124912,"in³/lb","cubic inch per pound"
KL,19276,"kg/m","kilogram per metre"
GF,18246,"g/m","gram per metre (gram per 100 centimetres)"
H76,4732726,"g/mm","gram per millimetre"
KW,19287,"kg/mm","kilogram per millimetre"
C12,4403506,"mg/m","milligram per metre"
M31,5059377,"kg/km","kilogram per kilometre"
P2,20530,"lb/ft","pound per foot"
PO,20559,"lb/in","pound per inch of length"
M83,5060659,"den","denier"
M84,5060660,"lb/yd","pound per yard"
GO,18255,"mg/m²","milligram per square metre"
25,12853,"g/cm²","gram per square centimetre"
H63,4732467,"mg/cm²","milligram per square centimetre"
GM,18253,"g/m²","gram per square metre"
28,12856,"kg/m²","kilogram per square metre"
D5,17461,"kg/cm²","kilogram per square centimetre"
ON,20302,"oz/yd²","ounce per square yard"
37,13111,"oz/ft²","ounce per square foot"
B31,4338481,"kg·m/s","kilogram metre per second"
M98,5060920,"kg·(cm/s)","kilogram centimetre per second"
M99,5060921,"g·(cm/s)","gram centimetre per second"
N10,5124400,"lb·(ft/s)","pound foot per second"
N11,5124401,"lb·(in/s)","pound inch per second"
B33,4338483,"kg·m²/s","kilogram metre squared per second"
B32,4338482,"kg·m²","kilogram metre squared"
F20,4600368,"lb·in²","pound inch squared"
K65,4929077,"lb·ft²","pound (avoirdupois) square foot"
NEW,5129559,"N","newton"
B73,4339507,"MN","meganewton"
B47,4338743,"kN","kilonewton"
C20,4403760,"mN","millinewton"
B92,4340018,"µN","micronewton"
DU,17493,"dyn","dyne"
C78,4405048,"lbf","pound-force"
B37,4338487,"kgf","kilogram-force"
B51,4338993,"kp","kilopond"
L40,4994096,"ozf","ounce (avoirdupois)-force"
L94,4995380,"ton.sh-force","ton-force (US short)"
M75,5060405,"kip","kilopound-force"
M76,5060406,"pdl","poundal"
M77,5060407,"kg·m/s²","kilogram metre per second squared"
M78,5060408,"p","pond"
F17,4600119,"lbf/ft","pound-force per foot"
F48,4600888,"lbf/in","pound-force per inch"
C54,4404532,"N·m²/kg²","newton metre squared per kilogram squared"
NU,20053,"N·m","newton metre"
H40,4731952,"N/A","newton per ampere"
B74,4339508,"MN·m","meganewton metre"
B48,4338744,"kN·m","kilonewton metre"
D83,4470835,"mN·m","millinewton metre"
B93,4340019,"µN·m","micronewton metre"
DN,17486,"dN·m","decinewton metre"
J72,4863794,"cN·m","centinewton metre"
M94,5060916,"kg·m","kilogram metre"
F88,4601912,"N·cm","newton centimetre"
F90,4602160,"N·m/A","newton metre per ampere"
F89,4601913,"Nm/°","newton metre per degree"
G19,4665657,"N·m/kg","newton metre per kilogram"
F47,4600887,"N/mm","newton per millimetre"
M93,5060915,"N·m/rad","newton metre per radian"
H41,4731953,"N·m·W⁻⁰‧⁵","newton metre watt to the power minus 0,5"
B38,4338488,"kgf·m","kilogram-force metre"
IA,18753,"in·lb","inch pound (pound inch)"
4Q,13393,"oz·in","ounce inch"
4R,13394,"oz·ft","ounce foot"
F22,4600370,"lbf·ft/A","pound-force foot per ampere"
F21,4600369,"lbf·in","pound-force inch"
G20,4665904,"lbf·ft/lb","pound-force foot per pound"
J94,4864308,"dyn·cm","dyne centimetre"
L41,4994097,"ozf·in","ounce (avoirdupois)-force inch"
M92,5060914,"lbf·ft","pound-force foot"
M95,5060917,"pdl·ft","poundal foot"
M96,5060918,"pdl·in","poundal inch"
M97,5060919,"dyn·m","dyne metre"
C57,4404535,"N·s","newton second"
C53,4404531,"N·m·s","newton metre second"
74,14132,"mPa","millipascal"
MPA,5066817,"MPa","megapascal"
PAL,5259596,"Pa","pascal"
KPA,4935745,"kPa","kilopascal"
BAR,4342098,"bar","bar [unit of pressure]"
HBA,4735553,"hbar","hectobar"
MBR,5063250,"mbar","millibar"
KBA,4932161,"kbar","kilobar"
ATM,4281421,"atm","standard atmosphere"
A89,4274233,"GPa","gigapascal"
B96,4340022,"µPa","micropascal"
A97,4274487,"hPa","hectopascal"
H75,4732725,"daPa","decapascal"
B85,4339765,"µbar","microbar"
C55,4404533,"N/m²","newton per square metre"
C56,4404534,"N/mm²","newton per square millimetre"
H07,4730935,"Pa·s/bar","pascal second per bar"
F94,4602164,"hPa·m³/s","hectopascal cubic metre per second"
F93,4602163,"hPa·l/s","hectopascal litre per second"
F82,4601906,"hPa/K","hectopascal per kelvin"
F83,4601907,"kPa/K","kilopascal per kelvin"
F98,4602168,"MPa·m³/s","megapascal cubic metre per second"
F97,4602167,"MPa·l/s","megapascal litre per second"
F85,4601909,"MPa/K","megapascal per kelvin"
F96,4602166,"mbar·m³/s","millibar cubic metre per second"
F95,4602165,"mbar·l/s","millibar litre per second"
F84,4601908,"mbar/K","millibar per kelvin"
G01,4665393,"Pa·m³/s","pascal cubic metre per second"
F99,4602169,"Pa·l/s","pascal litre per second"
F77,4601655,"Pa.s/K","pascal second per kelvin"
E01,4534321,"N/cm²","newton per square centimetre"
FP,18000,"lb/ft²","pound per square foot"
PS,20563,"lbf/in²","pound-force per square inch"
B40,4338736,"kgf/m²","kilogram-force per square metre"
UA,21825,"Torr","torr"
ATT,4281428,"at","technical atmosphere"
80,14384,"lb/in²","pound per square inch absolute"
H78,4732728,"cm H₂O","conventional centimetre of water"
HP,18512,"mm H₂O","conventional millimetre of water"
HN,18510,"mm Hg","conventional millimetre of mercury"
F79,4601657,"inHg","inch of mercury"
F78,4601656,"inH₂O","inch of water"
J89,4864057,"cm Hg","centimetre of mercury"
K24,4928052,"ft H₂O","foot of water"
K25,4928053,"ft Hg","foot of mercury"
K31,4928305,"gf/cm²","gram-force per square centimetre"
E42,4535346,"kgf/cm²","kilogram-force per square centimetre"
E41,4535345,"kgf·m/cm²","kilogram-force per square millimetre"
K85,4929589,"lbf/ft²","pound-force per square foot"
K86,4929590,"psi/°F","pound-force per square inch degree Fahrenheit"
84,14388,"klbf/in²","A unit of pressure defining the number of kilopounds force per square inch.Use kip per square inch (common code N20)."
N13,5124403,"cmHg (0 ºC)","centimetre of mercury (0 ºC)"
N14,5124404,"cmH₂O (4 °C)","centimetre of water (4 ºC)"
N15,5124405,"ftH₂O (39,2 ºF)","foot of water (39.2 ºF)"
N16,5124406,"inHG (32 ºF)","inch of mercury (32 ºF)"
N17,5124407,"inHg (60 ºF)","inch of mercury (60 ºF)"
N18,5124408,"inH₂O (39,2 ºF)","inch of water (39.2 ºF)"
N19,5124409,"inH₂O (60 ºF)","inch of water (60 ºF)"
N20,5124656,"ksi","kip per square inch"
N21,5124657,"pdl/ft²","poundal per square foot"
N22,5124658,"oz/in²","ounce (avoirdupois) per square inch"
N23,5124659,"mH₂O","conventional metre of water"
N24,5124660,"g/mm²","gram per square millimetre"
N25,5124661,"lb/yd²","pound per square yard"
N26,5124662,"pdl/in²","poundal per square inch"
E99,4536633,"hPa/bar","hectopascal per bar"
F05,4599861,"MPa/bar","megapascal per bar"
F04,4599860,"mbar/bar","millibar per bar"
F07,4599863,"Pa/bar","pascal per bar"
F03,4599859,"kPa/bar","kilopascal per bar"
L52,4994354,"psi/psi","psi per psi"
J56,4863286,"bar/bar","bar per bar"
C96,4405558,"Pa⁻¹","reciprocal pascal or pascal to the power minus one"
F58,4601144,"1/bar","reciprocal bar"
B83,4339763,"m⁴","metre to the fourth power"
G77,4667191,"mm⁴","millimetre to the fourth power"
D69,4470329,"in⁴","inch to the fourth power"
N27,5124663,"ft⁴","foot to the fourth power"
C65,4404789,"Pa·s","pascal second"
N37,5124919,"kg/(m·s)","kilogram per metre second"
N38,5124920,"kg/(m·min)","kilogram per metre minute"
C24,4403764,"mPa·s","millipascal second"
N36,5124918,"(N/m²)·s","newton second per square metre"
N39,5124921,"kg/(m·d)","kilogram per metre day"
N40,5125168,"kg/(m·h)","kilogram per metre hour"
N41,5125169,"g/(cm·s)","gram per centimetre second"
89,14393,"P","poise"
C7,17207,"cP","centipoise"
F06,4599862,"P/bar","poise per bar"
F86,4601910,"P/K","poise per kelvin"
J32,4862770,"µP","micropoise"
J73,4863795,"cP/K","centipoise per kelvin"
J74,4863796,"cP/bar","centipoise per bar"
K67,4929079,"lb/(ft·h)","pound per foot hour"
K68,4929080,"lb/(ft·s)","pound per foot second"
K91,4929841,"lbf·s/ft²","pound-force second per square foot"
K92,4929842,"lbf·s/in²","pound-force second per square inch"
L15,4993333,"mPa·s/K","millipascal second per kelvin"
L16,4993334,"mPa·s/bar","millipascal second per bar"
L64,4994612,"slug/(ft·s)","slug per foot second"
N34,5124916,"(pdl/ft²)·s","poundal second per square foot"
N35,5124917,"P/Pa","poise per pascal"
N42,5125170,"(pdl/in²)·s","poundal second per square inch"
N43,5125171,"lb/(ft·min)","pound per foot minute"
N44,5125172,"lb/(ft·d)","pound per foot day"
S4,21300,"m²/s","square metre per second"
M82,5060658,"(m²/s)/Pa","square metre per second pascal"
C17,4403511,"mm²/s","millimetre squared per second"
G41,4666417,"m²/(s·bar)","square metre per second bar"
G09,4665401,"m²/(s·K)","square metre per second kelvin"
91,14641,"St","stokes"
4C,13379,"cSt","centistokes"
G46,4666422,"St/bar","stokes per bar"
G10,4665648,"St/K","stokes per kelvin"
S3,21299,"ft²/s","square foot per second"
G08,4665400,"in²/s","square inch per second"
M79,5060409,"ft²/h","square foot per hour"
M80,5060656,"St/Pa","stokes per pascal"
M81,5060657,"cm²/s","square centimetre per second"
4P,13392,"N/m","newton per metre"
C22,4403762,"mN/m","millinewton per metre"
M23,5059123,"N/cm","newton per centimetre"
N31,5124913,"kN/m","kilonewton per metre"
DX,17496,"dyn/cm","dyne per centimetre"
N32,5124914,"pdl/in","poundal per inch"
N33,5124915,"lbf/yd","pound-force per yard"
M34,5059380,"N·m/m²","newton metre per square metre"
JOU,4869973,"J","joule"
KJO,4934223,"kJ","kilojoule"
A68,4273720,"EJ","exajoule"
C68,4404792,"PJ","petajoule"
D30,4469552,"TJ","terajoule"
GV,18262,"GJ","gigajoule"
3B,13122,"MJ","megajoule"
C15,4403509,"mJ","millijoule"
A70,4273968,"fJ","femtojoule"
A13,4272435,"aJ","attojoule"
WHR,5720146,"W·h","watt hour"
MWH,5068616,"MW·h","megawatt hour (1000 kW.h)"
KWH,4937544,"kW·h","kilowatt hour"
GWH,4675400,"GW·h","gigawatt hour"
D32,4469554,"TW·h","terawatt hour"
A53,4273459,"eV","electronvolt"
B71,4339505,"MeV","megaelectronvolt"
A85,4274229,"GeV","gigaelectronvolt"
B29,4338233,"keV","kiloelectronvolt"
A57,4273463,"erg","erg"
85,14389,"ft·lbf","foot pound-force"
N46,5125174,"ft·pdl","foot poundal"
N47,5125175,"in·pdl","inch poundal"
WTT,5723220,"W","watt"
KWT,4937556,"kW","kilowatt"
MAW,5062999,"MW","megawatt"
A90,4274480,"GW","gigawatt"
C31,4404017,"mW","milliwatt"
D80,4470832,"µW","microwatt"
A63,4273715,"erg/s","erg per second"
A74,4273972,"ft·lbf/s","foot pound-force per second"
B39,4338489,"kgf·m/s","kilogram-force metre per second"
HJ,18506,"metric hp","metric horse power"
A25,4272693,"CV","cheval vapeur"
BHP,4343888,"BHP","brake horse power"
K15,4927797,"ft·lbf/h","foot pound-force per hour"
K16,4927798,"ft·lbf/min","foot pound-force per minute"
K42,4928562,"boiler hp","horsepower (boiler)"
N12,5124402,"PS","Pferdestaerke"
KGS,4933459,"kg/s","kilogram per second"
H56,4732214,"kg/(m²·s)","kilogram per square metre second"
M87,5060663,"(kg/s)/Pa","kilogram per second pascal"
4M,13389,"mg/h","milligram per hour"
F26,4600374,"g/d","gram per day"
F62,4601394,"g/(d·bar)","gram per day bar"
F35,4600629,"g/(d·K)","gram per day kelvin"
F27,4600375,"g/h","gram per hour"
F63,4601395,"g/(h·bar)","gram per hour bar"
F36,4600630,"g/(h·K)","gram per hour kelvin"
F28,4600376,"g/min","gram per minute"
F64,4601396,"g/(min·bar)","gram per minute bar"
F37,4600631,"g/(min·K)","gram per minute kelvin"
F29,4600377,"g/s","gram per second"
F65,4601397,"g/(s·bar)","gram per second bar"
F38,4600632,"g/(s·K)","gram per second kelvin"
F30,4600624,"kg/d","kilogram per day"
F66,4601398,"kg/(d·bar)","kilogram per day bar"
F39,4600633,"kg/(d·K)","kilogram per day kelvin"
E93,4536627,"kg/h","kilogram per hour"
F67,4601399,"kg/(h·bar)","kilogram per hour bar"
F40,4600880,"kg/(h·K)","kilogram per hour kelvin"
F31,4600625,"kg/min","kilogram per minute"
F68,4601400,"kg/(min·bar)","kilogram per minute bar"
F41,4600881,"kg/(min·K)","kilogram per minute kelvin"
F69,4601401,"kg/(s·bar)","kilogram per second bar"
F42,4600882,"kg/(s·K)","kilogram per second kelvin"
F32,4600626,"mg/d","milligram per day"
F70,4601648,"mg/(d·bar)","milligram per day bar"
F43,4600883,"mg/(d·K)","milligram per day kelvin"
F71,4601649,"mg/(h·bar)","milligram per hour bar"
F44,4600884,"mg/(h·K)","milligram per hour kelvin"
F33,4600627,"mg/min","milligram per minute"
F72,4601650,"mg/(min·bar)","milligram per minute bar"
F45,4600885,"mg/(min·K)","milligram per minute kelvin"
F34,4600628,"mg/s","milligram per second"
F73,4601651,"mg/(s·bar)","milligram per second bar"
F46,4600886,"mg/(s·K)","milligram per second kelvin"
F25,4600373,"g/Hz","gram per hertz"
4W,13399,"ton (US) /h","ton (US) per hour"
4U,13397,"lb/h","pound per hour"
K66,4929078,"lb/d","pound (avoirdupois) per day"
K73,4929331,"(lb/h)/°F","pound (avoirdupois) per hour degree Fahrenheit"
K74,4929332,"(lb/h)/psi","pound (avoirdupois) per hour psi"
K78,4929336,"lb/min","pound (avoirdupois) per minute"
K79,4929337,"lb/(min·°F)","pound (avoirdupois) per minute degree Fahrenheit"
K80,4929584,"(lb/min)/psi","pound (avoirdupois) per minute psi"
K81,4929585,"lb/s","pound (avoirdupois) per second"
K82,4929586,"(lb/s)/°F","pound (avoirdupois) per second degree Fahrenheit"
K83,4929587,"(lb/s)/psi","pound (avoirdupois) per second psi"
L33,4993843,"oz/d","ounce (avoirdupois) per day"
L34,4993844,"oz/h","ounce (avoirdupois) per hour"
L35,4993845,"oz/min","ounce (avoirdupois) per minute"
L36,4993846,"oz/s","ounce (avoirdupois) per second"
L63,4994611,"slug/d","slug per day"
L66,4994614,"slug/h","slug per hour"
L67,4994615,"slug/min","slug per minute"
L68,4994616,"slug/s","slug per second"
L71,4994865,"t/d","tonne per day"
L72,4994866,"(t/d)/K","tonne per day kelvin"
L73,4994867,"(t/d)/bar","tonne per day bar"
E18,4534584,"t/h","tonne per hour"
L74,4994868,"(t/h)/K","tonne per hour kelvin"
L75,4994869,"(t/h)/bar","tonne per hour bar"
L78,4994872,"t/min","tonne per minute"
L79,4994873,"(t/min)/K","tonne per minute kelvin"
L80,4995120,"(t/min)/bar","tonne per minute bar"
L81,4995121,"t/s","tonne per second"
L82,4995122,"(t/s)/K","tonne per second kelvin"
L83,4995123,"(t/s)/bar","tonne per second bar"
L85,4995125,"ton (UK)/d","ton long per day"
L88,4995128,"ton (US)/d","ton short per day"
L89,4995129,"ton (US)/(h·°F)","ton short per hour degree Fahrenheit"
L90,4995376,"(ton (US)/h)/psi","ton short per hour psi"
M88,5060664,"t/mo","tonne per month"
M89,5060665,"t/y","tonne per year"
M90,5060912,"klb/h","kilopound per hour"
J33,4862771,"µg/kg","microgram per kilogram"
L32,4993842,"ng/kg","nanogram per kilogram"
NA,20033,"mg/kg","milligram per kilogram"
M29,5059129,"kg/kg","kilogram per kilogram"
M91,5060913,"lb/lb","pound per pound"
MQS,5067091,"m³/s","cubic metre per second"
MQH,5067080,"m³/h","cubic metre per hour"
40,13360,"ml/s","millilitre per second"
41,13361,"ml/min","millilitre per minute"
LD,19524,"l/d","litre per day"
2J,12874,"cm³/s","cubic centimetre per second"
4X,13400,"kl/h","kilolitre per hour"
L2,19506,"l/min","litre per minute"
G47,4666423,"cm³/d","cubic centimetre per day"
G78,4667192,"cm³/(d·bar)","cubic centimetre per day bar"
G61,4666929,"cm³/(d·K)","cubic centimetre per day kelvin"
G48,4666424,"cm³/h","cubic centimetre per hour"
G79,4667193,"cm³/(h·bar)","cubic centimetre per hour bar"
G62,4666930,"cm³/(h·K)","cubic centimetre per hour kelvin"
G49,4666425,"cm³/min","cubic centimetre per minute"
G80,4667440,"cm³/(min·bar)","cubic centimetre per minute bar"
G63,4666931,"cm³/(min·K)","cubic centimetre per minute kelvin"
G81,4667441,"cm³/(s·bar)","cubic centimetre per second bar"
G64,4666932,"cm³/(s·K)","cubic centimetre per second kelvin"
E92,4536626,"dm³/h","cubic decimetre per hour"
G52,4666674,"m³/d","cubic metre per day"
G86,4667446,"m³/(d·bar)","cubic metre per day bar"
G69,4666937,"m³/(d·K)","cubic metre per day kelvin"
G87,4667447,"m³/(h·bar)","cubic metre per hour bar"
G70,4667184,"m³/(h·K)","cubic metre per hour kelvin"
G53,4666675,"m³/min","cubic metre per minute"
G88,4667448,"m³/(min·bar)","cubic metre per minute bar"
G71,4667185,"m³/(min·K)","cubic metre per minute kelvin"
G89,4667449,"m³/(s·bar)","cubic metre per second bar"
G72,4667186,"m³/(s·K)","cubic metre per second kelvin"
G82,4667442,"l/(d·bar)","litre per day bar"
G65,4666933,"l/(d·K)","litre per day kelvin"
G83,4667443,"l/(h·bar)","litre per hour bar"
G66,4666934,"l/(h·K)","litre per hour kelvin"
G84,4667444,"l/(min·bar)","litre per minute bar"
G67,4666935,"l/(min·K)","litre per minute kelvin"
G51,4666673,"l/s","litre per second"
G85,4667445,"l/(s·bar)","litre per second bar"
G68,4666936,"l/(s·K)","litre per second kelvin"
G54,4666676,"ml/d","millilitre per day"
G90,4667696,"ml/(d·bar)","millilitre per day bar"
G73,4667187,"ml/(d·K)","millilitre per day kelvin"
G55,4666677,"ml/h","millilitre per hour"
G91,4667697,"ml/(h·bar)","millilitre per hour bar"
G74,4667188,"ml/(h·K)","millilitre per hour kelvin"
G92,4667698,"ml/(min·bar)","millilitre per minute bar"
G75,4667189,"ml/(min·K)","millilitre per minute kelvin"
G93,4667699,"ml/(s·bar)","millilitre per second bar"
G76,4667190,"ml/(s·K)","millilitre per second kelvin"
2K,12875,"ft³/h","cubic foot per hour"
2L,12876,"ft³/min","cubic foot per minute"
5A,13633,"barrel (US)/min","barrel (US) per minute"
G2,18226,"gal (US) /min","US gallon per minute"
G3,18227,"gal (UK) /min","Imperial gallon per minute"
G56,4666678,"in³/h","cubic inch per hour"
G57,4666679,"in³/min","cubic inch per minute"
G58,4666680,"in³/s","cubic inch per second"
G50,4666672,"gal/h","gallon (US) per hour"
J58,4863288,"bbl (UK liq.)/min","barrel (UK petroleum) per minute"
J59,4863289,"bbl (UK liq.)/d","barrel (UK petroleum) per day"
J60,4863536,"bbl (UK liq.)/h","barrel (UK petroleum) per hour"
J61,4863537,"bbl (UK liq.)/s","barrel (UK petroleum) per second"
J62,4863538,"bbl (US)/h","barrel (US petroleum) per hour"
J63,4863539,"bbl (US)/s","barrel (US petroleum) per second"
J64,4863540,"bu (UK)/d","bushel (UK) per day"
J65,4863541,"bu (UK)/h","bushel (UK) per hour"
J66,4863542,"bu (UK)/min","bushel (UK) per minute"
J67,4863543,"bu (UK)/s","bushel (UK) per second"
J68,4863544,"bu (US dry)/d","bushel (US dry) per day"
J69,4863545,"bu (US dry)/h","bushel (US dry) per hour"
J70,4863792,"bu (US dry)/min","bushel (US dry) per minute"
J71,4863793,"bu (US dry)/s","bushel (US dry) per second"
J90,4864304,"dm³/d","cubic decimetre per day"
J92,4864306,"dm³/min","cubic decimetre per minute"
J93,4864307,"dm³/s","cubic decimetre per second"
N45,5125173,"(m³/s)/Pa","cubic metre per second pascal"
J95,4864309,"fl oz (UK)/d","ounce (UK fluid) per day"
J96,4864310,"fl oz (UK)/h","ounce (UK fluid) per hour"
J97,4864311,"fl oz (UK)/min","ounce (UK fluid) per minute"
J98,4864312,"fl oz (UK)/s","ounce (UK fluid) per second"
J99,4864313,"fl oz (US)/d","ounce (US fluid) per day"
K10,4927792,"fl oz (US)/h","ounce (US fluid) per hour"
K11,4927793,"fl oz (US)/min","ounce (US fluid) per minute"
K12,4927794,"fl oz (US)/s","ounce (US fluid) per second"
K22,4928050,"ft³/d","cubic foot per day"
K26,4928054,"gal (UK)/d","gallon (UK) per day"
K27,4928055,"gal (UK)/h","gallon (UK) per hour"
K28,4928056,"gal (UK)/s","gallon (UK) per second"
K30,4928304,"gal (US liq.)/s","gallon (US liquid) per second"
K32,4928306,"gi (UK)/d","gill (UK) per day"
K33,4928307,"gi (UK)/h","gill (UK) per hour"
K34,4928308,"gi (UK)/min","gill (UK) per minute"
K35,4928309,"gi (UK)/s","gill (UK) per second"
K36,4928310,"gi (US)/d","gill (US) per day"
K37,4928311,"gi (US)/h","gill (US) per hour"
K38,4928312,"gi (US)/min","gill (US) per minute"
K39,4928313,"gi (US)/s","gill (US) per second"
K94,4929844,"qt (UK liq.)/d","quart (UK liquid) per day"
K95,4929845,"qt (UK liq.)/h","quart (UK liquid) per hour"
K96,4929846,"qt (UK liq.)/min","quart (UK liquid) per minute"
K97,4929847,"qt (UK liq.)/s","quart (UK liquid) per second"
K98,4929848,"qt (US liq.)/d","quart (US liquid) per day"
K99,4929849,"qt (US liq.)/h","quart (US liquid) per hour"
L10,4993328,"qt (US liq.)/min","quart (US liquid) per minute"
L11,4993329,"qt (US liq.)/s","quart (US liquid) per second"
L44,4994100,"pk (UK)/d","peck (UK) per day"
L45,4994101,"pk (UK)/h","peck (UK) per hour"
L46,4994102,"pk (UK)/min","peck (UK) per minute"
L47,4994103,"pk (UK)/s","peck (UK) per second"
L48,4994104,"pk (US dry)/d","peck (US dry) per day"
L49,4994105,"pk (US dry)/h","peck (US dry) per hour"
L50,4994352,"pk (US dry)/min","peck (US dry) per minute"
L51,4994353,"pk (US dry)/s","peck (US dry) per second"
L53,4994355,"pt (UK)/d","pint (UK) per day"
L54,4994356,"pt (UK)/h","pint (UK) per hour"
L55,4994357,"pt (UK)/min","pint (UK) per minute"
L56,4994358,"pt (UK)/s","pint (UK) per second"
L57,4994359,"pt (US liq.)/d","pint (US liquid) per day"
L58,4994360,"pt (US liq.)/h","pint (US liquid) per hour"
L59,4994361,"pt (US liq.)/min","pint (US liquid) per minute"
L60,4994608,"pt (US liq.)/s","pint (US liquid) per second"
M12,5058866,"yd³/d","cubic yard per day"
M13,5058867,"yd³/h","cubic yard per hour"
M15,5058869,"yd³/min","cubic yard per minute"
M16,5058870,"yd³/s","cubic yard per second"
H60,4732464,"m³/m³","cubic metre per cubic metre"
F92,4602162,"bar·m³/s","bar cubic metre per second"
F91,4602161,"bar·l/s","bar litre per second"
K87,4929591,"psi·in³/s","psi cubic inch per second"
K88,4929592,"psi·l/s","psi litre per second"
K89,4929593,"psi·m³/s","psi cubic metre per second"
K90,4929840,"psi·yd³/s","psi cubic yard per second"
Q29,5321273,"µg/hg","microgram per hectogram"
KEL,4932940,"K","kelvin"
CEL,4408652,"°C","degree Celsius"
H12,4731186,"°C/h","degree Celsius per hour"
F60,4601392,"°C/bar","degree Celsius per bar"
E98,4536632,"°C/K","degree Celsius per kelvin"
H13,4731187,"°C/min","degree Celsius per minute"
H14,4731188,"°C/s","degree Celsius per second"
F61,4601393,"K/bar","kelvin per bar"
F10,4600112,"K/h","kelvin per hour"
F02,4599858,"K/K","kelvin per kelvin"
F11,4600113,"K/min","kelvin per minute"
F12,4600114,"K/s","kelvin per second"
N79,5125945,"K/Pa","kelvin per pascal"
J20,4862512,"°F/K","degree Fahrenheit per kelvin"
J21,4862513,"°F/bar","degree Fahrenheit per bar"
J26,4862518,"1/°F","reciprocal degree Fahrenheit"
A48,4273208,"°R","degree Rankine"
FAH,4604232,"°F","degree Fahrenheit"
J23,4862515,"°F/h","degree Fahrenheit per hour"
J24,4862516,"°F/min","degree Fahrenheit per minute"
J25,4862517,"°F/s","degree Fahrenheit per second"
J28,4862520,"°R/h","degree Rankine per hour"
J29,4862521,"°R/min","degree Rankine per minute"
J30,4862768,"°R/s","degree Rankine per second"
C91,4405553,"K⁻¹","reciprocal kelvin or kelvin to the power minus one"
M20,5059120,"1/MK","reciprocal megakelvin or megakelvin to the power minus one"
C64,4404788,"Pa/K","pascal per kelvin"
F81,4601905,"bar/K","bar per kelvin"
J55,4863285,"W·s","watt second"
BTU,4346965,"BtuIT","British thermal unit (international table)"
A1,16689,"cal₁₅","15 °C calorie"
D70,4470576,"calIT","calorie (international table)"
J39,4862777,"Btu","British thermal unit (mean)"
J75,4863797,"cal","calorie (mean)"
K51,4928817,"kcal","kilocalorie (mean)"
E14,4534580,"kcalIT","kilocalorie (international table)"
K53,4928819,"kcalth","kilocalorie (thermochemical)"
N66,5125686,"Btu (39 ºF)","British thermal unit (39 ºF)"
N67,5125687,"Btu (59 ºF)","British thermal unit (59 ºF)"
N68,5125688,"Btu (60 ºF)","British thermal unit (60 ºF)"
N69,5125689,"cal₂₀","calorie (20 ºC)"
N70,5125936,"quad","quad (1015 BtuIT)"
N71,5125937,"thm (EC)","therm (EC)"
N72,5125938,"thm (US)","therm (U.S.)"
D35,4469557,"calth","calorie (thermochemical)"
2I,12873,"BtuIT/h","British thermal unit (international table) per hour"
J44,4863028,"BtuIT/min","British thermal unit (international table) per minute"
J45,4863029,"BtuIT/s","British thermal unit (international table) per second"
J47,4863031,"Btuth/h","British thermal unit (thermochemical) per hour"
J51,4863281,"Btuth/min","British thermal unit (thermochemical) per minute"
J52,4863282,"Btuth/s","British thermal unit (thermochemical) per second"
J81,4864049,"calth/min","calorie (thermochemical) per minute"
J82,4864050,"calth/s","calorie (thermochemical) per second"
E15,4534581,"kcalth/h","kilocalorie (thermochemical) per hour"
K54,4928820,"kcalth/min","kilocalorie (thermochemical) per minute"
K55,4928821,"kcalth/s","kilocalorie (thermochemical) per second"
D54,4470068,"W/m²","watt per square metre"
N48,5125176,"W/cm²","watt per square centimetre"
N49,5125177,"W/in²","watt per square inch"
N50,5125424,"BtuIT/(ft²·h)","British thermal unit (international table) per square foot hour"
N51,5125425,"Btuth/(ft²·h)","British thermal unit (thermochemical) per square foot hour"
N52,5125426,"Btuth/(ft²·min)","British thermal unit (thermochemical) per square foot minute"
N53,5125427,"BtuIT/(ft²·s)","British thermal unit (international table) per square foot second"
N54,5125428,"Btuth/(ft²·s)","British thermal unit (thermochemical) per square foot second"
N55,5125429,"BtuIT/(in²·s)","British thermal unit (international table) per square inch second"
N56,5125430,"calth/(cm²·min)","calorie (thermochemical) per square centimetre minute"
N57,5125431,"calth/(cm²·s)","calorie (thermochemical) per square centimetre second"
D53,4470067,"W/(m·K)","watt per metre kelvin"
N80,5126192,"W/(m·°C)","watt per metre degree Celsius"
N81,5126193,"kW/(m·K)","kilowatt per metre kelvin"
N82,5126194,"kW/(m·°C)","kilowatt per metre degree Celsius"
A22,4272690,"BtuIT/(s·ft·°R)","British thermal unit (international table) per second foot degree Rankine"
D71,4470577,"calIT/(s·cm·K)","calorie (international table) per second centimetre kelvin"
D38,4469560,"calth/(s·cm·K)","calorie (thermochemical) per second centimetre kelvin"
J40,4863024,"BtuIT·ft/(h·ft²·°F)","British thermal unit (international table) foot per hour square foot degree Fahrenheit"
J41,4863025,"BtuIT·in/(h·ft²·°F)","British thermal unit (international table) inch per hour square foot degree Fahrenheit"
J42,4863026,"BtuIT·in/(s·ft²·°F)","British thermal unit (international table) inch per second square foot degree Fahrenheit"
J46,4863030,"Btuth·ft/(h·ft²·°F)","British thermal unit (thermochemical) foot per hour square foot degree Fahrenheit"
J48,4863032,"Btuth·in/(h·ft²·°F)","British thermal unit (thermochemical) inch per hour square foot degree Fahrenheit"
J49,4863033,"Btuth·in/(s·ft²·°F)","British thermal unit (thermochemical) inch per second square foot degree Fahrenheit"
J78,4863800,"calth/(cm·s·°C)","calorie (thermochemical) per centimetre second degree Celsius"
K52,4928818,"kcal/(m·h·°C)","kilocalorie (international table) per hour metre degree Celsius"
D55,4470069,"W/(m²·K)","watt per square metre kelvin"
N78,5125944,"kW/(m²·K)","kilowatt per square metre kelvin"
D72,4470578,"calIT/(s·cm²·K)","calorie (international table) per second square centimetre kelvin"
D39,4469561,"calth/(s·cm²·K)","calorie (thermochemical) per second square centimetre kelvin"
A20,4272688,"BtuIT/(s·ft²·°R)","British thermal unit (international table) per second square foot degree Rankine"
A23,4272691,"BtuIT/(h·ft²·°R)","British thermal unit (international table) per hour square foot degree Rankine"
N74,5125940,"BtuIT/(h·ft²·ºF)","British thermal unit (international table) per hour square foot degree Fahrenheit"
N75,5125941,"Btuth/(h·ft²·ºF)","British thermal unit (thermochemical) per hour square foot degree Fahrenheit"
N76,5125942,"BtuIT/(s·ft²·ºF)","British thermal unit (international table) per second square foot degree Fahrenheit"
N77,5125943,"Btuth/(s·ft²·ºF)","British thermal unit (thermochemical) per second square foot degree Fahrenheit"
D19,4469049,"m²·K/W","square metre kelvin per watt"
J19,4862265,"°F·h·ft²/Btuth","degree Fahrenheit hour square foot per British thermal unit (thermochemical)"
J22,4862514,"°F·h·ft²/BtuIT","degree Fahrenheit hour square foot per British thermal unit (international table)"
J83,4864051,"clo","clo"
L14,4993332,"m²·h·°C/kcal","square metre hour degree Celsius per kilocalorie (international table)"
B21,4338225,"K/W","kelvin per watt"
H35,4731701,"K·m/W","kelvin metre per watt"
N84,5126196,"ºF/(BtuIT/h)","degree Fahrenheit hour per British thermal unit (international table)"
N85,5126197,"ºF/(Btuth/h)","degree Fahrenheit hour per British thermal unit (thermochemical)"
N86,5126198,"ºF/(BtuIT/s)","degree Fahrenheit second per British thermal unit (international table)"
N87,5126199,"ºF/(Btuth/s)","degree Fahrenheit second per British thermal unit (thermochemical)"
N88,5126200,"ºF·h·ft²/(BtuIT·in)","degree Fahrenheit hour square foot per British thermal unit (international table) inch"
N89,5126201,"ºF·h·ft²/(Btuth·in)","degree Fahrenheit hour square foot per British thermal unit (thermochemical) inch"
D52,4470066,"W/K","watt per kelvin"
E97,4536631,"mm/(°C·m)","millimetre per degree Celcius metre"
F53,4601139,"mm/K","millimetre per kelvin"
N83,5126195,"m/(°C·m)","metre per degree Celcius metre"
JE,19013,"J/K","joule per kelvin"
B41,4338737,"kJ/K","kilojoule per kelvin"
J43,4863027,"BtuIT/(lb·°F)","British thermal unit (international table) per pound degree Fahrenheit"
J50,4863280,"Btuth/(lb·°F)","British thermal unit (thermochemical) per pound degree Fahrenheit"
J76,4863798,"calIT/(g·°C)","calorie (international table) per gram degree Celsius"
J79,4863801,"calth/(g·°C)","calorie (thermochemical) per gram degree Celsius"
N60,5125680,"BtuIT/ºF","British thermal unit (international table) per degree Fahrenheit"
N61,5125681,"Btuth/ºF","British thermal unit (thermochemical) per degree Fahrenheit"
N62,5125682,"BtuIT/ºR","British thermal unit (international table) per degree Rankine"
N63,5125683,"Btuth/ºR","British thermal unit (thermochemical) per degree Rankine"
N64,5125684,"(Btuth/°R)/lb","British thermal unit (thermochemical) per pound degree Rankine"
N65,5125685,"(kcalIT/K)/g","kilocalorie (international table) per gram kelvin"
B11,4337969,"J/(kg·K)","joule per kilogram kelvin"
B43,4338739,"kJ/(kg·K)","kilojoule per kilogram kelvin"
A21,4272689,"Btu/IT(lb·°R)","British thermal unit (international table) per pound degree Rankine"
D76,4470582,"calIT/(g·K)","calorie (international table) per gram kelvin"
D37,4469559,"calth/(g·K)","calorie (thermochemical) per gram kelvin"
J2,18994,"J/kg","joule per kilogram"
D95,4471093,"J/g","joule per gram"
JK,19019,"MJ/kg","megajoule per kilogram"
B42,4338738,"kJ/kg","kilojoule per kilogram"
AZ,16730,"BtuIT/lb","British thermal unit (international table) per pound"
D75,4470581,"calIT/g","calorie (international table) per gram"
N73,5125939,"Btuth/lb","British thermal unit (thermochemical) per pound"
B36,4338486,"calth/g","calorie (thermochemical) per gram"
N58,5125432,"BtuIT/ft³","British thermal unit (international table) per cubic foot"
N59,5125433,"Btuth/ft³","British thermal unit (thermochemical) per cubic foot"
Q31,5321521,"kJ/g","kilojoule per gram"
AMP,4279632,"A","ampere"
B22,4338226,"kA","kiloampere"
H38,4731704,"MA","megaampere"
4K,13387,"mA","milliampere"
B84,4339764,"µA","microampere"
C39,4404025,"nA","nanoampere"
C70,4405040,"pA","picoampere"
N96,5126454,"Bi","biot"
N97,5126455,"Gi","gilbert"
COU,4411221,"C","coulomb"
A8,16696,"A·s","ampere second"
H32,4731698,"A²·s","ampere squared second"
AMH,4279624,"A·h","ampere hour"
TAH,5521736,"kA·h","kiloampere hour (thousand ampere hour)"
D77,4470583,"MC","megacoulomb"
D86,4470838,"mC","millicoulomb"
B26,4338230,"kC","kilocoulomb"
B86,4339766,"µC","microcoulomb"
C40,4404272,"nC","nanocoulomb"
C71,4405041,"pC","picocoulomb"
E09,4534329,"mA·h","milliampere hour"
N95,5126453,"A·min","ampere minute"
N94,5126452,"Fr","franklin"
A29,4272697,"C/m³","coulomb per cubic metre"
A84,4274228,"GC/m³","gigacoulomb per cubic metre"
A30,4272944,"C/mm³","coulomb per cubic millimetre"
B69,4339257,"MC/m³","megacoulomb per cubic metre"
A28,4272696,"C/cm³","coulomb per cubic centimetre"
B27,4338231,"kC/m³","kilocoulomb per cubic metre"
D88,4470840,"mC/m³","millicoulomb per cubic metre"
B87,4339767,"µC/m³","microcoulomb per cubic metre"
A34,4272948,"C/m²","coulomb per square metre"
B70,4339504,"MC/m²","megacoulomb per square metre"
A35,4272949,"C/mm²","coulomb per square millimetre"
A33,4272947,"C/cm²","coulomb per square centimetre"
B28,4338232,"kC/m²","kilocoulomb per square metre"
D89,4470841,"mC/m²","millicoulomb per square metre"
B88,4339768,"µC/m²","microcoulomb per square metre"
D50,4470064,"V/m","volt per metre"
H45,4731957,"V·s/m","volt second per metre"
D45,4469813,"V²/K²","volt squared per kelvin squared"
D51,4470065,"V/mm","volt per millimetre"
H24,4731444,"V/µs","volt per microsecond"
H62,4732466,"mV/min","millivolt per minute"
H46,4731958,"V/s","volt per second"
B79,4339513,"MV/m","megavolt per metre"
B55,4338997,"kV/m","kilovolt per metre"
D47,4469815,"V/cm","volt per centimetre"
C30,4404016,"mV/m","millivolt per metre"
C3,17203,"µV/m","microvolt per metre"
G60,4666928,"V/bar","volt per bar"
N98,5126456,"V/Pa","volt per pascal"
F87,4601911,"V/(l·min)","volt per litre minute"
H22,4731442,"V/(lbf/in²)","volt square inch per pound-force"
H23,4731443,"V/in","volt per inch"
VLT,5655636,"V","volt"
B78,4339512,"MV","megavolt"
KVT,4937300,"kV","kilovolt"
2Z,12890,"mV","millivolt"
D82,4470834,"µV","microvolt"
N99,5126457,"pV","picovolt"
FAR,4604242,"F","farad"
H48,4731960,"aF","attofarad"
C10,4403504,"mF","millifarad"
4O,13391,"µF","microfarad"
C41,4404273,"nF","nanofarad"
4T,13396,"pF","picofarad"
N90,5126448,"kF","kilofarad"
A69,4273721,"F/m","farad per metre"
H28,4731448,"µF/km","microfarad per kilometre"
H33,4731699,"F/km","farad per kilometre"
B89,4339769,"µF/m","microfarad per metre"
C42,4404274,"nF/m","nanofarad per metre"
C72,4405042,"pF/m","picofarad per metre"
A26,4272694,"C·m","coulomb metre"
A41,4273201,"A/m²","ampere per square metre"
H31,4731697,"A/kg","ampere per kilogram"
B66,4339254,"MA/m²","megaampere per square metre"
A7,16695,"A/mm²","ampere per square millimetre"
A4,16692,"A/cm²","ampere per square centimetre"
B23,4338227,"kA/m²","kiloampere per square metre"
G59,4666681,"mA/(l·min)","milliampere per litre minute"
N93,5126451,"A/Pa","ampere per pascal"
F57,4601143,"mA/(lbf/in²)","milliampere per pound-force per square inch"
F59,4601145,"mA/bar","milliampere per bar"
AE,16709,"A/m","ampere per metre"
B24,4338228,"kA/m","kiloampere per metre"
A3,16691,"A/mm","ampere per millimetre"
A2,16690,"A/cm","ampere per centimetre"
F76,4601654,"mA/mm","milliampere per millimetre"
F08,4599864,"mA/in","milliampere per inch"
P10,5255472,"C/m","coulomb per metre"
D33,4469555,"T","tesla"
C29,4403769,"mT","millitesla"
D81,4470833,"µT","microtesla"
C48,4404280,"nT","nanotesla"
P13,5255475,"kT","kilotesla"
P12,5255474,"γ","gamma"
WEB,5719362,"Wb","weber"
C33,4404019,"mWb","milliweber"
P11,5255473,"kWb","kiloweber"
D59,4470073,"Wb/m","weber per metre"
B56,4338998,"kWb/m","kiloweber per metre"
D60,4470320,"Wb/mm","weber per millimetre"
81,14385,"H","henry"
C14,4403508,"mH","millihenry"
B90,4340016,"µH","microhenry"
C43,4404275,"nH","nanohenry"
C73,4405043,"pH","picohenry"
H03,4730931,"H/kΩ","henry per kiloohm"
H04,4730932,"H/Ω","henry per ohm"
G98,4667704,"µH/kΩ","microhenry per kiloohm"
G99,4667705,"µH/Ω","microhenry per ohm"
H05,4730933,"mH/kΩ","millihenry per kiloohm"
H06,4730934,"mH/Ω","millihenry per ohm"
P24,5255732,"kH","kilohenry"
A98,4274488,"H/m","henry per metre"
B91,4340017,"µH/m","microhenry per metre"
C44,4404276,"nH/m","nanohenry per metre"
A5,16693,"A·m²","ampere square metre"
B8,16952,"J/m³","joule per cubic metre"
OHM,5195853,"Ω","ohm"
A87,4274231,"GΩ","gigaohm"
B75,4339509,"MΩ","megaohm"
H44,4731956,"TΩ","teraohm"
B49,4338745,"kΩ","kiloohm"
E45,4535349,"mΩ","milliohm"
B94,4340020,"µΩ","microohm"
P22,5255730,"nΩ","nanoohm"
M26,5059126,"GΩ/m","gigaohm per metre"
SIE,5458245,"S","siemens"
B53,4338995,"kS","kilosiemens"
C27,4403767,"mS","millisiemens"
B99,4340025,"µS","microsiemens"
G42,4666418,"µS/cm","microsiemens per centimetre"
G43,4666419,"µS/m","microsiemens per metre"
N92,5126450,"pS","picosiemens"
C61,4404785,"Ω·m","ohm metre"
A88,4274232,"GΩ·m","gigaohm metre"
B76,4339510,"MΩ·m","megaohm metre"
H88,4732984,"MΩ·km","megaohm kilometre"
B50,4338992,"kΩ·m","kiloohm metre"
C60,4404784,"Ω·cm","ohm centimetre"
C23,4403763,"mΩ·m","milliohm metre"
B95,4340021,"µΩ·m","microohm metre"
C46,4404278,"nΩ·m","nanoohm metre"
M24,5059124,"Ω·km","ohm kilometre"
P23,5255731,"Ω·cmil/ft","ohm circular-mil per foot"
F56,4601142,"Ω/km","ohm per kilometre"
H26,4731446,"Ω/m","ohm per metre"
H37,4731703,"MΩ/m","megaohm per metre"
F54,4601140,"mΩ/m","milliohm per metre"
H36,4731702,"MΩ/km","megaohm per kilometre"
F55,4601141,"Ω/mi","ohm per mile (statute mile)"
D10,4469040,"S/m","siemens per metre"
H43,4731955,"S/cm","siemens per centimetre"
H61,4732465,"mS/cm","millisiemens per centimetre"
B77,4339511,"MS/m","megasiemens per metre"
B54,4338996,"kS/m","kilosiemens per metre"
G45,4666421,"nS/m","nanosiemens per metre"
G44,4666420,"nS/cm","nanosiemens per centimetre"
L42,4994098,"pS/m","picosiemens per metre"
C89,4405305,"H⁻¹","reciprocal henry"
P14,5255476,"J/s","joule per second"
D31,4469553,"TW","terawatt"
P15,5255477,"J/min","joule per minute"
P16,5255478,"J/h","joule per hour"
P17,5255479,"J/d","joule per day"
P18,5255480,"kJ/s","kilojoule per second"
P19,5255481,"kJ/min","kilojoule per minute"
P20,5255728,"kJ/h","kilojoule per hour"
P21,5255729,"kJ/d","kilojoule per day"
K43,4928563,"electric hp","horsepower (electric)"
C49,4404281,"nW","nanowatt"
C75,4405045,"pW","picowatt"
D46,4469814,"V·A","volt - ampere"
MVA,5068353,"MV·A","megavolt - ampere"
KVA,4937281,"kV·A","kilovolt - ampere"
M35,5059381,"mV·A","millivolt - ampere"
D44,4469812,"var","var"
K5,19253,"kvar","kilovolt ampere (reactive)"
KVR,4937298,"kvar","kilovar"
MAR,5062994,"mvar","megavar"
N91,5126449,"1/J","reciprocal joule"
M30,5059376,"1/(V·A·s)","reciprocal volt - ampere reciprocal second"
M17,5058871,"kHz·m","kilohertz metre"
M18,5058872,"GHz·m","gigahertz metre"
M27,5059127,"MHz·m","megahertz metre"
M21,5059121,"1/kVAh","reciprocal kilovolt - ampere reciprocal hour"
H34,4731700,"Hz·m","hertz metre"
H39,4731705,"MHz·km","megahertz kilometre"
C84,4405300,"rad/m","radian per metre"
JM,19021,"MJ/m³","megajoule per cubic metre"
B14,4337972,"J/m⁴","joule per metre to the fourth power"
B13,4337971,"J/m²","joule per square metre"
D1,17457,"s⁻¹/sr","reciprocal second per steradian"
D2,17458,"s⁻¹/(sr·m²)","reciprocal second per steradian metre squared"
C99,4405561,"s⁻¹/m²","reciprocal second per metre squared"
C93,4405555,"m⁻²","reciprocal square metre"
H47,4731959,"W/m³","watt per cubic metre"
H74,4732724,"W/m","watt per metre"
E43,4535347,"J/cm²","joule per square centimetre"
P37,5255991,"BtuIT/ft²","British thermal unit (international table) per square foot"
P38,5255992,"Btuth/ft²","British thermal unit (thermochemical) per square foot"
P39,5255993,"calth/cm²","calorie (thermochemical) per square centimetre"
P40,5256240,"Ly","langley"
D57,4470071,"W/sr","watt per steradian"
D58,4470072,"W/(sr·m²)","watt per steradian square metre"
D56,4470070,"W/(m²·K⁴)","watt per square metre kelvin to the fourth power"
D18,4469048,"m·K","metre kelvin"
CDL,4408396,"cd","candela"
P33,5255987,"kcd","kilocandela"
P34,5255988,"mcd","millicandela"
P35,5255989,"HK","Hefner-Kerze"
P36,5255990,"IK","international candle"
LUM,5002573,"lm","lumen"
B62,4339250,"lm·s","lumen second"
B59,4339001,"lm·h","lumen hour"
A24,4272692,"cd/m²","candela per square metre"
P28,5255736,"cd/in²","candela per square inch"
P29,5255737,"ftL","footlambert"
P30,5255984,"Lb","lambert"
P31,5255985,"sb","stilb"
P32,5255986,"cd/ft²","candela per square foot"
B60,4339248,"lm/m²","lumen per square metre"
LUX,5002584,"lx","lux"
KLX,4934744,"klx","kilolux"
P25,5255733,"lm/ft²","lumen per square foot"
P26,5255734,"ph","phot"
P27,5255735,"ftc","footcandle"
B64,4339252,"lx·s","lux second"
B63,4339251,"lx·h","lux hour"
B61,4339249,"lm/W","lumen per watt"
D22,4469298,"m²/mol","square metre per mole"
D9,17465,"dyn/cm²","dyne per square centimetre"
A60,4273712,"erg/cm³","erg per cubic centimetre"
C32,4404018,"mW/m²","milliwatt per square metre"
D85,4470837,"µW/m²","microwatt per square metre"
C76,4405046,"pW/m²","picowatt per square metre"
A64,4273716,"erg/(s·cm²)","erg per second square centimetre"
C67,4404791,"Pa· s/m","pascal second per metre"
A50,4273456,"dyn·s/cm³","dyne second per cubic centimetre"
C66,4404790,"Pa·s/m³","pascal second per cubic metre"
A52,4273458,"dyn·s/cm⁵","dyne second per centimetre to the fifth power"
M32,5059378,"Pa·s/l","pascal second per litre"
C58,4404536,"N·s/m","newton second per metre"
A51,4273457,"dyn·s/cm","dyne second per centimetre"
P43,5256243,"B/m","bel per metre"
H51,4732209,"dB/km","decibel per kilometre"
H52,4732210,"dB/m","decibel per metre"
P42,5256242,"Pa²·s","pascal squared second"
P41,5256241,"dec","decade (logarithmic)"
C34,4404020,"mol","mole"
B45,4338741,"kmol","kilomole"
C18,4403512,"mmol","millimole"
FH,17992,"µmol","micromole"
P44,5256244,"lbmol","pound mole"
C95,4405557,"mol⁻¹","reciprocal mole"
D74,4470580,"kg/mol","kilogram per mole"
A94,4274484,"g/mol","gram per mole"
A40,4273200,"m³/mol","cubic metre per mole"
A37,4272951,"dm³/mol","cubic decimetre per mole"
A36,4272950,"cm³/mol","cubic centimetre per mole"
B58,4339000,"l/mol","litre per mole"
B15,4337973,"J/mol","joule per mole"
B44,4338740,"kJ/mol","kilojoule per mole"
B16,4337974,"J/(mol·K)","joule per mole kelvin"
C86,4405302,"m⁻³","reciprocal cubic metre"
H50,4732208,"cm⁻³","reciprocal cubic centimetre"
L20,4993584,"1/mm³","reciprocal cubic millimetre"
K20,4928048,"1/ft³","reciprocal cubic foot"
K49,4928569,"1/in³","reciprocal cubic inch"
K63,4929075,"1/l","reciprocal litre"
M10,5058864,"1/yd³","reciprocal cubic yard"
C36,4404022,"mol/m³","mole per cubic metre"
C38,4404024,"mol/l","mole per litre"
C35,4404021,"mol/dm³","mole per cubic decimetre"
B46,4338742,"kmol/m³","kilomole per cubic metre"
E95,4536629,"mol/s","mole per second"
M33,5059379,"mmol/l","millimole per litre"
P51,5256497,"(mol/kg)/Pa","mol per kilogram pascal"
P52,5256498,"(mol/m³)/Pa","mol per cubic metre pascal"
K59,4928825,"(kmol/m³)/K","kilomole per cubic metre kelvin"
K60,4929072,"(kmol/m³)/bar","kilomole per cubic metre bar"
K93,4929843,"1/psi","reciprocal psi"
L24,4993588,"(mol/kg)/K","mole per kilogram kelvin"
L25,4993589,"(mol/kg)/bar","mole per kilogram bar"
L26,4993590,"(mol/l)/K","mole per litre kelvin"
L27,4993591,"(mol/l)/bar","mole per litre bar"
L28,4993592,"(mol/m³)/K","mole per cubic metre kelvin"
L29,4993593,"(mol/m³)/bar","mole per cubic metre bar"
C19,4403513,"mol/kg","mole per kilogram"
D93,4471091,"s/m³","second per cubic metre"
D87,4470839,"mmol/kg","millimole per kilogram"
H68,4732472,"mmol/g","millimole per gram"
P47,5256247,"kmol/kg","kilomole per kilogram"
P48,5256248,"lbmol/lb","pound mole per pound"
KAT,4931924,"kat","katal"
E94,4536628,"kmol/s","kilomole per second"
P45,5256245,"lbmol/s","pound mole per second"
P46,5256246,"lbmol/h","pound mole per minute"
D43,4469811,"u","unified atomic mass unit"
A27,4272695,"C·m²/V","coulomb metre squared per volt"
A32,4272946,"C/mol","coulomb per mole"
D12,4469042,"S·m²/mol","siemens square metre per mole"
K58,4928824,"kmol/h","kilomole per hour"
K61,4929073,"kmol/min","kilomole per minute"
L23,4993587,"mol/h","mole per hour"
L30,4993840,"mol/min","mole per minute"
C82,4405298,"rad·m²/mol","radian square metre per mole"
C83,4405299,"rad·m²/kg","radian square metre per kilogram"
P49,5256249,"N·m²/A","newton square metre per ampere"
P50,5256496,"Wb·m","weber metre"
Q30,5321520,"pH","pH (potential of Hydrogen)"
B18,4337976,"J·s","joule second"
A10,4272432,"A·m²/(J·s)","ampere square metre per joule second"
CUR,4412754,"Ci","curie"
MCU,5063509,"mCi","millicurie"
M5,19765,"µCi","microcurie"
2R,12882,"kCi","kilocurie"
BQL,4346188,"Bq","becquerel"
GBQ,4670033,"GBq","gigabecquerel"
2Q,12881,"kBq","kilobecquerel"
4N,13390,"MBq","megabecquerel"
H08,4730936,"µBq","microbecquerel"
A42,4273202,"Ci/kg","curie per kilogram"
A18,4272440,"Bq/kg","becquerel per kilogram"
B67,4339255,"MBq/kg","megabecquerel per kilogram"
B25,4338229,"kBq/kg","kilobecquerel per kilogram"
A19,4272441,"Bq/m³","becquerel per cubic metre"
A14,4272436,"b","barn"
D24,4469300,"m²/sr","square metre per steradian"
A17,4272439,"b/sr","barn per steradian"
D20,4469296,"m²/J","square metre per joule"
A15,4272437,"b/eV","barn per electronvolt"
D16,4469046,"cm²/erg","square centimetre per erg"
D25,4469301,"m²/(sr·J)","square metre per steradian joule"
A16,4272438,"b/(sr·eV)","barn per steradian electronvolt"
D17,4469047,"cm²/(sr·erg)","square centimetre per steradian erg"
B81,4339761,"m⁻²/s","reciprocal metre squared reciprocal second"
A65,4273717,"erg/(cm²·s)","erg per square centimetre second"
D21,4469297,"m²/kg","square metre per kilogram"
B12,4337970,"J/m","joule per metre"
A54,4273460,"eV/m","electronvolt per metre"
A58,4273464,"erg/cm","erg per centimetre"
D73,4470579,"J·m²","joule square metre"
A55,4273461,"eV·m²","electronvolt square metre"
A66,4273718,"erg·cm²","erg square centimetre"
B20,4338224,"J·m²/kg","joule square metre per kilogram"
A56,4273462,"eV·m²/kg","electronvolt square metre per kilogram"
A67,4273719,"erg·cm²/g","erg square centimetre per gram"
D26,4469302,"m²/(V·s)","square metre per volt second"
H58,4732216,"m/(V·s)","metre per volt second"
C87,4405303,"m⁻³/s","reciprocal cubic metre per second"
A95,4274485,"Gy","gray"
C13,4403507,"mGy","milligray"
C80,4405296,"rad","rad"
A61,4273713,"erg/g","erg per gram"
D13,4469043,"Sv","sievert"
C28,4403768,"mSv","millisievert"
D91,4471089,"rem","rem"
L31,4993841,"mrem","milliroentgen aequivalent men"
A96,4274486,"Gy/s","gray per second"
A62,4273714,"erg/g·s","erg per gram second"
CKG,4410183,"C/kg","coulomb per kilogram"
C8,17208,"mC/kg","millicoulomb per kilogram"
2C,12867,"R","roentgen"
2Y,12889,"mR","milliroentgen"
J53,4863283,"C·m²/kg","coulomb square metre per kilogram"
KR,19282,"kR","kiloroentgen"
A31,4272945,"C/(kg·s)","coulomb per kilogram second"
D6,17462,"R/s","roentgen per second"
P54,5256500,"mGy/s","milligray per second"
P55,5256501,"µGy/s","microgray per second"
P56,5256502,"nGy/s","nanogray per second"
P57,5256503,"Gy/min","gray per minute"
P58,5256504,"mGy/min","milligray per minute"
P59,5256505,"µGy/min","microgray per minute"
P60,5256752,"nGy/min","nanogray per minute"
P61,5256753,"Gy/h","gray per hour"
P62,5256754,"mGy/h","milligray per hour"
P63,5256755,"µGy/h","microgray per hour"
P64,5256756,"nGy/h","nanogray per hour"
P65,5256757,"Sv/s","sievert per second"
P66,5256758,"mSv/s","millisievert per second"
P67,5256759,"µSv/s","microsievert per second"
P68,5256760,"nSv/s","nanosievert per second"
P69,5256761,"rem/s","rem per second"
P70,5257008,"Sv/h","sievert per hour"
P71,5257009,"mSv/h","millisievert per hour"
P72,5257010,"µSv/h","microsievert per hour"
P73,5257011,"nSv/h","nanosievert per hour"
P74,5257012,"Sv/min","sievert per minute"
P75,5257013,"mSv/min","millisievert per minute"
P76,5257014,"µSv/min","microsievert per minute"
P77,5257015,"nSv/min","nanosievert per minute"
P78,5257016,"1/in²","reciprocal square inch"
P53,5256499,"unit pole","unit pole"
C85,4405301,"Å⁻¹","reciprocal angstrom"
D94,4471092,"s/(rad·m³)","second per cubic metre radian"
C90,4405552,"J⁻¹/m³","reciprocal joule per cubic metre"
C88,4405304,"eV⁻¹/m³","reciprocal electron volt per cubic metre"
A38,4272952,"m³/C","cubic metre per coulomb"
D48,4469816,"V/K","volt per kelvin"
D49,4469817,"mV/K","millivolt per kelvin"
A6,16694,"A/(m²·K²)","ampere per square metre kelvin squared"
33,13107,"kPa·m²/g","kilopascal square metre per gram"
P79,5257017,"Pa/(kg/m²)","pascal square metre per kilogram"
34,13108,"kPa/mm","kilopascal per millimetre"
H42,4731954,"Pa/m","pascal per metre"
H69,4732473,"pPa/km","picopascal per kilometre"
P80,5257264,"mPa/m","millipascal per metre"
P81,5257265,"kPa/m","kilopascal per metre"
P82,5257266,"hPa/m","hectopascal per metre"
P83,5257267,"Atm/m","standard atmosphere per metre"
P84,5257268,"at/m","technical atmosphere per metre"
P85,5257269,"Torr/m","torr per metre"
P86,5257270,"psi/in","psi per inch"
35,13109,"ml/(cm²·s)","millilitre per square centimetre second"
P87,5257271,"(m³/s)/m²","cubic metre per second square metre"
OPM,5197901,"o/min","oscillations per minute"
KNM,4935245,"KN/m2","kilonewton per square metre"
Q35,5321525,"MW/min","megawatts per minute"
38,13112,"oz/(ft²/cin)","ounce per square foot per 0,01inch"
59,13625,"ppm","part per million"
61,13873,"ppb","part per billion (US)"
66,13878,"Oe","oersted"
76,14134,"Gs","gauss"
78,14136,"kGs","kilogauss"
2G,12871,"V","volt AC"
2H,12872,"V","volt DC"
2P,12880,"kbyte","kilobyte"
4L,13388,"Mbyte","megabyte"
A43,4273203,"dwt","deadweight tonnage"
A47,4273207,"dtex (g/10km)","decitex"
A49,4273209,"den (g/9 km)","denier"
A99,4274489,"bit","bit"
AB,16706,"pk","bulk pack"
AD,16708,"byte","byte"
B1,16945,"barrel (US)/d","barrel (US) per day"
B10,4337968,"bit/s","bit per second"
B30,4338480,"Gibit","gibibit"
B65,4339253,"Mx","maxwell"
B68,4339256,"Gbit","gigabit"
B80,4339760,"Gbit/s","gigabit per second"
BFT,4343380,"fbm","board foot"
BPM,4345933,"BPM","beats per minute"
C21,4403761,"Kibit","kibibit"
C37,4404023,"kbit","kilobit"
C74,4405044,"kbit/s","kilobit per second"
C79,4405049,"kVAh","kilovolt ampere hour"
D03,4468787,"kW·h/h","kilowatt hour per hour"
D11,4469041,"Mibit","mebibit"
D34,4469556,"tex (g/km)","tex"
D36,4469558,"Mbit","megabit"
D78,4470584,"MJ/s","megajoule per second"
DZN,4479566,"DOZ","dozen"
E07,4534327,"MW·h/h","megawatt hour per hour"
E08,4534328,"MW/Hz","megawatt per hertz"
E10,4534576,"deg da","degree day"
E16,4534582,"BtuIT/h","million Btu(IT) per hour"
E17,4534583,"ft³/s","cubic foot per second"
E20,4534832,"Mbit/s","megabit per second"
E31,4535089,"m²/l","square metre per litre"
E32,4535090,"l/h","litre per hour"
E34,4535092,"Gbyte","gigabyte"
E35,4535093,"Tbyte","terabyte"
E36,4535094,"Pbyte","petabyte"
E39,4535097,"dpi","dots per inch"
E40,4535344,"ppht","part per hundred thousand"
E44,4535348,"kgf·m/cm²","kilogram-force metre per square centimetre"
E46,4535350,"kW·h/m³","kilowatt hour per cubic metre"
E47,4535351,"kW·h/K","kilowatt hour per kelvin"
E58,4535608,"Ebit/s","exabit per second"
E59,4535609,"Eibyte","exbibyte"
E60,4535856,"Pibyte","pebibyte"
E61,4535857,"Tibyte","tebibyte"
E62,4535858,"Gibyte","gibibyte"
E63,4535859,"Mibyte","mebibyte"
E64,4535860,"Kibyte","kibibyte"
E65,4535861,"Eibit/m","exbibit per metre"
E66,4535862,"Eibit/m²","exbibit per square metre"
E67,4535863,"Eibit/m³","exbibit per cubic metre"
E68,4535864,"Gbyte/s","gigabyte per second"
E69,4535865,"Gibit/m","gibibit per metre"
E70,4536112,"Gibit/m²","gibibit per square metre"
E71,4536113,"Gibit/m³","gibibit per cubic metre"
E72,4536114,"Kibit/m","kibibit per metre"
E73,4536115,"Kibit/m²","kibibit per square metre"
E74,4536116,"Kibit/m³","kibibit per cubic metre"
E75,4536117,"Mibit/m","mebibit per metre"
E76,4536118,"Mibit/m²","mebibit per square metre"
E77,4536119,"Mibit/m³","mebibit per cubic metre"
E78,4536120,"Pbit","petabit"
E79,4536121,"Pbit/s","petabit per second"
E80,4536368,"Pibit/m","pebibit per metre"
E81,4536369,"Pibit/m²","pebibit per square metre"
E82,4536370,"Pibit/m³","pebibit per cubic metre"
E83,4536371,"Tbit","terabit"
E84,4536372,"Tbit/s","terabit per second"
E85,4536373,"Tibit/m","tebibit per metre"
E86,4536374,"Tibit/m³","tebibit per cubic metre"
E87,4536375,"Tibit/m²","tebibit per square metre"
E88,4536376,"bit/m","bit per metre"
E89,4536377,"bit/m²","bit per square metre"
E90,4536624,"cm⁻¹","reciprocal centimetre"
E91,4536625,"d⁻¹","reciprocal day"
F01,4599857,"bit/m³","bit per cubic metre"
FC,17987,"kft³","thousand cubic foot"
FIT,4606292,"FIT","failures in time"
GB,18242,"gal (US)/d","gallon (US) per day"
GFI,4671049,"gi F/S","gram of fissile isotope"
GIA,4671809,"gi (US)","gill (US)"
GII,4671817,"gi (UK)","gill (UK)"
GRO,4674127,"gr","gross"
H25,4731445,"%/K","percent per kelvin"
H71,4732721,"%/mo","percent per month"
H72,4732722,"%/hbar","percent per hectobar"
H73,4732723,"%/daK","percent per decakelvin"
H77,4732727,"MW","module width"
H80,4732976,"U or RU","rack unit"
H82,4732978,"bp","big point"
H89,4732985,"%/Ω","percent per ohm"
H90,4733232,"%/°","percent per degree"
H91,4733233,"%/10000","percent per ten thousand"
H92,4733234,"%/100000","percent per one hundred thousand"
H93,4733235,"%/100","percent per hundred"
H94,4733236,"%/1000","percent per thousand"
H95,4733237,"%/V","percent per volt"
H96,4733238,"%/bar","percent per bar"
H98,4733240,"%/in","percent per inch"
H99,4733241,"%/m","percent per metre"
HMQ,4738385,"Mm³","million cubic metre"
J10,4862256,"%/mm","percent per millimetre"
J12,4862258,"‰/psi","per mille per psi"
J13,4862259,"°API","degree API"
J14,4862260,"°Bé","degree Baume (origin scale)"
J15,4862261,"°Bé (US heavy)","degree Baume (US heavy)"
J16,4862262,"°Bé (US light)","degree Baume (US light)"
J17,4862263,"°Balling","degree Balling"
J18,4862264,"°Bx","degree Brix"
J27,4862519,"°Oechsle","degree Oechsle"
J31,4862769,"°Tw","degree Twaddell"
J38,4862776,"Bd","baud"
J54,4863284,"MBd","megabaud"
K3,19251,"kvar·h","kilovolt ampere reactive hour"
K50,4928816,"kBd","kilobaud"
KCC,4932419,"kg C₅ H₁₄ClNO","kilogram of choline chloride"
KDW,4932695,"kg/net eda","kilogram drained net weight"
KHY,4933721,"kg H₂O₂","kilogram of hydrogen peroxide"
KMA,4934977,"kg met.am.","kilogram of methylamine"
KNI,4935241,"kg N","kilogram of nitrogen"
KPH,4935752,"kg KOH","kilogram of potassium hydroxide (caustic potash)"
KPO,4935759,"kg K₂O","kilogram of potassium oxide"
KSD,4936516,"kg 90 % sdt","kilogram of substance 90 % dry"
KSH,4936520,"kg NaOH","kilogram of sodium hydroxide (caustic soda)"
KUR,4937042,"kg U","kilogram of uranium"
KWO,4937551,"kg WO₃","kilogram of tungsten trioxide"
M19,5058873,"Bft","Beaufort"
M25,5059125,"%/°C","percent per degree Celsius"
M36,5059382,"mo (30 days)","30-day month"
M37,5059383,"y (360 days)","actual/360"
M9,19769,"MBTU/kft³","million Btu per 1000 cubic foot"
MAH,5062984,"Mvar·h","megavolt ampere reactive hour"
NIL,5130572,"()","nil"
NX,20056,"‰","part per thousand"
P1,20529,"% or pct","percent"
P88,5257272,"rhe","rhe"
P89,5257273,"lbf·ft/in","pound-force foot per inch"
P90,5257520,"lbf·in/in","pound-force inch per inch"
P91,5257521,"perm (0 ºC)","perm (0 ºC)"
P92,5257522,"perm (23 ºC)","perm (23 ºC)"
P93,5257523,"byte/s","byte per second"
P94,5257524,"kbyte/s","kilobyte per second"
P95,5257525,"Mbyte/s","megabyte per second"
P96,5257526,"1/V","reciprocal volt"
P97,5257527,"1/rad","reciprocal radian"
P98,5257528,"PaΣνB","pascal to the power sum of stoichiometric numbers"
P99,5257529,"(mol/m³)∑νB","mole per cubiv metre to the power sum of stoichiometric numbers"
PLA,5262401,"°P","degree Plato"
PQ,20561,"ppi","page per inch"
PTN,5264462,"PTN","portion"
Q10,5321008,"J/T","joule per tesla"
Q11,5321009,"E","erlang"
Q12,5321010,"o","octet"
Q13,5321011,"o/s","octet per second"
Q14,5321012,"Sh","shannon"
Q15,5321013,"Hart","hartley"
Q16,5321014,"nat","natural unit of information"
Q17,5321015,"Sh/s","shannon per second"
Q18,5321016,"Hart/s","hartley per second"
Q19,5321017,"nat/s","natural unit of information per second"
Q20,5321264,"s/kg","second per kilogramm"
Q21,5321265,"W·m²","watt square metre"
Q22,5321266,"1/(Hz·rad·m³)","second per radian cubic metre"
Q23,5321267,"1/Wb","weber to the power minus one"
Q24,5321268,"1/in","reciprocal inch"
Q25,5321269,"dpt","dioptre"
Q26,5321270,"1/1","one per one"
Q27,5321271,"N·m/m²","newton metre per metre"
Q28,5321272,"kg/(m²·Pa·s)","kilogram per square metre pascal second"
Q36,5321526,"m2/m3","square metre per cubic metre"
QR,20818,"qr","quire"
QTR,5330002,"Qr (UK)","quarter (UK)"
TAN,5521742,"TAN","total acid number"
TKM,5524301,"t·km","tonne kilometre"
TPI,5525577,"TPI","teeth per inch"
TQD,5525828,"km³/d","thousand cubic metre per day"
VA,22081,"V·A / kg","volt - ampere per kilogram"
WA,22337,"W/kg","watt per kilogram"
WSD,5722948,"std","standard"
